job_idx,cv_col,score_a,score_b,judge_score,reasoning,delta_a,delta_b,closer_system
0,cv_1,85,53,55,"The candidate has relevant skills in Python, SQL, and data pipeline automation, but lacks explicit experience with PyTorch, Scikit-learn, and AI model development required for the role. Their focus on Power BI and reporting aligns partially with dashboard creation but misses core machine learning requirements.",30.0,2.0,B
0,cv_2,20,35,35,"The candidate has software engineering experience with web technologies (Angular, ReactJS) but lacks explicit Python, SQL, and AI/ML tool (PyTorch, Scikit-learn) proficiency required for the data science role. The CV mentions general programming skills but no direct alignment with data pipeline or analytical model development.",15.0,0.0,B
0,cv_3,40,37,50,"The candidate has a strong engineering background and cloud expertise, but lacks explicit mention of critical data science tools like Python, PyTorch, or Scikit-learn required for the role. Their skills partially align with infrastructure aspects but miss core AI/ML requirements.",10.0,13.0,A
0,cv_4,20,52,20,"The candidate's profile is focused on frontend development (React/NodeJS) with no mention of Python, SQL, or machine learning frameworks required for the Data Science role. While they have 11 years of experience, the technical skills and project scope do not align with the job's core requirements.",0.0,32.0,A
0,cv_5,85,39,70,"The candidate has strong experience in machine learning, deep learning, and relevant tools like PyTorch and Scikit-learn, aligning well with the technical requirements. However, there is no explicit mention of SQL proficiency, which is a key requirement in the job description, and limited evidence of collaboration with business teams. The absence of SQL creates a notable gap despite other strengths.",15.0,31.0,A
1,cv_1,85,55,75,"The candidate has 3+ years of ML experience with Python and NLP, aligning with core requirements. However, the CV lacks explicit mention of TensorFlow/PyTorch (critical stack components) and data pipeline development. Their focus on biomedical AI and NLP may not fully match the job's emphasis on general ML model deployment and prediction performance optimization.",10.0,20.0,A
1,cv_2,85,30,50,"The candidate has relevant ML engineering experience and NLP skills, but the CV lacks explicit mentions of critical requirements like TensorFlow/PyTorch, data pipeline development, and model monitoring. The TCS role aligns partially with the job's mission, but key technical stack components are missing.",35.0,20.0,B
1,cv_3,85,37,55,"The candidate has relevant data engineering and machine learning experience, including Python and data pipeline tools like Airflow. However, the job requires specific deep learning frameworks (TensorFlow/PyTorch) which are not mentioned in the CV. The lack of explicit experience with model deployment and monitoring also creates a gap in alignment.",30.0,18.0,B
1,cv_4,20,43,35,"The candidate has strong full-stack web development experience but lacks explicit machine learning/deep learning expertise required for the role. While Python proficiency is present, critical ML frameworks like TensorFlow/PyTorch and data pipeline experience are missing from the CV.",15.0,8.0,B
1,cv_5,20,26,18,"The candidate is a senior mobile/web developer with no mention of machine learning, deep learning frameworks (TensorFlow/PyTorch), or data pipeline experience required for the role. Their technical stack focuses on front-end development (Angular, JavaScript) rather than the Python-centric ML stack specified in the job description.",2.0,8.0,A
10,cv_1,85,52,50,"The candidate has relevant data analysis experience and Python/SQL skills, but lacks explicit mention of R/SAS and machine learning model development required in the job. The CV emphasizes Power BI and Azure over the specified tech stack (NumPy, Scikit-learn), and while data pipeline experience is present, the econometrics/statistics focus is missing. Partial match with key requirements unmet.",35.0,2.0,B
10,cv_2,80,49,50,"The candidate has relevant Python and machine learning experience, but lacks explicit econometrics/statistical modeling expertise emphasized in the job. The CV focuses on computer vision and GANs rather than the data pipeline and explanatory model-building required. No mention of R/SAS proficiency or business presentation skills.",30.0,1.0,B
10,cv_3,20,33,50,"The candidate has a relevant engineering background and cloud/DevOps expertise, but lacks explicit mention of data science tools (Python/R/SAS), machine learning libraries (Scikit-learn), and statistical modeling experience required for the role. The CV emphasizes infrastructure over data analysis, meeting only partial requirements.",30.0,17.0,B
10,cv_4,20,28,18,"The candidate's profile focuses on robotics, product design, and mechanical engineering, with no mention of data science, econometrics, or relevant technical skills (Python/R/SAS, machine learning libraries). The job requires statistical analysis and predictive modeling expertise, which are entirely absent from the CV.",2.0,10.0,A
10,cv_5,20,32,0,"The candidate's profile is entirely focused on mobile/web development (Angular, Node.js, HTML/CSS) with no mention of data science, econometrics, or statistical modeling skills. There is zero overlap with the required technical stack (Python, R, SAS, Scikit-learn) or analytical competencies specified in the job description.",20.0,32.0,A
11,cv_1,85,54,65,"The candidate has relevant skills in Python, SQL, and data pipeline automation, aligning with some job requirements. However, they lack explicit experience with R, Hadoop/Spark (Big Data tools), and predictive modeling, which are critical for the Data Scientist role. Their focus on reporting and dashboards suggests a more analytical than scientific profile.",20.0,11.0,B
11,cv_2,80,38,50,"The candidate has AWS cloud certifications and systems engineering experience, but lacks explicit data science skills (Python/R/SQL), predictive modeling experience, and business growth analytics mentioned in the job description. The profile partially aligns with infrastructure/cloud roles but misses core data science requirements.",30.0,12.0,B
11,cv_3,20,34,25,"The candidate's profile focuses on full-stack development (ASP.NET, Angular) with limited overlap in data science tools (only SQL mentioned). Key requirements like Python/R, Big Data technologies, and data-driven business growth experience are entirely absent. The role requires data science expertise not demonstrated here.",5.0,9.0,A
11,cv_4,85,54,70,"The candidate has strong experience in data engineering and machine learning projects, with relevant tools like Python and Airflow. However, key requirements like R, SQL, Hadoop, and Spark are missing from their skillset, and the job emphasizes statistical expertise which isn't explicitly demonstrated. Partial match with critical gaps.",15.0,16.0,A
11,cv_5,80,54,70,"The candidate has strong machine learning and deep learning experience, particularly in geometric deep learning projects. However, the CV lacks explicit mention of R, SQL, and Big Data tools (Hadoop/Spark) emphasized in the job description. While Python is present, the absence of statistical analysis and business growth-focused data projects reduces the match score.",10.0,16.0,A
12,cv_1,40,50,50,"The candidate has relevant AI experience and software development skills, but lacks explicit mention of embedded systems, firmware development, or low-power optimization required for Edge AI. The CV shows partial alignment with the job's technical requirements.",10.0,0.0,B
12,cv_2,60,40,50,"The candidate has strong data science and Python skills relevant to AI, but lacks explicit experience in Edge AI, embedded systems, or firmware development required by the job. Certifications and consulting roles align partially but miss critical hardware/software integration expertise.",10.0,10.0,tie
12,cv_3,80,39,50,"The candidate has relevant DevOps and QA experience with tools like Docker and Python, but lacks explicit expertise in Edge AI, embedded systems design, firmware development, or low-power AI optimization required by the job. Core requirements like hardware-software integration and AI system implementation are unmet.",30.0,11.0,B
12,cv_4,60,45,50,"The candidate has creative and design experience in AR/XR and spatial design, which partially aligns with the job's focus on embedded systems and AI. However, there is no mention of Edge AI, firmware development, or low-power system optimization—core requirements for the role. The profile lacks technical depth in hardware/software integration and AI implementation, leading to a partial match.",10.0,5.0,B
12,cv_5,80,45,60,"The candidate has strong deep learning and machine learning experience, particularly in geometric deep learning and medical imaging projects. However, the CV lacks explicit mention of embedded systems, edge AI, firmware development, or low-power optimization—core requirements in the job description. The partial match stems from overlapping ML skills but missing hardware/systems expertise.",20.0,15.0,B
13,cv_1,80,40,55,"The candidate has relevant full-stack development experience and familiarity with agile methodologies, but lacks explicit mention of PHP, WordPress/Drupal, and Stripe—key technical requirements in the job description. Partial alignment with JavaScript and SQL is present, but critical stack components are missing.",25.0,15.0,B
13,cv_2,80,59,50,"The candidate has experience in interactive systems and game development, which partially aligns with UI/UX aspects. However, the CV lacks explicit mention of required web technologies (PHP, WordPress, Drupal) and backend skills (SQL, Stripe) specified in the job description. The technical stack mismatch is critical for this role.",30.0,9.0,B
13,cv_3,85,39,50,"The candidate has full-stack development experience and skills in Angular, React, and Spring Boot, which partially align with the job's front-end requirements. However, the job specifically requires PHP, WordPress/Drupal, and Stripe—technologies not mentioned in the CV. The lack of direct experience with the required stack reduces the match score to a partial alignment.",35.0,11.0,B
13,cv_4,20,33,25,"The candidate's CV lacks any mention of web development skills (HTML5, PHP, JavaScript, WordPress, etc.) required for the role. While he has programming experience (Matlab) and certifications in telecom systems, these are unrelated to the job's technical stack. His academic awards don't compensate for the missing core competencies.",5.0,8.0,A
13,cv_5,40,28,50,"The candidate has strong machine learning and deep learning expertise but lacks explicit web development skills (PHP, WordPress, Drupal) required by the job. While JavaScript (via NestJS) is partially aligned, the core stack mismatch limits the match to partial alignment.",10.0,22.0,A
14,cv_1,85,50,75,"The candidate has strong cloud and DevOps experience with Azure, Kubernetes, and CI/CD, aligning with key requirements. However, the CV lacks explicit mention of AWS, Jenkins, and GitLab (specific tools mentioned in the job), and the VMware focus may not fully match AWS/Azure emphasis. Senior-level experience is implied but not explicitly stated.",10.0,25.0,A
14,cv_2,20,37,25,"The candidate has full-stack development experience but lacks explicit DevOps skills (cloud infrastructure, CI/CD pipelines, Kubernetes, Ansible) required for the Senior DevOps Engineer role. The CV emphasizes web development (MERN, Angular, Spring Boot) rather than infrastructure automation, security, or monitoring tools mentioned in the job description.",5.0,12.0,A
14,cv_3,20,36,20,"The candidate has 11 years of frontend development experience but lacks explicit DevOps, cloud infrastructure (AWS/Azure), or CI/CD tooling (Kubernetes, Jenkins) expertise required for the role. Their certifications and GitHub activity focus on frontend frameworks, not infrastructure automation or security monitoring.",0.0,16.0,A
14,cv_4,20,33,20,"The candidate's profile is focused on data analysis with skills in Python, Hadoop, and Spark, but lacks critical DevOps competencies like cloud infrastructure (AWS/Azure), CI/CD pipelines, or containerization tools (Kubernetes, Ansible) required for the senior role. No relevant DevOps experience is demonstrated.",0.0,13.0,A
14,cv_5,80,38,50,"The candidate has a top skill listed as DevOps but lacks explicit experience with AWS/Azure, Kubernetes, Jenkins, or Ansible—core requirements for the role. Their experience focuses on machine learning and geometric deep learning projects, which are unrelated to DevOps infrastructure or CI/CD pipelines. Partial alignment exists in GitLab usage and DevOps mention, but critical technical gaps remain.",30.0,12.0,B
15,cv_1,85,39,65,"The candidate has relevant full-stack experience with Java, React, NodeJS, and Express, which aligns with several key requirements. However, critical technologies like Go, Python, PostgreSQL, MongoDB, and Django are missing from their profile. The DevOps and cloud certifications add value but don't compensate for the absence of core backend/database technologies explicitly requested.",20.0,26.0,A
15,cv_2,85,39,50,"The candidate has full-stack experience and Java/Angular skills, but lacks critical required technologies like NodeJS, Express, React, Python, Go, and MongoDB. The CV mentions Vue3 and Spring instead of the specified stack, creating a partial match with key requirements missing.",35.0,11.0,B
15,cv_3,85,40,50,"The candidate has Python/Django experience and Git knowledge, which partially align with the job's requirements. However, critical skills like JavaScript, React, NodeJS, and specific databases (PostgreSQL/MongoDB) are missing. The CV lacks evidence of full-stack capabilities in the required tech stack.",35.0,10.0,B
15,cv_4,20,34,25,"The candidate's profile is focused on telecommunications and electrical engineering, with no mention of the required software development skills (Java, JavaScript, NodeJS, React, etc.) or full-stack development experience. While they have technical project management and troubleshooting skills, these do not align with the job's core requirements for web application development and database management.",5.0,9.0,A
15,cv_5,85,36,50,"The candidate has Python experience and machine learning expertise, which partially aligns with the job's Python requirement. However, critical full-stack skills like JavaScript, NodeJS, React, PostgreSQL, and MongoDB are entirely absent. The CV emphasizes deep learning and DevOps rather than the core web development stack requested.",35.0,14.0,B
16,cv_1,85,42,70,"The candidate has strong data analysis experience with Power BI, Python, SQL, and dashboard creation, aligning with core job requirements. However, the CV lacks explicit mention of SSRS, SSMS, and SSIS (critical tools listed in the job description), which reduces the match score. Overall, the profile is a partial match with missing key technical skills.",15.0,28.0,A
16,cv_2,20,24,22,"The candidate's profile focuses on telecommunications and electrical engineering with no mention of data analysis tools (Power BI, SSRS, etc.) or analytical experience required for the role. While they have project coordination skills, the core technical requirements for a Data Analyst position are entirely missing.",2.0,2.0,tie
16,cv_3,20,44,30,"The candidate has a background in telecommunications and electrical engineering with project coordination experience, which partially aligns with the job's need for cross-departmental collaboration. However, they lack critical data analysis skills (Power BI, SSRS, SSMS, SSIS) and KPI monitoring expertise explicitly required in the role. Their technical focus on network troubleshooting and 4G/5G implementation is unrelated to the data analysis responsibilities outlined.",10.0,14.0,A
16,cv_4,80,33,50,"The candidate has relevant SQL skills and data-related experience but lacks explicit mention of Power BI, SSRS, SSMS, and SSIS required by the job. Their focus on machine learning and NLP aligns partially with data analysis but misses core responsibilities like dashboard creation and KPI monitoring emphasized in the role.",30.0,17.0,B
16,cv_5,80,22,50,"The candidate has strong machine learning and data analysis experience but lacks explicit mention of required tools like Power BI, SSRS, SSMS, and SSIS. The role emphasizes dashboard creation and cross-departmental collaboration, which are not clearly addressed in the CV. Partial alignment with core data analysis skills but missing key technical requirements.",30.0,28.0,B
17,cv_1,85,32,50,"The candidate has relevant experience in DevOps and tools like Terraform, Docker, and GitHub Actions, which align partially with the job requirements. However, critical technologies like Kubernetes, AWS, Prometheus, and Grafana are missing from his skillset, and he uses Microsoft Azure instead of AWS, which is specified in the job description. This creates a partial match with key requirements unmet.",35.0,18.0,B
17,cv_2,80,38,55,"The candidate has relevant DevOps experience and skills in Terraform and Python, which align partially with the job's requirements. However, critical technologies like Kubernetes, AWS, Docker, Prometheus, and Grafana are missing from her profile, which are explicitly listed in the job description. Her experience duration is sufficient, but the lack of key tools reduces the match score.",25.0,17.0,B
17,cv_3,40,38,45,"The candidate has backend development experience and some relevant tools like Git, but lacks explicit mention of critical DevOps technologies (Kubernetes, Terraform, AWS) and responsibilities (CI/CD pipelines, infrastructure automation) required in the job description. The partial overlap in tooling and software development passion earns a mid-range score.",5.0,7.0,A
17,cv_4,40,26,50,"The candidate has strong AI/ML expertise but lacks explicit DevOps skills like Kubernetes, Terraform, or AWS mentioned in the job. Partial overlap in cloud tools and Python frameworks exists, but core DevOps requirements are unmet.",10.0,24.0,A
17,cv_5,80,34,50,"The candidate has a DevOps skill listed but lacks explicit experience with Kubernetes, Terraform, AWS, or CI/CD pipeline implementation mentioned in the job description. Their experience focuses on machine learning research rather than DevOps operations, though they show technical proficiency in related areas.",30.0,16.0,B
18,cv_1,70,56,50,"The candidate has full-stack development experience and Agile methodology knowledge, which aligns partially with the job requirements. However, critical requirements like PHP/Symfony, Docker, MySQL/PostgreSQL, and Doctrine are missing from the CV, while Node.js is emphasized instead. The Oracle experience adds credibility but doesn't compensate for the core tech stack mismatch.",20.0,6.0,B
18,cv_2,85,42,55,"The candidate has strong DevOps and cloud infrastructure experience with Kubernetes/OpenShift and Red Hat certifications, which partially align with the job's DevOps requirements. However, the CV lacks explicit mention of PHP, Symfony, MySQL/PostgreSQL, and front-end development skills required for the full-stack developer role. The core back-end technologies specified in the job description are missing, resulting in a partial match.",30.0,13.0,B
18,cv_3,20,50,30,"The candidate has strong ML/data science experience and digital leadership roles but lacks explicit skills in PHP, Symfony, Docker, or web development frameworks required for the full-stack developer role. Agile and GitLab/GitHub experience may partially align, but core technical requirements are unmet.",10.0,20.0,A
18,cv_4,85,54,45,"The candidate has strong data science and Python-based backend skills (FastAPI, Flask) but lacks the required PHP/Symfony stack, Docker, and Doctrine experience explicitly mentioned in the job description. While Git/GitHub proficiency is present, core full-stack development requirements for this role are not met.",40.0,9.0,B
18,cv_5,80,34,50,"The candidate has relevant DevOps skills and Docker experience, aligning partially with the job's requirements. However, critical requirements like PHP, Symfony, MySQL/PostgreSQL, and Doctrine are missing from the CV, and there's no explicit mention of full-stack development or GitLab/GitHub experience. The focus on machine learning and deep learning is unrelated to the core web development needs of the role.",30.0,16.0,B
19,cv_1,85,33,65,"The candidate has relevant skills in Java, microservices, and DevOps tools like Docker and Jenkins, aligning with key requirements. However, missing critical elements like Groovy, Azure cloud expertise, and specific security tools (Veracode, BlackDuck) reduce the match. The CV lacks explicit mention of team leadership and complex project coordination experience.",20.0,32.0,A
19,cv_2,85,37,50,"The candidate has full-stack development experience and Agile methodologies, which partially align with the job. However, critical requirements like senior DevOps expertise (Jenkins, Docker), AI experience, and cloud technologies (Azure) are missing. The role demands senior-level skills in these areas, which the CV does not demonstrate.",35.0,13.0,B
19,cv_3,80,37,50,"The candidate has relevant skills in Python, microservices, and data science, but lacks explicit experience with Java, Groovy, Docker, Jenkins, Ansible, and Azure required by the job. The role emphasizes DevOps and software engineering leadership, which are only partially addressed in the CV.",30.0,13.0,B
19,cv_4,20,31,25,"The candidate's profile focuses on mechanical engineering, robotics, and product design with no mention of software development, AI, or DevOps expertise required by the job. While some technical skills overlap (e.g., robotics), core requirements like Python/Java/Groovy, Docker, Jenkins, and cloud technologies are entirely absent.",5.0,6.0,A
19,cv_5,85,37,50,"The candidate has relevant AI/ML experience and DevOps skills (Docker, Jenkins), but lacks explicit Java/Groovy proficiency, cloud (Azure) experience, and team leadership mentioned in the job requirements. The CV focuses heavily on machine learning projects rather than full-stack software development or DevOps toolchain mastery.",35.0,13.0,B
20,cv_1,85,45,70,"The candidate has strong full-stack experience with relevant frameworks like React, Angular, and Tailwind CSS, but lacks explicit mention of Next.js and TypeScript required in the job description. UI/UX skills are present, aligning partially with the role's needs.",15.0,25.0,A
20,cv_2,85,45,70,"The candidate has strong full-stack experience with Angular and Java Spring Boot, aligning with the job's general full-stack requirement. However, the job specifically mentions Next.js, TypeScript, and Tailwind CSS, which are not explicitly listed in the CV. The absence of these key technologies reduces the match score despite relevant UI/UX collaboration experience.",15.0,25.0,A
20,cv_3,20,41,15,"The candidate has a DevOps/cloud engineering background with no mention of full-stack web development skills (Next.js, TypeScript, Tailwind CSS) or UI/UX experience required for the role. Their expertise in Azure/CI/CD is unrelated to the core job requirements.",5.0,26.0,A
20,cv_4,20,36,25,"The candidate has a strong data science background with Python and machine learning, but lacks explicit experience or skills in full-stack web development technologies like Next.js, TypeScript, or Tailwind CSS required by the job. Their professional experience aligns more with data science than web development, making them a poor fit for this specific role.",5.0,11.0,A
20,cv_5,20,38,30,"The candidate has strong machine learning expertise and NestJS experience, but lacks explicit Next.js, Tailwind CSS, and UI/UX design skills required for the full-stack web developer role. Their background is research-focused rather than web development-focused, creating a partial match.",10.0,8.0,B
21,cv_1,60,29,50,"The candidate has relevant software development experience and agile methodology knowledge, but lacks explicit expertise in systems, networks, and security required for the Site Trust Engineer role. The CV emphasizes web development and teamwork but doesn't address critical infrastructure or security competencies.",10.0,21.0,A
21,cv_2,85,36,70,"The candidate has strong DevOps/SRE certifications (CKA, CKAD, LFS162) and experience in infrastructure as code, aligning with site reliability requirements. However, the CV lacks explicit network expertise and detailed security experience beyond DevSecOps, which are critical in the job description. The 6-year experience duration supports mid-level qualifications.",15.0,34.0,A
21,cv_3,80,32,55,"The candidate has relevant DevOps and cloud experience with Jenkins/Ansible, but lacks explicit mention of systems reliability, network security, and performance optimization required for the role. Their background is more software-focused than infrastructure/security-centric.",25.0,23.0,B
21,cv_4,80,33,50,"The candidate has strong machine learning and AI expertise but lacks explicit experience in systems engineering, network management, and security operations required for the Site Trust Engineer role. The DevOps certification and collaboration skills partially align, but core technical requirements are unmet.",30.0,17.0,B
21,cv_5,80,28,50,"The candidate has strong machine learning and deep learning experience but lacks explicit mention of systems, networks, and security expertise required for the Site Trust Engineer role. Their technical skills align partially with the job's problem-solving and development aspects, but core infrastructure and operational requirements are missing.",30.0,22.0,B
22,cv_1,85,57,65,"The candidate has relevant cloud experience with Azure, AWS, and GCP, along with DevOps tools like Terraform and Kubernetes. However, the CV lacks explicit mention of .Net, Microsoft ecosystem depth, and specific DevSecOps/security pipeline expertise required. Partial alignment with core job requirements.",20.0,8.0,B
22,cv_2,80,27,50,"The candidate has relevant DevOps and Terraform experience, but lacks explicit Azure/.Net/Microsoft ecosystem expertise required. Security practices in pipelines/containers and cloud-native architecture specifics are not clearly demonstrated.",30.0,23.0,B
22,cv_3,20,30,25,"The candidate has some DevOps and cloud computing experience but lacks explicit Azure, DevSecOps, and Terraform skills required. The CV emphasizes backend development and CMS specialization rather than cloud architecture or infrastructure-as-code expertise.",5.0,5.0,tie
22,cv_4,85,42,50,"The candidate has full-stack development experience with MERN stack and TypeScript, but lacks explicit Azure, DevSecOps, Terraform, or cloud-native architecture skills required by the job. The profile partially aligns with infrastructure concepts but misses critical technical requirements.",35.0,8.0,B
22,cv_5,20,55,25,"The candidate's profile focuses on machine learning and deep learning projects with minimal mention of cloud architecture, Azure, DevSecOps, or Terraform. While 'DevOps' is listed, there's no evidence of infrastructure-as-code or cloud security expertise required by the job. The mismatch in core technical requirements justifies a low score.",5.0,30.0,A
23,cv_1,80,38,50,"The candidate has strong frontend skills in JavaScript, React, and Redux, which partially align with the job's requirements. However, critical backend technologies like PHP7+, Laravel, Symfony, and Magento 2 migration experience are missing from the CV. The role requires a broader full-stack expertise not fully demonstrated here.",30.0,12.0,B
23,cv_2,85,31,50,"The candidate has full-stack experience with Java/Spring and Angular, but lacks critical skills like PHP7+, Magento 2, Laravel/Symfony, and PWA/Strapi CMS required for the role. Their Java expertise aligns partially, but key technology stack mismatches prevent a higher score.",35.0,19.0,B
23,cv_3,80,40,50,"The candidate has strong programming skills and experience with Java/Spring, but lacks critical full-stack web development expertise required (Magento, NextJs, Laravel, Symfony, PHP, etc.). Teaching experience doesn't align with the technical requirements. Partial match on general software engineering skills but misses key job-specific technologies.",30.0,10.0,B
29,cv_1,85,44,65,"The candidate has strong CI/CD, cloud (Azure/AWS), and infrastructure automation skills (Kubernetes, Terraform) matching key requirements. However, the job emphasizes PHP/Symfony backend development which is not mentioned in the CV. The candidate's focus appears more on cloud infrastructure than backend application development.",20.0,21.0,A
29,cv_2,80,45,50,"The candidate has backend experience with Java, Kafka, and DataDog, but lacks critical skills like PHP, Symfony, and cloud platforms (AWS, Azure AKS) explicitly required in the job description. While they demonstrate full-stack capabilities, the absence of key technologies listed in the role's technical requirements prevents a higher score.",30.0,5.0,B
29,cv_3,85,45,50,"The candidate has backend development experience and familiarity with CI/CD tools (Jenkins, Git), but lacks explicit PHP/Symfony expertise required by the job. While they work with Java/Spring and cloud platforms, the core tech stack mismatch (PHP/Symfony/Doctrine) prevents a higher score.",35.0,5.0,B
29,cv_4,20,31,25,"The candidate's profile focuses on data/AI consulting with SAS, Python, and React, but lacks explicit experience with required backend technologies like PHP, Symfony, Docker, or Kubernetes. While some cloud experience (Azure) is present, core backend development skills and tools specified in the job description are missing.",5.0,6.0,A
29,cv_5,20,42,50,"The candidate has relevant DevOps skills (Docker, Kubernetes) and cloud experience (AWS, Azure), but lacks the core backend development expertise (PHP, Symfony, Doctrine) explicitly required in the job description. Their focus on machine learning and deep learning is unrelated to the backend engineering role.",30.0,8.0,B
30,cv_1,60,38,50,"The candidate has foundational DevOps skills (Docker, GitLab CI/CD, Linux) and ML certifications, but lacks explicit experience with Kubernetes, Jenkins, and production infrastructure management required in the job. As a student, their professional experience in MLOps/data architecture is unproven.",10.0,12.0,A
30,cv_2,20,38,25,"The candidate's profile focuses on full-stack development (React.js, Spring Boot) with no mention of DevOps/MLOps tools (Docker, Kubernetes, Jenkins) or ML infrastructure experience required by the job. While they have technical education, the absence of relevant operational skills and production environment management experience significantly reduces alignment.",5.0,13.0,A
30,cv_3,85,55,75,"The candidate has strong AWS, Linux, Docker, and Jenkins experience aligning with core DevOps requirements. However, the CV lacks explicit mention of Kubernetes (critical for MLOps) and ML model deployment pipelines, which are explicitly required in the job description. The absence of monitoring/security tool specifics also creates a partial mismatch.",10.0,20.0,A
30,cv_4,40,38,35,"The candidate has strong full-stack development experience with Java/Spring and React, but lacks explicit DevOps/MLOps skills required by the job (Docker, Kubernetes, Jenkins, AWS, ML deployment pipelines). The role emphasizes infrastructure management and ML operations, which are not addressed in the CV.",5.0,3.0,B
30,cv_5,85,41,55,"The candidate has strong machine learning experience and mentions DevOps as a top skill, but lacks explicit evidence of hands-on experience with critical DevOps/MLOps tools (Docker, Kubernetes, Jenkins, AWS) and infrastructure management required by the job. The CV focuses on academic projects and ML engineering rather than production deployment or environment management.",30.0,14.0,B
31,cv_1,85,50,70,"The candidate has strong AI/ML experience, cloud-native development skills, and relevant certifications aligning with the job's AI focus. However, the CV lacks explicit mentions of key required technologies like LangChain, spaCy, and SurrealDB, which are critical for the role. The MCP protocol and FastAPI/Docker are covered, but partial gaps in the tech stack reduce the score.",15.0,20.0,A
31,cv_2,80,40,60,"The candidate has relevant experience in FastAPI, Python, and data science, aligning with backend development needs. However, the CV lacks explicit mention of critical requirements like MCP protocol, SurrealDB, LangChain, spaCy, frontend development, and AI agent architecture. The partial match justifies a mid-range score.",20.0,20.0,tie
31,cv_3,80,39,50,"The candidate has full-stack development experience and skills in Java/Angular, which partially align with the job's software engineering requirements. However, the CV lacks explicit mention of AI-specific technologies (FastAPI, Docker, SurrealDB, LangChain, spaCy, MCP) and AI agent architecture, which are critical to the role. The candidate's profile shows general software engineering competence but misses key AI and backend tech stack requirements.",30.0,11.0,B
31,cv_4,70,26,50,"The candidate has backend development experience with REST APIs and full-stack skills, but lacks specific AI/ML frameworks (LangChain, spaCy) and tools (FastAPI, Docker, SurrealDB) required in the job. The SAP and Java focus diverges from the Python-centric AI stack emphasized in the description.",20.0,24.0,A
31,cv_5,85,27,50,"The candidate has strong AI/ML experience (e.g., Deep Learning, Geometric Deep Learning projects) and Python skills, aligning with the AI portion of the role. However, the job requires specific backend/frontend development expertise (FastAPI, Docker, SurrealDB, LangChain, spaCy) and MCP protocol agent architecture, which are not addressed in the CV. The candidate lacks explicit experience with these technologies, making the match partial.",35.0,23.0,B
32,cv_1,40,36,50,"The candidate has relevant skills in full-stack development and Agile methodologies (Scrum), which align with some job requirements. However, the CV lacks explicit mention of Java, CI/CD pipeline experience, and monitoring tools—key technical requirements in the job description. The candidate's academic status and limited professional experience further reduce the match.",10.0,14.0,A
32,cv_2,70,66,50,"The candidate has relevant data analysis experience and collaboration skills, but lacks critical software development expertise required (Java, CI/CD pipelines, software design principles). Certifications and skills align partially with business requirements but not technical implementation aspects.",20.0,16.0,B
32,cv_3,85,45,50,"The candidate has relevant cloud/DevOps experience and CI/CD skills, but lacks explicit Java development experience and software design principles mentioned in the job requirements. The Agile methodology and core software engineering focus are not clearly demonstrated.",35.0,5.0,B
32,cv_4,85,50,50,"The candidate has relevant full-stack development experience and skills in REST APIs/SQL, but lacks explicit Java experience and CI/CD pipeline implementation mentioned in the job requirements. The absence of Java (core requirement) and monitoring tools creates a significant mismatch despite other competencies.",35.0,0.0,B
32,cv_5,85,47,55,"The candidate has relevant DevOps skills and experience with CI/CD pipelines, which align with some job requirements. However, the CV lacks explicit Java experience, software design principles, and Agile methodology details critical for the role. The focus on machine learning and deep learning projects is impressive but not directly aligned with the software engineering position.",30.0,8.0,B
33,cv_1,20,10,15,"The candidate's profile is focused on software engineering and web development, with no relevant experience in procurement, ERP systems (like SAP), or supply chain management required for the role. While soft skills like teamwork are mentioned, the lack of critical technical and operational expertise makes the match very weak.",5.0,5.0,tie
33,cv_2,20,33,0,"The candidate's profile is entirely unrelated to procurement or supply chain management. They have no experience with ERP systems (SAP, MFGPRO, etc.), procurement processes, or the specific tools mentioned in the job description. Their skills are focused on software development (Java, Vue.js, Docker), which does not align with the operational and analytical requirements of the role.",20.0,33.0,A
33,cv_3,20,27,10,"The candidate's profile is entirely misaligned with the job requirements. The role demands procurement expertise, ERP (SAP) proficiency, and supply chain management skills, while the CV highlights cloud engineering, DevOps, and software development experience with no relevant ERP or procurement background.",10.0,17.0,A
33,cv_4,20,36,15,"The candidate's profile is entirely misaligned with the job requirements. The role demands procurement expertise, ERP system knowledge (SAP, MFGPRO, etc.), and supply chain operations, while the CV highlights AI/ML engineering skills, data science certifications, and unrelated technical tools. No relevant experience or competencies for the agro-food procurement position are present.",5.0,21.0,A
33,cv_5,20,23,20,"The candidate's profile is entirely misaligned with the job requirements. They have no procurement experience, ERP system knowledge (SAP/MFGPRO), or familiarity with supply chain tools (BL/AR management). Their expertise in machine learning and software engineering is irrelevant to the purchasing role.",0.0,3.0,A
34,cv_1,40,40,50,"The candidate has relevant Python skills and a Cybersecurity Essentials certification, aligning partially with the role. However, the CV lacks explicit mention of Cisco Packet Tracer, Linux command line expertise, and network security project experience required in the job description.",10.0,10.0,tie
34,cv_2,20,43,40,"The candidate has strong Python skills and machine learning experience, which partially align with the job's technical requirements. However, critical areas like Cisco Packet Tracer, Linux command line expertise, and cybersecurity-specific projects (e.g., password encryption tools) are missing from the CV. The focus on data science rather than network security creates a significant mismatch.",20.0,3.0,B
34,cv_3,85,26,65,"The candidate has Python and Linux skills relevant to the role, along with DevOps experience, but lacks explicit mention of Cisco Packet Tracer, network security projects, and cybersecurity-specific certifications required. The CV shows partial alignment with technical requirements.",20.0,39.0,A
34,cv_4,80,38,35,"The candidate's profile focuses on data analysis and business intelligence (Power BI, Databricks, Excel) with no relevant cybersecurity skills (Python, Linux, Cisco Packet Tracer) required for the role. The experience in dashboard creation and business requirements analysis is unrelated to the technical tasks described in the job description.",45.0,3.0,B
34,cv_5,80,43,50,"The candidate has strong Python and Linux skills, but lacks explicit cybersecurity experience (e.g., network security, Cisco tools, password encryption projects) required by the job. His focus on machine learning and geometric deep learning is unrelated to the cybersecurity tasks listed.",30.0,7.0,B
35,cv_1,85,65,80,"The candidate has 5+ years of experience in data analysis, uses Power BI, SQL, and Python for dashboard automation, which aligns with the job's core requirements. However, the CV lacks explicit mention of MySQL and Excel, which are specified in the job description, slightly reducing the match score.",5.0,15.0,A
35,cv_2,85,49,65,"The candidate has strong technical skills in Python, machine learning, and data science, but lacks explicit experience with Power BI, Excel, and business intelligence tools emphasized in the job description. While SQL/MySQL aligns, the focus on ML research vs. BI/dashboards creates a partial mismatch.",20.0,16.0,B
35,cv_3,85,55,50,"The candidate has strong machine learning and Python skills but lacks explicit mention of Power BI, Excel, and traditional BI tools emphasized in the job description. While SQL/MySQL aligns, the focus on ML/AI versus core data analysis/BI requirements creates a partial match.",35.0,5.0,B
35,cv_4,20,46,25,"The candidate's profile focuses on mechanical engineering, robotics, and product design with no mention of data analysis, business intelligence tools (Power BI, SQL), or dashboard development. Core job requirements like data visualization and BI system implementation are entirely unaddressed, making the match very weak.",5.0,21.0,A
35,cv_5,40,37,50,"The candidate has strong machine learning and deep learning expertise, but lacks explicit experience with business intelligence tools like Power BI and SQL mentioned in the job description. The analytical skills align partially, but the technical stack mismatch reduces the match score.",10.0,13.0,A
36,cv_1,85,52,75,"Majdi Smaoui has relevant certifications (NIST CSF, ISO/IEC 27001) and experience in cybersecurity roles, including incident management and risk analysis. However, the job requires a senior role with direct experience in developing advanced threat detection strategies and coordinating cross-functional teams, which his CV partially addresses but lacks explicit emphasis on leadership in large-scale cybersecurity initiatives.",10.0,23.0,A
36,cv_2,20,37,35,"The candidate has strong data science and analytics skills but lacks direct cybersecurity experience in threat detection, compliance, or incident management. The role requires senior-level security expertise not demonstrated in the CV, resulting in a partial match.",15.0,2.0,B
36,cv_3,85,40,50,"The candidate has cloud infrastructure and DevOps experience with Red Hat and Kubernetes, which partially aligns with cybersecurity infrastructure needs. However, the CV lacks explicit mention of threat analysis, incident management, or compliance expertise required for the Senior Cybersecurity Engineer role. The experience level and core security competencies are insufficiently demonstrated.",35.0,10.0,B
36,cv_4,80,39,50,"The candidate has relevant network support experience with security solutions (Meraki MX appliances) and cloud technologies, but lacks explicit cybersecurity expertise in threat analysis, compliance, and incident management required for the senior role. The CV emphasizes IT operations over specialized security leadership.",30.0,11.0,B
36,cv_5,20,35,25,"The candidate's profile focuses on machine learning and geometric deep learning in healthcare, with no direct cybersecurity experience. The job requires expertise in threat detection, compliance, and incident management, which are not addressed in the CV. While the candidate has technical skills, they are misaligned with the cybersecurity domain.",5.0,10.0,A
37,cv_1,85,59,75,"The candidate has strong experience in Power BI, SQL, and data pipeline automation, aligning with core job requirements. However, the CV lacks explicit mention of Power Query and DAX proficiency, which are explicitly requested in the job description. The absence of these specific tools reduces the match score despite overall relevant experience.",10.0,16.0,A
37,cv_2,40,46,45,"The candidate has strong Python and machine learning skills but lacks explicit experience with Power BI, SQL, and DAX required by the job. Their focus on computer vision and generative AI aligns less with the data analyst role's emphasis on business intelligence tools and data visualization. Partial overlap in data analysis skills exists but key technical requirements are unmet.",5.0,1.0,B
37,cv_3,20,45,30,"The candidate has strong web development skills (React, Angular, Flutter) and problem-solving abilities, but lacks explicit experience with Power BI, SQL, Power Query, or DAX required for the Data Analyst role. Their background is in full-stack development, not data analysis or business intelligence, leading to a partial mismatch with core job requirements.",10.0,15.0,A
37,cv_4,40,29,35,"The candidate lacks explicit experience with Power BI, SQL, Power Query, and DAX required for the Data Analyst role. While they have AI/ML expertise and data science certifications, the core tools specified in the job description are missing, resulting in a partial match.",5.0,6.0,A
37,cv_5,20,43,30,"The candidate has strong machine learning and deep learning experience but lacks explicit skills in Power BI, SQL, Power Query, and DAX required for the Data Analyst role. Their background is research-focused (e.g., geometric deep learning for Alzheimer's classification) rather than data analysis or business intelligence, which misaligns with the job's core requirements.",10.0,13.0,A
38,cv_1,85,28,50,"The candidate has relevant full-stack experience and mentions React and Docker, which partially align with the job's requirements. However, critical technologies like Python/Flask, Elasticsearch, Redis, Kafka, and Ansible/Jenkins are missing from their CV. The experience dates also appear inconsistent (e.g., 2026-present), raising concerns about accuracy.",35.0,22.0,B
38,cv_2,80,30,50,"The candidate has JavaScript/React skills and training experience, which partially align with the job's frontend requirements. However, critical backend technologies like Python/Flask, PostgreSQL, Elasticsearch, and Kafka are missing from his profile. The junior experience level also conflicts with the 'expérimenté' requirement.",30.0,20.0,B
38,cv_3,85,29,50,"The candidate has full-stack experience and Linux skills, which align partially with the job. However, the required stack (Python, Flask, React, PostgreSQL, etc.) is not mentioned, and critical CI/CD tools like Docker/Ansible/Jenkins are absent. The mismatch in core technologies justifies a mid-range score.",35.0,21.0,B
38,cv_4,80,29,50,"The candidate has Agile/Scrum experience and Python/data science skills, but lacks critical full-stack development expertise (React, Flask, PostgreSQL, Docker, etc.) required for the role. The CV emphasizes AI/data science certifications and project management over the technical stack specified in the job description.",30.0,21.0,B
38,cv_5,80,33,35,"The candidate's profile focuses on machine learning and geometric deep learning, with limited mention of full-stack development skills like Flask, React, or PostgreSQL required by the job. While some DevOps tools (Docker) are listed, key technologies like Ansible, Jenkins, and Kafka are missing. The lack of explicit full-stack experience and core technical stack alignment significantly reduces the match score.",45.0,2.0,B
40,cv_1,80,35,50,"The candidate has Full-Stack development skills (Java/Spring Boot, React) and basic ML certifications, aligning partially with the job's Full-Stack requirement. However, they lack advanced Data Science skills (Deep Learning, Predictive Modeling) and critical tools like PySpark, Hadoop, Kafka, AWS/GCP mentioned in the job description.",30.0,15.0,B
40,cv_2,80,33,50,"The candidate has relevant Python and AI/ML skills (Deep Learning, PySpark) and AWS/GCP cloud experience, but lacks explicit full-stack development experience with JavaScript/TypeScript and core Big Data technologies like Hadoop/Kafka. The CV emphasizes Odoo customization over data science deployment, missing key job requirements.",30.0,17.0,B
40,cv_3,85,49,70,"The candidate has strong Data Science and Machine Learning expertise with relevant certifications and experience in Python, which aligns with core job requirements. However, the CV lacks explicit mention of Full Stack development skills (JavaScript/TypeScript/Java), Big Data tools (Hadoop/Kafka), and cloud platforms (AWS/GCP) emphasized in the job description. The partial match on technical stack reduces the score from a perfect match.",15.0,21.0,A
40,cv_4,20,46,20,"The candidate's profile is focused on cybersecurity (penetration testing, certifications like OSEP, CCNA Security) with no mention of data science, machine learning, or full-stack development skills required by the job. Key technical requirements like Python, SQL, Spark, or cloud platforms are absent, making the match very weak.",0.0,26.0,A
40,cv_5,85,42,65,"The candidate demonstrates strong expertise in Deep Learning and Machine Learning, aligning with key technical requirements. However, the CV lacks explicit mention of Full Stack development skills (JavaScript/TypeScript, front-end frameworks), Big Data tools (Hadoop, Kafka), and cloud platforms (AWS/GCP) specified in the job description. The focus on geometric deep learning and NestJS partially overlaps but misses critical full-stack and big data components.",20.0,23.0,A
41,cv_1,85,24,65,"The candidate has 5 years of data analysis experience and uses Python/SQL for data pipelines, which aligns with core requirements. However, the CV lacks explicit mentions of Tableau/Looker (critical tools in the job description) and only vaguely references Excel/Pivot. The absence of these specific visualization tools reduces the match score despite strong overall experience.",20.0,41.0,A
41,cv_2,60,24,30,"The candidate has 7 years of experience as a Site Reliability Engineer with DevOps and cloud expertise, but no explicit mention of data analysis, visualization tools (Tableau/Looker), or Python/PostgreSQL skills required for the Data Analyst role. The CV lacks direct alignment with core job requirements.",30.0,6.0,B
41,cv_3,85,21,50,"The candidate has strong machine learning and NLP expertise with Python, but lacks explicit experience with required tools like Tableau, Looker, and PostgreSQL. The job emphasizes data analysis and visualization, while the CV focuses on computer vision and biomedical signal processing. Core requirements like Pivot and data visualization tools are missing.",35.0,29.0,B
41,cv_4,20,39,20,"The candidate's profile is focused on electronics design engineering with no relevant experience in data analysis, visualization tools (Tableau/Looker), or programming (Python/PostgreSQL) required for the role. Only minimal overlap exists in basic Excel skills.",0.0,19.0,A
41,cv_5,40,19,40,"The candidate has strong machine learning and deep learning experience but lacks explicit mention of required data analysis tools (PostgreSQL, Tableau, Looker) and data visualization skills. While Python is listed, it's contextualized in ML engineering rather than data analysis. The role requires a different technical focus.",0.0,21.0,A
45,cv_1,70,44,55,"The candidate has relevant Java/Spring Boot, Python, and Machine Learning skills aligned with the job's requirements. However, they lack explicit C/C++ experience and image processing expertise mentioned in the job description, which are critical for the role. Their Full-Stack and DevOps focus may not fully address the system design and integration needs.",15.0,11.0,B
45,cv_2,85,43,60,"The candidate has strong ML/NLP experience and Python/Java skills, but lacks explicit C/C++ or image processing expertise mentioned in the job requirements. Partial alignment with core technical needs.",25.0,17.0,B
45,cv_3,85,44,65,"The candidate has strong machine learning and Python/Java skills aligning with part of the requirements, but lacks explicit C/C++ and image processing experience mentioned in the job description. Their web development experience is tangential to the core system design focus.",20.0,21.0,A
45,cv_4,80,43,35,"The candidate's profile focuses on full-stack web/mobile development (Angular, React, Spring Boot) with no mention of C/C++, Python, or systems-level programming required by the job. While Java is listed, the CV lacks critical competencies in machine learning, image processing, and numerical system design emphasized in the job description.",45.0,8.0,B
45,cv_5,40,48,50,"The candidate has Full-Stack development experience and Python knowledge, which partially aligns with the job's requirements. However, they lack explicit experience in C/C++, Java, Object-Oriented Programming, and Image Processing, which are critical for the role. The profile shows general technical competence but misses key specialized skills.",10.0,2.0,B
46,cv_1,85,53,65,"The candidate has relevant frontend skills (Angular, React, Bootstrap) and experience, but lacks explicit mention of Redux and TypeScript required in the job description. The senior-level experience requirement is borderline (2 years listed). Partial match with key technologies missing.",20.0,12.0,B
46,cv_2,20,40,30,"The candidate has UX/UI design training and data analysis experience but lacks explicit frontend development skills (React, Angular, TypeScript) required for the role. Their technical stack focuses on data tools (SQL, R) rather than web development frameworks, and no software development experience is demonstrated.",10.0,10.0,tie
46,cv_3,85,56,50,"The candidate has relevant experience in ReactJS and NodeJS but lacks explicit mention of key required frontend technologies like Redux, Angular, and TypeScript. Their experience is primarily in Android development, which partially aligns with the job's focus on web development. The senior-level requirement is not strongly supported by the CV.",35.0,6.0,B
46,cv_4,40,39,38,"The candidate's profile focuses on data science, machine learning, and backend tools (FastAPI, Flask, Airflow) rather than frontend development. Key frontend technologies like React, Angular, or CSS frameworks are absent, and there's no evidence of senior-level frontend experience required for the role.",2.0,1.0,B
46,cv_5,20,38,30,"The candidate has strong machine learning and backend development experience but lacks explicit frontend skills (React, Angular, HTML/CSS) required for the role. While technical proficiency is evident, the mismatch in core frontend technologies significantly reduces alignment.",10.0,8.0,B
47,cv_1,85,58,70,"The candidate has strong experience in Python, SQL, Power BI, and data pipeline automation, aligning with core job requirements. However, the CV lacks explicit mention of HTML/CSS skills required in the job description, and the internship may prioritize recent academic training over 5+ years of professional experience.",15.0,12.0,B
47,cv_2,80,29,50,"The candidate has strong SAP development experience with Java, Spring Boot, and Angular, but lacks explicit Python, SQL, and Power BI skills required for the Data Analyst role. While there is partial overlap in programming and web development, core data analysis and visualization competencies are missing.",30.0,21.0,B
47,cv_3,80,19,50,"The candidate has strong Python and machine learning skills, but lacks explicit experience with SQL, Power BI, and HTML/CSS required in the job description. While their technical background is solid, the missing tools and focus on computer vision over data analysis create a partial match.",30.0,31.0,A
47,cv_4,20,26,25,"The candidate's profile focuses on electronics engineering and hardware design, with no mention of Python, SQL, or data analysis experience required for the Data Analyst role. While some programming skills (HTML/CSS) are present, core data analysis tools and domain alignment are missing, resulting in a poor match.",5.0,1.0,B
47,cv_5,80,28,65,"The candidate has strong Python/SQL skills and data analysis experience through ML projects, but lacks explicit Power BI proficiency mentioned in the job. Their deep learning focus (Deep Graph CNNs) is technically relevant but not directly aligned with the data analyst role's business intelligence focus. The CV shows technical competence but misses some key tools (Power BI) and business collaboration emphasis required.",15.0,37.0,A
48,cv_1,80,49,65,"The candidate has strong frontend skills in React, TypeScript, and testing tools, aligning with core requirements. However, they lack explicit Web3/blockchain experience (e.g., Ethereum, Solidity, decentralized protocols) and Nx Workspaces mentioned in the job description. Their 3-year React experience is relevant but insufficient for the Web3-specific focus.",15.0,16.0,A
48,cv_2,20,41,35,"The candidate has strong DevOps and backend experience with Go/Python, but lacks explicit frontend Web3 skills (React, Vue, Web3) and JavaScript/TypeScript proficiency required for the role. Partial overlap in CI/CD and cloud-native infrastructure, but core frontend and blockchain development requirements are unmet.",15.0,6.0,B
48,cv_3,85,55,50,"The candidate has strong frontend skills in JavaScript/TypeScript and frameworks like Angular, but lacks explicit experience with Web3, blockchain, React, Vue, and Nx Workspaces required by the job. Their mobile development focus and absence of Web3-specific expertise create a partial match.",35.0,5.0,B
48,cv_4,20,43,30,"The candidate has strong networking and IT operations experience but lacks critical frontend development skills (React, TypeScript, Web3) required for the role. Partial overlap in technical problem-solving and IT certifications exists, but core Web3/frontend expertise is missing.",10.0,13.0,A
48,cv_5,20,39,20,"The candidate's profile focuses on machine learning and deep learning projects with no mention of frontend development, Web3, or blockchain technologies required for the role. While they have technical experience, critical skills like React, Vue, and Web3 integration are entirely absent.",0.0,19.0,A
49,cv_1,60,28,50,"The candidate has project management experience and technical certifications but lacks explicit cybersecurity leadership experience or institutional relations with European/Italian organizations required for the role. Partial alignment with some skills like French/English proficiency and project management, but key security and governance requirements are unmet.",10.0,22.0,A
49,cv_2,60,40,50,"The candidate has strong AI and software engineering skills but lacks explicit cybersecurity leadership experience or institutional relations management required for the role. Partial alignment exists in technical capabilities, but key leadership and security-specific requirements are unmet.",10.0,10.0,tie
49,cv_3,85,46,50,"The candidate has strong technical skills in cloud infrastructure and DevOps but lacks explicit cybersecurity leadership experience, risk management expertise, and institutional relations experience required for the role. While her certifications and technical background are relevant, the job demands specific security leadership and stakeholder management competencies not demonstrated in the CV.",35.0,4.0,B
49,cv_4,80,20,50,"The candidate has strong data science and AI expertise but lacks direct cybersecurity leadership experience, risk management skills, and institutional relations experience required for the role. Partial alignment with technical skills but misses core job requirements.",30.0,30.0,tie
49,cv_5,20,57,45,"The candidate has strong technical skills in machine learning and deep learning but lacks explicit cybersecurity leadership experience, risk management expertise, or institutional partnership experience required for the role. The geographic proximity to Italy is a minor positive, but core job requirements are unmet.",25.0,12.0,B
50,cv_1,85,43,75,"The candidate has strong Python, Django, and ML/NLP experience aligning with core requirements. Missing explicit mention of Django Rest Framework and distributed systems experience reduces the score, but their backend expertise and Unix familiarity suggest partial overlap. The EF SET certification and language skills are irrelevant to technical requirements.",10.0,32.0,A
50,cv_2,85,48,50,"The candidate has strong machine learning and Python skills, aligning with the ML and Python requirements. However, the CV lacks explicit mention of critical technologies like Django, Docker, Git, and Unix systems, which are central to the job description. The absence of distributed systems experience and NLP-specific expertise further reduces the match.",35.0,2.0,B
50,cv_3,85,43,55,"The candidate has strong machine learning expertise and Python skills, aligning with the ML and NLP requirements. However, the CV lacks explicit mentions of required technologies like Django, Docker, Redis, and distributed systems experience, which are critical for the role. Partial match on core competencies but missing key technical requirements.",30.0,12.0,B
50,cv_4,20,47,25,"The candidate's profile is focused on cybersecurity (penetration testing, certifications like OSEP/CRTE) with no evidence of software engineering, machine learning, or system design experience required for the role. While Unix familiarity is present, core requirements like Python/Django development, distributed systems, and ML/NLP are entirely missing.",5.0,22.0,A
50,cv_5,60,58,55,"The candidate has full-stack development experience and Unix familiarity, which partially align with the job requirements. However, they lack explicit Python/Django expertise (core backend tech stack) and machine learning/NLP experience emphasized in the role. Their focus appears to be front-end heavy (React.js, D3.js) rather than the backend/systems engineering orientation required.",5.0,3.0,B
51,cv_1,20,34,40,"The candidate has relevant ML certifications and software engineering skills, but lacks direct research experience in AI/ML, speech recognition projects, and publication history required for the role. The focus on full-stack development rather than ML research creates a partial match.",20.0,6.0,B
51,cv_2,20,40,25,"The candidate has strong full-stack development and DevOps skills but lacks explicit machine learning, AI research, or voice recognition experience required for the role. Core competencies like model development and academic publishing are absent from the CV.",5.0,15.0,A
51,cv_3,85,39,50,"The candidate has relevant certifications in AI and data science, as well as project management experience, but lacks explicit experience in machine learning model development, voice recognition research, or academic publication—key requirements for the role. Partial alignment with data engineering and Agile methodologies is present.",35.0,11.0,B
51,cv_4,20,56,50,"The candidate has strong DevOps/MLOps and cloud infrastructure expertise (Kubernetes, AWS, IaC), which aligns with supporting ML model deployment. However, the job requires core ML research skills (voice recognition, algorithm design, academic publishing) that are not explicitly demonstrated in the CV. The resume emphasizes infrastructure over machine learning research experience.",30.0,6.0,B
51,cv_5,20,38,30,"The candidate has strong full-stack development experience but lacks explicit machine learning, AI research, or speech recognition expertise. The job requires research-oriented skills (e.g., model development, academic publishing) not demonstrated in the CV. Partial alignment with technical skills but missing core requirements.",10.0,8.0,B
52,cv_1,85,22,65,"The candidate has full-stack experience and cloud/microservices expertise aligning with key requirements, but lacks explicit Node.js/TypeScript/PostgreSQL stack experience mentioned in the job description. The Java/React focus creates a partial mismatch in core technologies.",20.0,43.0,A
52,cv_2,85,49,50,"The candidate has strong .NET development experience with ASP.NET Core, C#, Web API, and cloud platforms (Azure, AWS), which partially aligns with the job's cloud deployment and API design requirements. However, the job specifically requires Node.js, TypeScript, and PostgreSQL, which are not mentioned in the CV. The absence of these core technologies significantly reduces the match score.",35.0,1.0,B
52,cv_3,80,40,50,"The candidate has full-stack experience with Java/SpringBoot, React, and AWS, which partially aligns with the job's need for backend and cloud skills. However, critical requirements like Node.js, TypeScript, and PostgreSQL are missing from their profile, creating a significant gap in the specified tech stack.",30.0,10.0,B
52,cv_4,20,21,20,"The candidate's profile is focused on network engineering and security (firewalls, ACLs, Cisco, Juniper) with no relevant experience in full-stack web development (Node.js, TypeScript, PostgreSQL, API design). Core job requirements like microservices, cloud deployment, and SOLID principles are entirely absent from the CV.",0.0,1.0,A
52,cv_5,80,24,50,"The candidate has relevant skills like NestJS (Node.js framework) and DevOps, but lacks explicit experience with PostgreSQL, TypeScript, and full-stack backend development emphasized in the job. Their focus on machine learning and geometric deep learning projects doesn't align with the required backend/API design and cloud deployment responsibilities.",30.0,26.0,B
53,cv_1,85,65,65,"The candidate has relevant cloud (AWS/Azure/GCP), DevOps tools (Docker, Ansible, Jenkins), and backend experience, but lacks explicit mentions of Kubernetes, Splunk, Grafana, Prometheus, GitLab-CI, RHEL/Debian, Bash, Golang, and Agile methodologies—key requirements in the job description. Partial alignment with core DevOps skills but missing critical components.",20.0,0.0,B
53,cv_2,80,57,50,"The candidate has some relevant backend development skills (Java Spring Boot) and mentions DevOps interest, but lacks critical requirements like Kubernetes, Docker, cloud platforms (AWS/Azure), infrastructure as code, and monitoring tools (Prometheus, Grafana). Certifications focus on web development rather than DevOps-specific tools.",30.0,7.0,B
53,cv_3,70,44,50,"The candidate has relevant backend experience (Spring Framework) and some professional experience, but lacks explicit DevOps tooling (Kubernetes, Ansible, Terraform) and cloud infrastructure expertise (AWS/Azure) required for the role. The CV emphasizes academic teaching and data science skills rather than infrastructure automation or orchestration, which are critical for this position.",20.0,6.0,B
53,cv_4,20,47,20,"The CV focuses on AI, data science, and RPA skills with no mention of DevOps tools (Kubernetes, Docker, GitLab-CI) or cloud platforms (AWS/Azure) required by the job. Core DevOps competencies like infrastructure as code, backend development, and orchestration are entirely absent, making the candidate mismatched for the role.",0.0,27.0,A
53,cv_5,40,46,45,"The candidate has DevOps listed as a skill but lacks explicit experience with critical tools like Kubernetes, Docker, Ansible, or cloud platforms (AWS/Azure) required by the job. Their experience focuses on machine learning and geometric deep learning projects rather than infrastructure automation, CI/CD pipelines, or backend development. Partial alignment exists with Git and Agile methodologies, but core DevOps competencies are missing.",5.0,1.0,B
54,cv_1,40,40,50,"The candidate has some relevant cybersecurity certifications (e.g., Cybersecurity Essentials) and competition participation, but their primary experience is in full-stack web development. The job requires deeper expertise in security tools (firewalls, intrusion detection) and implementation strategies, which are only partially addressed in the CV.",10.0,10.0,tie
54,cv_2,20,34,30,"The candidate has strong full-stack development skills but lacks explicit cybersecurity expertise required by the job (e.g., intrusion detection, firewalls). While they mention security in their summary, there are no certifications or specific security technologies listed that align with the role's requirements.",10.0,4.0,B
54,cv_3,20,58,30,"The candidate has strong electronics engineering skills and certifications but lacks direct cybersecurity expertise required for the role. Key requirements like intrusion detection systems, firewalls, and security strategy implementation are not addressed in the CV.",10.0,28.0,A
54,cv_4,20,52,35,"The candidate has strong machine learning and data science skills but lacks explicit cybersecurity expertise (e.g., firewalls, intrusion detection systems) required for the role. Partial overlap in technical skills (Python, data tools) exists, but core security requirements are unmet.",15.0,17.0,A
54,cv_5,80,48,50,"The candidate has strong machine learning and deep learning skills but lacks explicit cybersecurity experience or technical expertise in required areas like firewalls, intrusion detection, or security management systems. The job requires direct cybersecurity implementation experience, which is not demonstrated in the CV.",30.0,2.0,B
55,cv_1,85,43,60,"The candidate has strong front-end skills in React and TypeScript, aligning with part of the job's requirements. However, the job emphasizes PHP/Symfony and Vue.js for the back-end and front-end respectively, which the candidate does not mention. Their experience with Spring Boot and Java is not relevant to the specified stack, and there's no evidence of Full Stack expertise with the required technologies.",25.0,17.0,B
55,cv_2,85,69,50,"The candidate has relevant Full Stack experience with React.js and Spring Boot, but the job requires PHP/Symfony as the primary backend stack, which is not mentioned. Vue.js and GraphQL are also missing. The candidate's Java/Spring expertise is not aligned with the PHP-based requirements, creating a partial match.",35.0,19.0,B
55,cv_3,80,40,50,"The candidate has DevOps/cloud expertise (Azure, Kubernetes) and brief full-stack experience, but lacks key technologies listed in the job description (PHP/Symfony, Vue.js, React.js). The primary roles focus on infrastructure rather than full-stack development, resulting in partial alignment.",30.0,10.0,B
55,cv_4,20,44,25,"The candidate's profile is focused on cybersecurity and industrial systems, with no evidence of full-stack development skills (PHP/Symfony, Vue.js, React.js, etc.) required for the role. While they have IT experience, the technical stack and development responsibilities are mismatched.",5.0,19.0,A
55,cv_5,40,40,40,"The candidate's profile focuses on machine learning and DevOps with NestJS, but lacks explicit experience in the required full-stack technologies (PHP/Symfony, Vue.js, React.js, GraphQL) and tools (Docker, PostgreSQL). While some backend skills overlap, the frontend and core stack mismatch significantly.",0.0,0.0,tie
56,cv_1,70,25,50,"The candidate has relevant skills in Python, Spark, and SQL, but lacks explicit experience in ETL, Data Lake, and cloud platforms like Databricks/AWS/Azure required by the job. Their junior-level data analyst roles don't demonstrate the senior data engineering expertise requested.",20.0,25.0,A
56,cv_2,20,32,25,"The candidate has frontend development experience with JavaScript and some programming skills, but lacks critical data engineering expertise (ETL, Data Lake, architectures) and tools (Databricks, Spark, AWS, Azure) required for the role. Python and SQL skills are missing, and the job requires a different technical stack.",5.0,7.0,A
56,cv_3,85,26,50,"The candidate has relevant AI and Python experience but lacks explicit mentions of critical requirements like ETL, Data Lake, Databricks, Spark, SQL, and JavaScript. Azure certification aligns partially, but core data engineering tools are missing.",35.0,24.0,B
56,cv_4,20,33,20,"The candidate's profile focuses on frontend iOS development (Swift, SwiftUI) and lacks explicit experience in data engineering domains like ETL, Data Lakes, or cloud platforms (Databricks, AWS, Azure). Required programming skills (Python, SQL, JavaScript) are also absent, making the match very weak.",0.0,13.0,A
56,cv_5,80,27,50,"The candidate has strong machine learning and deep learning experience but lacks explicit data engineering expertise (ETL, Data Lake, architectures) and key tools (Databricks, Spark, AWS, Azure) required by the job. Programming skills in Python are present, but SQL and JavaScript are unmentioned. The profile partially aligns with technical requirements but misses core data engineering competencies.",30.0,23.0,B
57,cv_1,20,36,35,"The candidate has relevant machine learning certifications and some technical skills, but lacks specific tools like TensorFlow, Ubuntu, and Matlab required. No research experience or publications are mentioned, and the internship timing may not align with the job's needs. Partial match with key requirements missing.",15.0,1.0,B
57,cv_2,20,37,30,"The candidate has strong software engineering experience but lacks explicit data science, machine learning research, or teaching experience required by the job. While the CV mentions Python (relevant), it omits critical keywords like TensorFlow, Ubuntu, Matlab, and research publication history. The role emphasizes academic research and classification algorithms, which are not aligned with the candidate's full-stack development focus.",10.0,7.0,B
57,cv_3,20,38,20,"The candidate lacks explicit Data Science, machine learning, and research experience required for the role. While they have cloud and DevOps skills, these are not aligned with the core job requirements of Python, TensorFlow, or academic publishing.",0.0,18.0,A
57,cv_4,85,32,55,"The candidate has relevant skills in deep learning and Python but lacks explicit experience with TensorFlow, Ubuntu, and Matlab required by the job. The CV emphasizes software engineering and full-stack development rather than academic research or teaching experience, which are critical for the role. Partial alignment with machine learning but missing key research and publication components.",30.0,23.0,B
57,cv_5,20,25,30,"The candidate has a computer science background and full-stack development experience, but lacks explicit machine learning, data science research, or academic teaching experience required by the job. While the technical skills (Python, tools) partially overlap, the CV emphasizes web development (React.js, Elasticsearch) rather than classification algorithms or research publication experience.",10.0,5.0,B
58,cv_1,85,33,75,"The candidate has strong Python backend development experience with Django and FastAPI, aligning with core job requirements. They mention Docker and GitHub Actions, covering partial DevOps skills, but lack explicit mention of Ansible or AWS. The CV emphasizes AI/NLP over full-stack or data correction processes, creating a partial match.",10.0,42.0,A
58,cv_2,80,29,50,"The candidate has strong Python backend development experience with Odoo ERP customization and migration, aligning with the Python developer portion of the role. However, the CV lacks explicit DevOps skills (Docker, Ansible, CI/CD) and full-stack web development tools (React, Angular) required in the job description. The AI/ML certifications are not relevant to the DevOps responsibilities emphasized in the position.",30.0,21.0,B
58,cv_3,85,36,50,"The candidate has Python and machine learning skills, which partially align with the job's Python requirements. However, critical DevOps tools (Docker, Ansible, GitHub Actions), full-stack web frameworks (Django, Flask), and database technologies (MySQL, PostgreSQL) are missing from the CV. The focus on data science certifications and lack of explicit DevOps/full-stack experience create a partial match.",35.0,14.0,B
58,cv_4,85,39,50,"The candidate has full-stack development experience with React and Java/Spring, aligning partially with the job's full-stack requirement. However, the job emphasizes Python (Django/Flask), DevOps tools (Docker, Ansible), and automation, which are not mentioned in the CV. The lack of Python and DevOps expertise creates a significant mismatch.",35.0,11.0,B
58,cv_5,80,45,65,"The candidate has strong machine learning and deep learning experience, including relevant projects in geometric deep learning. However, the job requires Python full-stack development and DevOps automation skills (Django, Docker, Ansible, etc.) which are not explicitly demonstrated in the CV. The CV emphasizes academic research and ML engineering over the required web development and DevOps toolchain expertise.",15.0,20.0,A
61,cv_1,60,43,50,"The candidate has technical programming skills and a computer science background but lacks explicit experience in AI, IoT, machine learning, or academic research. The job requires specialized knowledge in AI subfields (neural networks, swarm intelligence) and research/teaching experience, which are not demonstrated in the CV. Partial match due to general software engineering skills.",10.0,7.0,B
61,cv_2,80,46,35,"The candidate has strong mechanical engineering and product design experience but lacks explicit AI, IoT, or academic research experience required for the role. Teaching, R&D in AI/ML, and interdisciplinary project collaboration are not demonstrated, which are critical for the position.",45.0,11.0,B
61,cv_3,60,37,50,"The candidate has project management experience and data science skills, but lacks explicit expertise in machine learning, neural networks, fuzzy logic, or swarm intelligence required for the AI/IoT research role. Her Microsoft consulting background and social entrepreneurship experience are partially relevant but insufficient for the technical depth needed.",10.0,13.0,A
61,cv_4,85,59,65,"The candidate has strong technical skills in machine learning and industry experience, but lacks academic teaching/research experience and specific expertise in fuzzy logic, swarm intelligence, and ICT integration in medicine/transport mentioned in the job description. Partial alignment with core requirements.",20.0,6.0,B
61,cv_5,20,36,25,"The candidate has strong full-stack development experience but lacks academic qualifications, research experience, or expertise in AI/IoT domains required for the professor/researcher role. The CV shows no alignment with machine learning, neural networks, or academic teaching responsibilities.",5.0,11.0,A
62,cv_1,80,39,50,"The candidate has relevant Agile experience and teamwork skills, but lacks explicit frontend development expertise (e.g., React, Vue.js) and specific tools like Azure DevOps mentioned in the job. Full-stack and Node.js skills are backend-focused, not a perfect match for frontend requirements.",30.0,11.0,B
62,cv_2,85,37,50,"The candidate has strong software engineering experience and Agile familiarity, but the CV lacks explicit frontend development skills (e.g., JavaScript, React, UX/UI design) required by the job. Certifications and backend/cloud expertise are relevant but insufficient for a frontend role. Partial alignment with collaboration and tooling requirements.",35.0,13.0,B
62,cv_3,85,52,55,"The candidate has strong backend and architecture experience with Agile methodologies and tools like Azure DevOps, which aligns partially with the job requirements. However, the CV lacks explicit frontend development skills (e.g., HTML/CSS, JavaScript frameworks) and UX/accessibility expertise critical for the role, resulting in a partial match.",30.0,3.0,B
62,cv_4,80,25,0,"The candidate is a Data Scientist with expertise in machine learning, computer vision, and data analysis, but no frontend development skills or experience with web design, UX/UI, or the required tools (Azure DevOps, GitHub Actions). The profile is completely unrelated to the Frontend Developer role.",80.0,25.0,B
62,cv_5,80,22,25,"The candidate's profile is focused on machine learning and backend development (NestJS, Deep Learning) with no explicit frontend skills (HTML/CSS/JS frameworks, UI/UX) required for the role. While they have technical experience, the specialization mismatch makes them a poor fit for a frontend position requiring design collaboration and Agile tools.",55.0,3.0,B
63,cv_1,20,44,35,"The candidate has partial relevant skills (Docker, DevOps, Java/Spring Boot) but lacks critical requirements like Python/Go expertise and direct security experience. The academic focus and internship-seeking status also suggest insufficient professional experience for the role.",15.0,9.0,B
63,cv_2,40,45,40,"The candidate has strong web development skills (React, Angular, Flutter) and experience in full-stack development, but the CV lacks explicit mention of security expertise, Python/Go/Linux/Docker technologies, or experience in designing security solutions. The job requires both software development and security specialization, which is not fully aligned with the candidate's profile.",0.0,5.0,A
63,cv_3,80,39,50,"The candidate has full-stack development experience with Java/Angular and Linux, which partially aligns with the job's technical requirements. However, the CV lacks explicit mention of security-focused skills (e.g., threat detection, secure development practices) or experience with Python/Go/Docker emphasized in the job description. The role requires security strategy expertise, which is not demonstrated here.",30.0,11.0,B
63,cv_4,80,33,50,"The candidate has strong AI/ML expertise and Python skills (via FastAPI), but lacks explicit security experience, threat detection work, or software security implementation mentioned in the job requirements. The CV focuses on machine learning engineering rather than the security and development operations emphasized in the role.",30.0,17.0,B
63,cv_5,80,23,50,"The candidate has software development experience (Python, DevOps) and machine learning expertise, but lacks explicit security-focused skills (e.g., threat detection, secure development processes) and technologies like Go/Docker mentioned in the job. The CV emphasizes deep learning projects unrelated to security strategy or system protection requirements.",30.0,27.0,B
64,cv_1,40,38,35,"The candidate lacks critical requirements: no blockchain/federated learning expertise, no PhD-level academic background, and no direct experience with smart grids or wireless sensor networks. Partial alignment exists in project management (Scrum) and software development skills, but core technical and academic qualifications are missing.",5.0,3.0,B
64,cv_2,40,31,35,"The candidate has 4 years of frontend development experience but lacks a PhD, blockchain expertise, and research experience in federated learning/smart grids required by the job. The profile aligns with web development skills but misses core academic and technical requirements.",5.0,4.0,B
64,cv_3,80,49,50,"The candidate has strong DevOps and cloud engineering skills but lacks the PhD in Information Systems Engineering and blockchain/federated learning expertise required for the role. The job demands academic research experience in blockchain for smart grids, which is not present in the CV.",30.0,1.0,B
64,cv_4,85,44,50,"The candidate has strong machine learning experience but lacks explicit blockchain, federated learning, and smart grid expertise required. The PhD in Information Systems Engineering is also unmentioned, making the match partial.",35.0,6.0,B
64,cv_5,85,30,50,"The candidate has strong machine learning and deep learning experience, including a relevant internship in geometric deep learning. However, the job requires a PhD in Information Systems Engineering (not demonstrated), blockchain expertise (not mentioned), and specific domain knowledge in smart grids/federated learning (only general ML experience shown).",35.0,20.0,B
65,cv_1,80,19,50,"The candidate has relevant Full-Stack development experience and agile methodology knowledge, but lacks specific required technologies like PHP/Symfony, Bootstrap, and MySQL/PostgreSQL. Their Node.js and Oracle database experience don't align with the job's core requirements.",30.0,31.0,A
65,cv_2,20,31,0,"The candidate's profile is entirely unrelated to the junior Web developer role. They have no experience with required technologies like PHP, Symfony, Docker, or Bootstrap, and their expertise lies in machine learning and digital transformation leadership, not web development.",20.0,31.0,A
65,cv_3,85,28,50,"The candidate has relevant experience in frontend development and Git, but lacks key required skills like PHP, Symfony, and PostgreSQL. The job requires junior-level experience, but the candidate has over 4 years of professional experience, creating a mismatch in seniority. Partial alignment with Agile and CI/CD concepts is present.",35.0,22.0,B
65,cv_4,40,26,30,"The candidate has a Computer Science degree but lacks direct experience with required web development technologies like PHP, Symfony, Docker, or Bootstrap. Their experience in data science and machine learning is unrelated to the job's core requirements, though their educational background provides partial alignment.",10.0,4.0,B
65,cv_5,80,33,50,"The candidate has relevant skills like Docker, Git, and CI/CD, but lacks core web development expertise in PHP/Symfony, Bootstrap, and MySQL/PostgreSQL required for the junior Web developer role. Their experience is focused on machine learning and geometric deep learning, which is unrelated to the job's primary technical requirements.",30.0,17.0,B
66,cv_1,85,43,75,"The candidate has strong React, TypeScript, and frontend development experience aligning with most core requirements. However, the job explicitly requests Next.js and Vue.js expertise which are missing from the CV. The senior-level experience (4+ years) is present, but UI/UX design principles are not explicitly demonstrated. Partial match with key gaps.",10.0,32.0,A
66,cv_2,85,63,50,"The candidate has 10+ years of software engineering experience and relevant certifications, but the CV emphasizes backend/cloud-native development and AI governance rather than the required frontend expertise in React, Next.js, TypeScript, and Vue.js. The job requires senior-level frontend specialization which is not clearly demonstrated.",35.0,13.0,B
66,cv_3,85,37,50,"The candidate has senior software engineering experience and relevant certifications, but the CV lacks explicit mentions of required frontend technologies like React, Next.js, TypeScript, and Vue.js. The focus on backend/cloud-native services and AI adoption partially aligns but misses core frontend expertise specified in the job description.",35.0,13.0,B
66,cv_4,80,60,30,"The candidate's profile focuses on data science, machine learning, and backend development (Python, AI), but lacks explicit frontend engineering experience with React, Next.js, or Vue.js required by the Senior Frontend Engineer role. While they have technical depth, the mismatch in core frontend frameworks and UI/UX focus significantly reduces alignment.",50.0,30.0,B
66,cv_5,80,35,25,"The candidate's profile focuses on machine learning and backend technologies (NestJS, DevOps) with no mention of frontend frameworks like React, Vue.js, or UI/UX design principles required for the Senior Frontend Engineer role. The experience in geometric deep learning and Alzheimer's classification is unrelated to frontend development.",55.0,10.0,B
67,cv_1,85,46,65,"The candidate has strong front-end experience with JavaScript, React, and Redux, which aligns with core requirements. However, the CV lacks explicit mention of NextJS, TailwindCSS, and Bootstrap—key technologies listed in the job description. While full-stack experience and project collaboration are present, the absence of specific frameworks reduces the match score.",20.0,19.0,B
67,cv_2,20,23,20,"The candidate's profile focuses on Site Reliability Engineering, DevOps, and cloud infrastructure with no mention of front-end technologies like JavaScript, React, or CSS required for the role. The skills and experience are entirely misaligned with the job's core requirements.",0.0,3.0,A
67,cv_3,80,30,50,"The candidate has relevant software engineering experience and teaching skills, but lacks explicit front-end technologies (React, NextJS, TailwindCSS) required by the job. Core front-end stack mismatch makes this a partial match.",30.0,20.0,B
67,cv_4,80,29,50,"The candidate has strong full-stack .NET and Angular experience but lacks explicit mention of required front-end technologies like React, NextJS, TailwindCSS, and Bootstrap. While some front-end skills (Angular) are present, the core stack mismatch reduces alignment with the job's specific requirements.",30.0,21.0,B
67,cv_5,20,17,15,"The candidate's profile focuses on machine learning and back-end development (e.g., Deep Learning, NestJS) with no explicit mention of required front-end technologies like React, NextJS, or CSS frameworks. While the internship involved converting designs to code, the CV lacks specific front-end skill alignment, making the match weak.",5.0,2.0,B
68,cv_1,80,33,65,"The candidate demonstrates strong alignment with full-stack development (Java/Spring Boot, React) and machine learning skills (certifications in supervised learning, AI/ML). However, the CV lacks detailed project examples, professional experience beyond academic roles, and explicit mention of collaboration with design teams. The student status suggests limited professional maturity compared to the job's collaborative and scalable development requirements.",15.0,32.0,A
68,cv_2,20,55,50,"The candidate has strong data analysis skills (Power BI, Python, SQL) but lacks explicit full-stack web development experience required by the job. Key requirements like building secure web applications, collaboration with design teams, and machine learning integration are not addressed in the CV. Partial match on technical skills but missing core full-stack competencies.",30.0,5.0,B
68,cv_3,85,47,65,"The candidate has strong cloud and DevOps skills (GCP, Azure, AWS, Kubernetes, Docker) relevant to backend infrastructure, but the job requires full-stack web development expertise (frontend/backend frameworks, web application design) which is not explicitly demonstrated. AI/ML certifications align partially with the role's machine learning focus, but lacks clear full-stack development experience.",20.0,18.0,B
68,cv_4,20,44,30,"The candidate's profile is focused on telecommunications and electrical engineering, with no direct experience in full-stack software development, web application design, or machine learning integration. While soft skills like teamwork are present, critical technical requirements for the role are unmet.",10.0,14.0,A
68,cv_5,85,50,50,"The candidate has strong machine learning and deep learning expertise, aligning with the AI integration aspect of the job. However, the CV lacks evidence of full-stack web development skills (e.g., frameworks, databases, front-end/back-end experience) central to the role. The focus on geometric deep learning and medical classification suggests a specialized ML profile rather than the required full-stack developer role.",35.0,0.0,B
73,cv_1,20,48,50,"The candidate has foundational ML knowledge via certifications and software engineering skills, but lacks advanced AI/ML project experience, team leadership, and computer vision expertise required for the R&D leadership role. Their focus on full-stack development and DevOps tools only partially aligns with the job's core requirements.",30.0,2.0,B
73,cv_2,80,47,55,"The candidate has relevant AI certifications and Agile/Scrum experience, aligning partially with project management and strategic planning aspects. However, there is no evidence of leading interdisciplinary teams, advanced machine learning/vision systems development, or R&D deployment experience explicitly mentioned in the CV, which are critical for the role.",25.0,8.0,B
73,cv_3,20,51,40,"The candidate has relevant data science certifications and analytical experience but lacks explicit AI/ML or computer vision expertise required for the R&D role. Leadership experience in interdisciplinary teams and technical project management are also missing from the CV, which are critical for the position.",20.0,11.0,B
73,cv_4,85,50,70,"The candidate demonstrates strong technical skills in machine learning and data engineering (e.g., image segmentation, tensor transformations) with measurable results (40% performance improvement). However, the CV lacks explicit evidence of leading interdisciplinary teams, defining R&D strategies, or transitioning projects from research to production—key leadership requirements in the job description. Certifications and tools align partially but don't fully address the strategic and managerial aspects.",15.0,20.0,A
73,cv_5,20,31,25,"The candidate has full-stack development experience and a computer science degree, which partially aligns with the technical requirements. However, there is no mention of machine learning, AI, or computer vision expertise, which are critical for the role. Leadership in R&D teams and project management experience are also absent, making the match weak.",5.0,6.0,A
74,cv_1,85,40,75,"The candidate has strong skills in Kubernetes, Docker, Ansible, and AWS, aligning with key job requirements. However, the CV lacks explicit mention of Terraform (required in the job description) and detailed experience with production environment management or security compliance strategies. Certifications and DevOps experience partially offset these gaps.",10.0,35.0,A
74,cv_2,85,47,70,"The candidate has strong AWS, Docker, and Terraform experience with DevOps expertise, aligning with most core requirements. However, the CV lacks explicit mention of Kubernetes and Ansible (both critical in the job description) and does not address security/compliance strategy responsibilities. The 4.5-year experience duration supports the 'expérimenté' requirement.",15.0,23.0,A
74,cv_3,20,43,50,"The candidate has relevant skills in Docker, CI/CD, and AWS, which align partially with the job's requirements. However, the CV lacks explicit mention of Kubernetes, Terraform, Ansible, and infrastructure security/compliance experience emphasized in the job description. The focus on machine learning rather than cloud infrastructure management further reduces alignment.",30.0,7.0,B
74,cv_4,40,33,30,"The candidate lacks critical cloud engineering skills (Kubernetes, Terraform, AWS) and experience in infrastructure management required for the role. While he has full-stack development experience and some networking certification (CCNA), these do not align with the job's focus on cloud architecture, security, and automation.",10.0,3.0,B
74,cv_5,80,23,50,"The candidate has DevOps experience but lacks explicit mention of critical cloud engineering skills like AWS, Terraform, Kubernetes, or infrastructure management required by the job. Their focus on machine learning and geometric deep learning research does not align with the infrastructure deployment and security requirements.",30.0,27.0,B
75,cv_1,85,34,50,"The candidate has relevant web development experience and agile methodology knowledge, but lacks explicit mention of required skills like PHP, WordPress, Figma, and legal/insurance domain understanding. The CV emphasizes Node.js/Full-Stack rather than the specified tech stack.",35.0,16.0,B
75,cv_2,80,40,35,"The candidate's profile focuses on software engineering, data science, and academic teaching, with no mention of web development skills (HTML/CSS/JavaScript/PHP, WordPress, GIT, Figma) or insurance/legal domain knowledge required for the role. Core technical requirements are entirely unmet.",45.0,5.0,B
75,cv_3,85,36,50,"The candidate has backend development experience and Git skills, which partially align with the job. However, critical frontend skills (HTML/CSS/JavaScript/PHP), WordPress, and Figma expertise are missing. The financial tech background doesn't fully match the insurance/legal focus mentioned in the job description.",35.0,14.0,B
75,cv_4,20,39,20,"The candidate's profile focuses on game development (Unity, C#, AR/VR) with no mention of required web development skills (HTML, CSS, PHP, WordPress). The job requires core web technologies and insurance/legal domain knowledge, which are entirely absent from the CV. Only minor overlap exists in Trello usage.",0.0,19.0,A
75,cv_5,80,36,35,"The candidate's profile is focused on machine learning and DevOps, with no explicit mention of required web development skills (HTML/CSS/JavaScript/PHP, WordPress, Figma) or insurance domain knowledge. While she has technical experience, the core requirements for the junior web developer role are unmet.",45.0,1.0,B
76,cv_1,20,46,45,"The candidate has basic machine learning certifications and software engineering skills but lacks specific experience in NLP, speech recognition, or advanced ML model implementation. The focus on full-stack development and DevOps tools aligns partially with the job's collaboration requirements, but core ML expertise is insufficient for an 'expert' role.",25.0,1.0,B
76,cv_2,85,42,75,"The candidate has strong machine learning experience and relevant technical skills (PyTorch, TensorFlow, MLOps), but lacks explicit NLP/voice recognition expertise mentioned in the job requirements. Their experience aligns partially with the collaboration and model development aspects, but key specialization gaps exist.",10.0,33.0,A
76,cv_3,20,43,30,"The candidate has strong software engineering experience with Java/Spring/Angular but no explicit machine learning, NLP, or speech recognition expertise mentioned in the CV. The role requires advanced ML skills not demonstrated here, resulting in a partial match.",10.0,13.0,A
76,cv_4,40,52,50,"The candidate has strong backend and cloud development experience but lacks explicit machine learning, NLP, or speech recognition expertise required by the job. While they used AI services in a project, this doesn't demonstrate advanced model development capabilities. The role requires deeper ML specialization not evident in the CV.",10.0,2.0,B
76,cv_5,20,35,30,"The candidate has strong full-stack development experience but lacks explicit expertise in machine learning, natural language processing, or speech recognition required by the job. While their technical background is relevant, the absence of ML-specific skills and projects results in a partial match.",10.0,5.0,B
77,cv_1,80,59,55,"The candidate has strong frontend skills (ReactJS, JavaScript) and some backend experience, but lacks explicit PHP/Laravel/MySQL expertise required by the job. While she mentions 'FullStack JS' and backend capabilities, the specific technologies (PHP, Laravel) are absent, creating a partial match with critical requirements missing.",25.0,4.0,B
77,cv_2,85,49,50,"The candidate has relevant DevOps and cloud-native experience but lacks the core backend stack (PHP, Laravel, MySQL) explicitly required in the job description. While they possess some frontend skills (HTML5, CSS3), they miss Bootstrap and JavaScript. The role emphasizes traditional backend development, which is not the candidate's primary expertise.",35.0,1.0,B
77,cv_3,85,52,50,"The candidate has full-stack experience with NodeJS and ReactJS but lacks explicit PHP/Laravel expertise required for the backend role. While they possess frontend skills (HTML5, CSS3) and Agile experience, the core backend stack (PHP, Laravel, MySQL) is missing, making the match partial.",35.0,2.0,B
77,cv_4,20,27,25,"The candidate's expertise lies in machine learning and AI (e.g., Python, PyTorch, computer vision), which is unrelated to the required backend stack (PHP, Laravel, MySQL). While some technical skills like Docker and Git are relevant, core job requirements are unmet. The CV lacks mention of RESTful API development, database optimization, or frontend integration experience specified in the job description.",5.0,2.0,B
77,cv_5,20,25,20,"The candidate's profile focuses on machine learning and deep learning with no explicit mention of PHP, Laravel, or MySQL required by the job. While NestJS is listed, it doesn't fully align with the specified backend stack. The lack of RESTful API development experience and database optimization expertise further reduces the match.",0.0,5.0,A
78,cv_1,85,47,65,"The candidate has relevant machine learning and Python skills with certifications, but lacks explicit experience in deployment, environmental/logistics/e-commerce sectors, and detailed project examples required by the job. Core technical competencies align, but industry-specific experience is missing.",20.0,18.0,B
78,cv_2,85,45,75,"The candidate has strong technical skills in machine learning, deep learning, and AI with relevant certifications and experience in Python and SAS. However, the job emphasizes collaboration on cross-functional projects in environmental, logistics, and e-commerce domains, which the CV does not explicitly address. The candidate's banking and energy sector experience partially aligns but misses key domains mentioned in the job description.",10.0,30.0,A
78,cv_3,20,33,30,"The candidate's profile emphasizes software engineering, full-stack development, and DevOps skills, with limited mention of machine learning, deep learning, or data analysis expertise required for the Data Scientist role. While cloud certifications and collaboration experience are relevant, core data science competencies are missing.",10.0,3.0,B
78,cv_4,20,41,25,"The candidate's profile focuses on full-stack web development (.NET, JavaScript) and DevOps tools (Kubernetes, Docker), but lacks explicit machine learning, deep learning, or data science expertise required by the job. Certifications and experience align more with software engineering than data science roles.",5.0,16.0,A
78,cv_5,20,37,25,"The candidate has strong full-stack development experience but lacks explicit machine learning/deep learning expertise required for the role. While they have technical skills (React.js, Elasticsearch), the CV shows no data science projects, model deployment experience, or relevant domain work in environment/logistics/e-commerce.",5.0,12.0,A
79,cv_1,85,31,70,"The candidate has strong DevOps skills (Docker, Jenkins, Ansible, Kubernetes) and cloud certifications (Azure, AWS, GCP) aligning with the job's CI/CD and cloud deployment needs. However, the CV lacks explicit mention of Python/Java (core programming languages in the job description) and Linux Shell, which are critical requirements. While the candidate's DevOps and cloud expertise are well-matched, the missing programming skills reduce the overall alignment.",15.0,39.0,A
79,cv_2,20,29,25,"The candidate lacks explicit technical skills required (Python, Docker, Jenkins, Kubernetes) and has a consulting/data science background rather than software engineering/DevOps. Microsoft certifications are present but not aligned with the job's tech stack. Project management experience is noted but doesn't fulfill core engineering requirements.",5.0,4.0,B
79,cv_3,85,33,55,"The candidate has relevant skills in Java, Docker, Jenkins, and Angular, which partially align with the job's requirements. However, critical elements like Azure Kubernetes Services, Linux Shell, and senior-level DevOps/CI/CD experience are missing. The CV lacks specific projects demonstrating cloud deployment or AI integration, and seniority is not clearly established.",30.0,22.0,B
79,cv_4,85,36,50,"The candidate has strong data science and machine learning skills (Python, YOLOv8, Streamlit) but lacks explicit experience with DevOps tools (Docker, Jenkins, Azure Kubernetes) and cloud deployment required for the role. The CV mentions Python but not Java, and no CI/CD pipeline expertise is demonstrated.",35.0,14.0,B
79,cv_5,85,26,55,"The candidate has strong AI/ML expertise and some DevOps skills (Docker, CI/CD mentioned indirectly), but lacks explicit experience with Java, Azure Kubernetes Services, and Linux Shell required in the job. The senior-level experience is questionable given the short tenure at InstaDeep (1 year 2 months). Partial match on core requirements.",30.0,29.0,B
80,cv_1,85,6,65,"The candidate has relevant SRE experience (5+ years at IBM) and certifications in cloud/DevOps, aligning with system reliability and cloud architecture requirements. However, the CV lacks explicit mention of key programming languages (Python, Go, Bash) and software development experience emphasized in the job description, which weakens the match.",20.0,59.0,A
80,cv_2,80,28,50,"The candidate has strong cloud infrastructure and system administration experience with VMware and AWS, aligning with some job requirements. However, the CV lacks explicit mention of required software development skills (Python, Go, JavaScript) and application development experience emphasized in the job description, which are critical for a Site Reliability Engineer role.",30.0,22.0,B
80,cv_3,20,25,40,"The candidate has relevant software engineering experience and some cloud-related skills (Docker), but lacks explicit expertise in site reliability engineering, performance analysis, or the required languages (Python/Go/Bash). Their projects focus on full-stack development and ML rather than system reliability or cloud architecture.",20.0,15.0,B
80,cv_4,20,11,50,"The candidate has relevant programming skills (Python, data pipelines) and experience in software engineering, but lacks explicit mention of cloud architecture design, system reliability expertise, and key technologies like Go/Bash required for the role. Their focus on data science and machine learning partially aligns but misses core SRE requirements.",30.0,39.0,A
80,cv_5,20,17,25,"The candidate has strong machine learning and deep learning experience but lacks explicit skills in cloud architecture, system reliability engineering, and the specific programming languages (Python, Go, Bash) required. The DevOps skill is relevant, but the overall alignment with SRE responsibilities is weak.",5.0,8.0,A
81,cv_1,85,57,75,"The candidate has strong experience in Power BI, Python, SQL, and data pipeline automation, aligning with core job requirements. However, Excel proficiency is not explicitly mentioned, and while communication skills are implied, they are not directly highlighted. The 5-year experience and project management skills add value but are not explicitly required in the job description.",10.0,18.0,A
81,cv_2,80,39,50,"The candidate has Python and AWS certifications, which are somewhat relevant, but lacks explicit mention of Power BI, SQL, and Excel—core requirements for the Data Analyst role. Their experience as a Cloud Systems Engineer does not align with the data analysis focus of the position.",30.0,11.0,B
81,cv_3,85,32,50,"The candidate has T-SQL (SQL) experience, which partially aligns with the job's SQL requirement. However, critical skills like Power BI, Python, and data visualization/analysis are missing. The CV emphasizes software development (Java, Angular, React) rather than data analysis, making the match only partial.",35.0,18.0,B
81,cv_4,20,32,25,"The candidate has Python and AWS Machine Learning experience, which partially aligns with the job's technical requirements. However, they lack explicit Power BI, SQL, and data analysis experience emphasized in the job description. Their focus on Kubernetes, DevOps, and infrastructure certifications makes them a weak fit for a Data Analyst role.",5.0,7.0,A
81,cv_5,80,39,55,"The candidate has strong machine learning and deep learning experience, including Python and research projects, which partially align with the job's data analysis requirements. However, the CV lacks explicit mention of SQL, Power BI, and Excel—core tools listed in the job description. The role emphasizes data validation, visualization, and communication, which are not clearly demonstrated in the candidate's technical projects.",25.0,16.0,B
82,cv_1,85,45,65,"The candidate has relevant telecom experience with 4G/5G, Huawei BTS, and network troubleshooting, but lacks explicit mention of IP/MPLS, SMS/ROAMING integration, and critical protocols like SS7/SIGTRAN or SIP. Server management and monitoring tool experience are also not clearly stated, leading to a partial match.",20.0,20.0,tie
82,cv_2,20,42,20,"The candidate's profile focuses on web development (Angular, React, Flutter) and UI/UX, with no mention of telecommunications, network protocols (SS7/SIP), or infrastructure management (IP/MPLS, VLAN, firewalls) required for the role. While she has IT experience, critical job requirements are entirely unmet.",0.0,22.0,A
82,cv_3,70,39,50,"The candidate has software engineering experience and Linux skills, which partially align with the job. However, they lack critical telecom-specific expertise like IP/MPLS networks, signaling protocols (SS7/SIP), and telecom platform integration required for the role.",20.0,11.0,B
82,cv_4,20,40,50,"The candidate has strong data engineering and machine learning skills (Django, Airflow, Kafka) relevant to IT infrastructure, but lacks direct experience in telecom network support, IP/MPLS, or protocols like SS7/SIGTRAN required for the role. Partial overlap in server administration and Linux/Windows experience exists, but core telecom-specific requirements are unmet.",30.0,10.0,B
82,cv_5,80,45,25,"The candidate's profile is focused on machine learning and geometric deep learning, with no relevant experience in telecommunications, network administration, or protocol management (SS7/SIGTRAN, SIP, etc.) required for the role. The CV lacks any technical alignment with the job's core requirements.",55.0,20.0,B
83,cv_1,85,44,65,"The candidate has relevant skills in Kubernetes, Python/Go, and cloud infrastructure, but lacks explicit experience with AWS (EC2/S3/RDS), Prometheus, Cassandra, and other specified tools. His focus on VMware/Azure instead of AWS creates a partial mismatch with core job requirements.",20.0,21.0,A
83,cv_2,80,42,50,"The candidate has 4 years of frontend development experience with React/Next.js but lacks explicit experience with distributed systems, Kubernetes, AWS infrastructure, or backend technologies like Go/Python required by the job. While they have some IT teaching experience, the core technical requirements for distributed systems engineering are not met.",30.0,8.0,B
83,cv_3,80,32,50,"The candidate has full-stack Java/Angular experience and PostgreSQL/Git skills, which partially align with the job. However, they lack critical distributed systems expertise (Kubernetes, AWS, Docker, Go/Python) and operational infrastructure experience required. Their background is more traditional web development than the specialized distributed systems focus needed.",30.0,18.0,B
83,cv_4,80,36,50,"The candidate has Python skills and a DevOps certification, which partially align with the job's requirements. However, there is no evidence of experience with distributed systems technologies like Kubernetes, AWS (EC2/S3/RDS), Envoy, or Go. The CV focuses on AI/NLP research and web development, missing critical infrastructure and system design expertise required for the role.",30.0,14.0,B
83,cv_5,80,32,50,"The candidate has strong machine learning and deep learning experience but lacks explicit mention of distributed systems technologies (Kubernetes, AWS, Docker, etc.) and infrastructure management required by the job. While Python skills align partially, critical requirements like Go, system design, and operational expertise are missing.",30.0,18.0,B
84,cv_1,85,30,75,"The candidate has strong AR/XR design experience and led AR/XR projects, aligning with the mixed reality focus. However, the CV lacks explicit mention of Unity 3D development (a key requirement) and technical implementation details, which slightly reduces the match score.",10.0,45.0,A
84,cv_2,20,45,45,"The candidate has strong .NET and full-stack development skills with Agile certifications, but lacks explicit Unity 3D or mixed reality experience required for the role. Their DevOps tools (Kubernetes, Docker) align partially with technical infrastructure needs, but core VR/AR design expertise is missing.",25.0,0.0,B
84,cv_3,20,41,40,"The candidate has frontend development experience and cross-functional collaboration skills, but lacks explicit Unity 3D or mixed reality development experience required for the role. Their iOS-specific skills (Swift, SwiftUI) are not aligned with the job's focus on VR/AR interfaces.",20.0,1.0,B
84,cv_4,70,22,30,"The candidate has AI certifications and Agile experience, which partially align with the job's requirements. However, they lack explicit Unity 3D development experience or mixed reality project involvement, which are critical for the role. Their full-stack web development background is unrelated to the core responsibilities of designing VR/AR interfaces.",40.0,8.0,B
84,cv_5,80,50,45,"The candidate has strong machine learning and geometric deep learning experience but lacks explicit Unity 3D development, VR/AR interface design, and mixed reality solution implementation mentioned in the job requirements. While their technical skills overlap partially with AI aspects, the core Unity and mixed reality expertise is missing.",35.0,5.0,B
85,cv_1,20,52,50,"The candidate has full-stack development experience and agile methodology knowledge, which partially aligns with the job's need for backend collaboration. However, the CV lacks specific backend technologies like Go, Ruby, Docker, and gRPC required in the job description. The candidate's student status and absence of production server management experience further reduce the match.",30.0,2.0,B
85,cv_2,80,41,50,"The candidate has backend experience with Quarkus and Docker, aligning partially with the job's requirements. However, the job specifically requires Go/Ruby microservices and Ruby on Rails, which are not mentioned in the CV. The focus on Vue.js (frontend) and lack of Mesos/RabbitMQ/gRPC experience further reduce the match.",30.0,9.0,B
85,cv_3,20,45,30,"The candidate has backend experience in .NET and full-stack development but lacks the required Go/Ruby expertise and specific tools like Docker, Mesos, or gRPC mentioned in the job description. Partial alignment with general backend responsibilities but misses critical technical requirements.",10.0,15.0,A
85,cv_4,20,44,25,"The candidate's profile focuses on data science and machine learning with Python, lacking the required backend development expertise in Go, Ruby, Docker, and microservices architecture. While some server management experience is implied, core technical requirements are unmet.",5.0,19.0,A
85,cv_5,40,44,50,"The candidate has relevant DevOps and ML skills but lacks explicit backend development experience in Go, Ruby, or Ruby on Rails required by the job. Their focus on NestJS and geometric deep learning aligns partially with the role's technical scope, but core backend technologies like Docker, Mesos, and microservices architecture are not clearly addressed.",10.0,6.0,B
86,cv_1,85,50,80,"The candidate has strong Kubernetes expertise (CKA, CKAD), IaC experience, and AWS/Azure certifications aligning with cloud infrastructure requirements. CI/CD and GitOps skills match the job's automation needs. However, the CV lacks explicit mention of GitHub Actions (though CI/CD is covered) and team collaboration specifics required in the role.",5.0,30.0,A
86,cv_2,20,41,25,"The candidate has basic AWS certification and some development experience, but lacks explicit DevOps expertise, Kubernetes, or CI/CD implementation experience required for the senior role. The profile focuses on full-stack development rather than infrastructure management.",5.0,16.0,A
86,cv_3,20,42,50,"The candidate has software engineering leadership and infrastructure experience, but lacks explicit DevOps expertise, AWS/Kubernetes skills, and CI/CD implementation details required for the role. Partial alignment with infrastructure management but missing core technical requirements.",30.0,8.0,B
86,cv_4,20,59,40,"The candidate has a DevOps Engineer certification and some cloud-related experience, but their primary expertise lies in AI/ML and web development. The CV lacks specific AWS/Kubernetes experience and CI/CD implementation details required for the Senior DevOps role.",20.0,19.0,B
86,cv_5,20,55,30,"The candidate's profile focuses on machine learning and research projects (e.g., Alzheimer's classification using geometric deep learning) rather than DevOps infrastructure management. While 'DevOps' is listed as a top skill, there is no evidence of AWS, Kubernetes, or CI/CD implementation experience required for the Senior DevOps role. The experience aligns more with ML engineering than infrastructure operations.",10.0,25.0,A
87,cv_1,40,34,35,"The candidate has foundational ML knowledge (certifications in regression/classification) and cloud/DevOps tools (Docker, GitLab CI/CD), but lacks direct experience in deploying ML models or cloud-based AI solutions. His focus remains on full-stack software engineering rather than specialized ML engineering, which is critical for the role.",5.0,1.0,B
87,cv_2,85,37,75,"The candidate has relevant ML engineering experience at TCS and Amazon, along with cloud certifications (Azure AI, Google Cloud) aligning with the job's cloud focus. However, the CV lacks specific details on model deployment experience and cross-team collaboration examples required in the role. The 1.5-year tenure at TCS shows adequate experience, but the 2-month Amazon internship is insufficient to demonstrate depth.",10.0,38.0,A
87,cv_3,20,29,35,"The candidate has a Master's in Intelligent Systems and full-stack development experience, but lacks explicit machine learning engineering skills or projects. The job requires ML model development/deployment expertise not demonstrated in the CV, though cloud alignment and technical education provide partial relevance.",15.0,6.0,B
87,cv_4,70,28,50,"The candidate has strong full-stack development experience with React, Symfony, and Agile methodologies, which partially aligns with software engineering aspects. However, the job requires machine learning expertise (model design, cloud AI solutions) and AI optimization skills, which are entirely absent from the CV. The candidate lacks direct ML/AI experience, making them a partial match.",20.0,22.0,A
87,cv_5,20,34,50,"The candidate has strong full-stack development experience but lacks explicit machine learning, AI, or cloud-based solution expertise required for the role. While their technical skills (React.js, Elasticsearch) are relevant, the absence of ML model development/deployment experience creates a partial match.",30.0,16.0,B
88,cv_1,80,40,50,"The candidate has relevant skills in Java/Spring Boot and Docker, but lacks specific required technologies like Spring Data JPA, Spring Security, and ActiveMQ. As a student without professional experience in these areas, they partially meet the requirements but miss critical components of the job description.",30.0,10.0,B
88,cv_2,85,56,65,"The candidate has relevant Spring Boot experience and mentions some required tools like Maven and Git, but lacks explicit mention of Java 8, Docker, Kubernetes, and ELK stack. The CV contains future-dated roles (2026-2025) which raise credibility concerns about the experience timeline. While the profile aligns partially with backend development needs, critical cloud-native and security technologies are missing.",20.0,9.0,B
88,cv_3,20,45,50,"The candidate has senior-level experience in machine learning and digital transformation but lacks explicit Java development skills (Java 8, Spring Boot, etc.) required for the role. While their technical background is strong, the mismatch in core technologies and frameworks (e.g., no mention of Spring ecosystem or containerization tools) prevents a perfect match.",30.0,5.0,B
88,cv_4,80,47,30,"The candidate lacks core Java expertise (Java 8, Spring Boot, etc.) required for the role, despite having front-end and .NET experience. Partial overlap exists in REST APIs and financial data work, but critical backend Java stack skills are missing.",50.0,17.0,B
88,cv_5,80,41,30,"The candidate's profile focuses on machine learning and Python-based technologies (e.g., Deep Learning, NestJS), with no explicit mention of Java, Spring Boot, or related frameworks required by the job. While some tools like Docker and Jenkins align partially, the core Java/Spring expertise is missing, making the match weak.",50.0,11.0,B
89,cv_1,85,28,50,"The candidate has React.js and JavaScript skills relevant to the role, but lacks explicit mentions of Next.js, TypeScript, jQuery, MaterialUI, TailwindCSS, and Bootstrap required in the job description. Their focus on full-stack/backend technologies (SpringBoot, AWS) and deep learning further reduces alignment with the frontend-specific requirements.",35.0,22.0,B
89,cv_2,80,30,50,"The candidate has relevant experience with React and Next.js, which align with key requirements. However, critical technologies like TypeScript, jQuery, MaterialUI, TailwindCSS, and Bootstrap are not explicitly mentioned, and the CV lacks detailed front-end expertise beyond React/Next.js. This creates a partial match with missing core competencies.",30.0,20.0,B
89,cv_3,85,27,50,"The candidate has software development experience and AWS certifications, but lacks explicit frontend technologies like React.js, TypeScript, or TailwindCSS required by the job. Their role as a Cloud Systems Engineer suggests backend/infrastructure focus, creating a partial match with missing key requirements.",35.0,23.0,B
89,cv_4,20,19,15,"The candidate's profile is entirely focused on network engineering and IT operations with no relevant front-end development experience or technical skills matching the job requirements (React, TypeScript, etc.). The CV shows complete misalignment with the core competencies requested.",5.0,4.0,B
89,cv_5,20,32,20,"The candidate's profile focuses on machine learning and deep learning with no mention of required frontend technologies like React.js, Next.js, or CSS frameworks. Their experience in ML engineering is unrelated to web development requirements.",0.0,12.0,A
90,cv_1,70,38,50,"The candidate has software development experience and teamwork skills relevant to the role, but lacks explicit cybersecurity expertise, tools, or certifications mentioned in the job description. Key requirements like vulnerability analysis and security solution implementation are not addressed in the CV.",20.0,12.0,B
90,cv_2,70,27,50,"The candidate has strong backend development skills and programming experience in languages like Java and Python, which are somewhat relevant for cybersecurity tool development. However, the CV lacks direct cybersecurity experience, vulnerability analysis work, or security-specific certifications required for the role. The mismatch in core security competencies justifies a partial match score.",20.0,23.0,A
90,cv_3,60,33,50,"The candidate has strong development skills in Java, Spring Boot, and SAP technologies, which are partially relevant to cybersecurity tool development. However, there is no direct experience or certifications in cybersecurity, vulnerability analysis, or threat mitigation—core requirements for the role. The profile shows technical capability but lacks alignment with security-specific responsibilities.",10.0,17.0,A
90,cv_4,20,38,20,"The candidate is a senior mobile/web developer with no cybersecurity experience or skills mentioned. The job requires cybersecurity-specific knowledge (vulnerability analysis, security solutions implementation) not addressed in the CV. While the candidate has technical development skills, they don't align with the core security requirements.",0.0,18.0,A
90,cv_5,40,30,40,"The candidate has strong machine learning and DevOps experience but lacks direct cybersecurity expertise. Key requirements like vulnerability analysis, security solutions implementation, and threat mitigation are not addressed in the CV.",0.0,10.0,A
91,cv_1,85,65,75,"The candidate has strong DevOps experience with Azure DevOps, Kubernetes, and CI/CD, aligning with key requirements. However, the CV lacks explicit mention of Terraform, Jenkins, and Azure cloud (only Azure DevOps is noted), which are explicitly listed in the job description. The absence of these specific tools reduces the match score despite overall relevant experience.",10.0,10.0,tie
91,cv_2,20,16,10,"The candidate's profile focuses on full-stack web development (MERN, Angular, Spring Boot) with no explicit mention of DevOps tools (Terraform, Jenkins, Kubernetes) or cloud infrastructure management required by the job. While they have 4+ years of experience, the skills mismatch critical DevOps requirements.",10.0,6.0,B
91,cv_3,80,31,55,"The candidate has partial alignment with DevOps tools like Kubernetes and Docker but lacks explicit experience with Terraform, Jenkins, or Azure DevOps. His roles focus on backend/API development rather than infrastructure management or CI/CD pipelines, which are central to the job.",25.0,24.0,B
91,cv_4,20,33,35,"The candidate has strong AI/ML skills and Python experience, but lacks explicit DevOps tooling (Terraform, Jenkins, Kubernetes) and cloud infrastructure management expertise required for the role. Some transferable automation skills exist, but core DevOps competencies are missing.",15.0,2.0,B
91,cv_5,85,53,50,"The candidate lists DevOps as a top skill but lacks explicit experience with required tools (Terraform, Jenkins, Kubernetes) or infrastructure management. Their experience focuses on machine learning and geometric deep learning projects, not cloud operations or CI/CD pipelines. The CV shows partial alignment with the job's DevOps focus but misses critical technical requirements.",35.0,3.0,B
92,cv_1,80,30,50,"The candidate has strong frontend skills in React, TypeScript, and tools like Cypress, which align with parts of the job requirements. However, the job demands fullstack expertise with Python, NestJS, AdonisJS, Angular, and cybersecurity experience, which are not present in the CV. The lack of backend frameworks and security-related projects significantly reduces the match.",30.0,20.0,B
92,cv_2,80,36,50,"The candidate has full-stack experience and Angular proficiency, which partially aligns with the job's requirements. However, critical technologies like TypeScript, Python, NextJS, NestJS, and AdonisJS are missing from their CV. The lack of explicit cybersecurity project experience further reduces alignment.",30.0,14.0,B
92,cv_3,85,54,55,"The candidate has partial overlap with required skills (React, Next.js, Angular) and full-stack experience, but lacks critical technologies like TypeScript, Python, NestJS, and AdonisJS specified in the job. Cybersecurity experience is also missing. The 3+ years of experience aligns with the role's seniority, but key technical requirements are unmet.",30.0,1.0,B
