row_idx,job_snippet,score_cv_1,score_cv_2,score_cv_3,score_cv_4,score_cv_5,label_cv_1,label_cv_2,label_cv_3,label_cv_4,label_cv_5,predicted_best_cv,predicted_label,scores,labels
0,votre prochain défi professionnel se trouve dans un poste stratégique en data sc,0.9782847603561938,0.9474031701963521,0.9615756472322141,0.8963081199701103,0.9444958750277678,data analyst,full stack engineer,cloud engineer,frontend,machine learning engineer,cv_1,data analyst,"{'cv_1': 0.9782847603561938, 'cv_2': 0.9474031701963521, 'cv_3': 0.9615756472322141, 'cv_4': 0.8963081199701103, 'cv_5': 0.9444958750277678}","{'cv_1': 'data analyst', 'cv_2': 'full stack engineer', 'cv_3': 'cloud engineer', 'cv_4': 'frontend', 'cv_5': 'machine learning engineer'}"
1,mission passionnante pour un machine learning engineer chez une entreprise de te,0.9669990379791985,0.9352458349906749,0.9617567983485029,0.8985491806053265,0.8877970542293256,ai engineer,senior research scientist engineer,machine learning engineer,software(full stack),backend engineer,cv_1,ai engineer,"{'cv_1': 0.9669990379791985, 'cv_2': 0.9352458349906749, 'cv_3': 0.9617567983485029, 'cv_4': 0.8985491806053265, 'cv_5': 0.8877970542293256}","{'cv_1': 'ai engineer', 'cv_2': 'senior research scientist engineer', 'cv_3': 'machine learning engineer', 'cv_4': 'software(full stack)', 'cv_5': 'backend engineer'}"
2,mission passionnante pour un développeur full-stack expérimenté chez sofrecom tu,0.8759165487117362,0.946447524749472,0.9698490018035674,0.9068882897275319,0.9059744501150913,software(full stack),site reliability engineer,backend engineer,machine learning engineer,machine learning engineer,cv_3,backend engineer,"{'cv_1': 0.8759165487117362, 'cv_2': 0.946447524749472, 'cv_3': 0.9698490018035674, 'cv_4': 0.9068882897275319, 'cv_5': 0.9059744501150913}","{'cv_1': 'software(full stack)', 'cv_2': 'site reliability engineer', 'cv_3': 'backend engineer', 'cv_4': 'machine learning engineer', 'cv_5': 'machine learning engineer'}"
3,mission passionnante pour un ai engineer expérimenté pour rejoindre notre équipe,0.9679823084298533,0.9603242793029516,0.8801620655307691,0.9600207803561042,0.8773301570143076,full stack engineer,backend engineer,full stack engineer,full stack engineer,full stack engineer,cv_1,full stack engineer,"{'cv_1': 0.9679823084298533, 'cv_2': 0.9603242793029516, 'cv_3': 0.8801620655307691, 'cv_4': 0.9600207803561042, 'cv_5': 0.8773301570143076}","{'cv_1': 'full stack engineer', 'cv_2': 'backend engineer', 'cv_3': 'full stack engineer', 'cv_4': 'full stack engineer', 'cv_5': 'full stack engineer'}"
4,mission passionnante pour un ingénieur cloud & devops chez un éditeur de logicie,0.9462730914263406,0.9096112237331864,0.9049219237423747,0.894087797799537,0.8821950322845149,cloud engineer,full stack engineer,data analyst,software(full stack),machine learning engineer,cv_1,cloud engineer,"{'cv_1': 0.9462730914263406, 'cv_2': 0.9096112237331864, 'cv_3': 0.9049219237423747, 'cv_4': 0.894087797799537, 'cv_5': 0.8821950322845149}","{'cv_1': 'cloud engineer', 'cv_2': 'full stack engineer', 'cv_3': 'data analyst', 'cv_4': 'software(full stack)', 'cv_5': 'machine learning engineer'}"
5,mission passionnante pour un data analyst expérimenté chez un acteur majeur de l,0.9846958890540799,0.941509154187292,0.9683154110809472,0.9642008642431923,0.9378830056294483,data analyst,full stack engineer,backend engineer,full stack engineer,machine learning engineer,cv_1,data analyst,"{'cv_1': 0.9846958890540799, 'cv_2': 0.941509154187292, 'cv_3': 0.9683154110809472, 'cv_4': 0.9642008642431923, 'cv_5': 0.9378830056294483}","{'cv_1': 'data analyst', 'cv_2': 'full stack engineer', 'cv_3': 'backend engineer', 'cv_4': 'full stack engineer', 'cv_5': 'machine learning engineer'}"
6,mission passionnante pour un data scientist chez notre entreprise. nous recherch,0.9689396349318811,0.9493514433983713,0.9671287051916071,0.9171156755635046,0.9708624770905664,data analyst,dev ai,machine learning engineer,cloud &devops engineer,machine learning engineer,cv_5,machine learning engineer,"{'cv_1': 0.9689396349318811, 'cv_2': 0.9493514433983713, 'cv_3': 0.9671287051916071, 'cv_4': 0.9171156755635046, 'cv_5': 0.9708624770905664}","{'cv_1': 'data analyst', 'cv_2': 'dev ai', 'cv_3': 'machine learning engineer', 'cv_4': 'cloud &devops engineer', 'cv_5': 'machine learning engineer'}"
7,votre prochain défi professionnel est chez notre entreprise en tant que data sci,0.9643209289614032,0.9851285110435216,0.9699414946804785,0.9290468128581124,0.9153066748010306,data science,data analyst,data analyst,ntework engineer,full stack engineer,cv_2,data analyst,"{'cv_1': 0.9643209289614032, 'cv_2': 0.9851285110435216, 'cv_3': 0.9699414946804785, 'cv_4': 0.9290468128581124, 'cv_5': 0.9153066748010306}","{'cv_1': 'data science', 'cv_2': 'data analyst', 'cv_3': 'data analyst', 'cv_4': 'ntework engineer', 'cv_5': 'full stack engineer'}"
8,votre prochain défi professionnel se trouve dans un environnement où la science ,0.9877243706183361,0.9424971463333167,0.9424971463333167,0.9246712856914541,0.827726020627375,machine learning engineer,full stack engineer,full stack engineer,reality solution designer,full stack engineer,cv_1,machine learning engineer,"{'cv_1': 0.9877243706183361, 'cv_2': 0.9424971463333167, 'cv_3': 0.9424971463333167, 'cv_4': 0.9246712856914541, 'cv_5': 0.827726020627375}","{'cv_1': 'machine learning engineer', 'cv_2': 'full stack engineer', 'cv_3': 'full stack engineer', 'cv_4': 'reality solution designer', 'cv_5': 'full stack engineer'}"
9,mission passionnante pour un étudiant en master d'économétrie et statistique app,0.9759210812052457,0.9379020487755731,0.8986369974812145,0.9575147234674041,0.9486660648663924,data analyst,senior research scientist engineer,full stack engineer,backend engineer,network engineer,cv_1,data analyst,"{'cv_1': 0.9759210812052457, 'cv_2': 0.9379020487755731, 'cv_3': 0.8986369974812145, 'cv_4': 0.9575147234674041, 'cv_5': 0.9486660648663924}","{'cv_1': 'data analyst', 'cv_2': 'senior research scientist engineer', 'cv_3': 'full stack engineer', 'cv_4': 'backend engineer', 'cv_5': 'network engineer'}"
10,mission passionnante pour un data scientist en économétrie et statistique appliq,0.9420717311539379,0.962587795207607,0.9152694902705593,0.0,0.8632631157387896,data analyst,ai engineer,cloud engineer,reality solution designer,backend engineer,cv_2,ai engineer,"{'cv_1': 0.9420717311539379, 'cv_2': 0.962587795207607, 'cv_3': 0.9152694902705593, 'cv_4': 0.0, 'cv_5': 0.8632631157387896}","{'cv_1': 'data analyst', 'cv_2': 'ai engineer', 'cv_3': 'cloud engineer', 'cv_4': 'reality solution designer', 'cv_5': 'backend engineer'}"
11,votre prochain défi professionnel est chez notre entreprise en tant que data sci,0.9848881337566606,0.957959016341589,0.9592835533145778,0.9776008457059404,0.9574318602292752,data analyst,cloud engineer,frontend,machine learning engineer,machine learning engineer,cv_1,data analyst,"{'cv_1': 0.9848881337566606, 'cv_2': 0.957959016341589, 'cv_3': 0.9592835533145778, 'cv_4': 0.9776008457059404, 'cv_5': 0.9574318602292752}","{'cv_1': 'data analyst', 'cv_2': 'cloud engineer', 'cv_3': 'frontend', 'cv_4': 'machine learning engineer', 'cv_5': 'machine learning engineer'}"
12,votre prochain défi professionnel se trouve dans un poste stratégique en edge ai,0.9112421534574424,0.9624258609408394,0.9696104508646112,0.9236888338270379,0.9621461775525196,frontend,machine learning engineer,devops,reality solution designer,machine learning engineer,cv_3,devops,"{'cv_1': 0.9112421534574424, 'cv_2': 0.9624258609408394, 'cv_3': 0.9696104508646112, 'cv_4': 0.9236888338270379, 'cv_5': 0.9621461775525196}","{'cv_1': 'frontend', 'cv_2': 'machine learning engineer', 'cv_3': 'devops', 'cv_4': 'reality solution designer', 'cv_5': 'machine learning engineer'}"
13,mission passionnante pour un développeur web expérimenté ! nous recherchons un e,0.9562105479041879,0.8893032851143546,0.9432141654021311,0.9121835115767175,0.9052965271684119,web developer junior,reality solution designer,software(full stack),senior research scientist engineer,machine learning engineer,cv_1,web developer junior,"{'cv_1': 0.9562105479041879, 'cv_2': 0.8893032851143546, 'cv_3': 0.9432141654021311, 'cv_4': 0.9121835115767175, 'cv_5': 0.9052965271684119}","{'cv_1': 'web developer junior', 'cv_2': 'reality solution designer', 'cv_3': 'software(full stack)', 'cv_4': 'senior research scientist engineer', 'cv_5': 'machine learning engineer'}"
14,votre prochain défi professionnel chez une entreprise dynamique en tant que seni,0.9783785867103454,0.9288760502226671,0.9247969182766791,0.9340549820166492,0.9120134670666243,cloud engineer,software(full stack),frontend,data analyst,machine learning engineer,cv_1,cloud engineer,"{'cv_1': 0.9783785867103454, 'cv_2': 0.9288760502226671, 'cv_3': 0.9247969182766791, 'cv_4': 0.9340549820166492, 'cv_5': 0.9120134670666243}","{'cv_1': 'cloud engineer', 'cv_2': 'software(full stack)', 'cv_3': 'frontend', 'cv_4': 'data analyst', 'cv_5': 'machine learning engineer'}"
15,votre prochain défi professionnel se trouve dans un poste stratégique en dévelop,0.9675341074985009,0.9475889607906367,0.969385071852171,0.8298308875906966,0.9131245472607644,full stack engineer,full stack engineer,full stack engineer,ntework engineer,machine learning engineer,cv_3,full stack engineer,"{'cv_1': 0.9675341074985009, 'cv_2': 0.9475889607906367, 'cv_3': 0.969385071852171, 'cv_4': 0.8298308875906966, 'cv_5': 0.9131245472607644}","{'cv_1': 'full stack engineer', 'cv_2': 'full stack engineer', 'cv_3': 'full stack engineer', 'cv_4': 'ntework engineer', 'cv_5': 'machine learning engineer'}"
16,mission passionnante pour un data analyst chez notre entreprise de technologie. ,0.9829595101818566,0.8078919322605332,0.8078919322605332,0.9405477757085722,0.9192512122789036,data analyst,network engineer,ntework engineer,senior research scientist engineer,machine learning engineer,cv_1,data analyst,"{'cv_1': 0.9829595101818566, 'cv_2': 0.8078919322605332, 'cv_3': 0.8078919322605332, 'cv_4': 0.9405477757085722, 'cv_5': 0.9192512122789036}","{'cv_1': 'data analyst', 'cv_2': 'network engineer', 'cv_3': 'ntework engineer', 'cv_4': 'senior research scientist engineer', 'cv_5': 'machine learning engineer'}"
17,mission passionnante pour un ingénieur devops expérimenté chez notre entreprise ,0.9589883862498172,0.9177106583470318,0.9496948060809289,0.9025006339738637,0.8963789989234203,devops,site reliability engineer,backend engineer,machine learning engineer,machine learning engineer,cv_1,devops,"{'cv_1': 0.9589883862498172, 'cv_2': 0.9177106583470318, 'cv_3': 0.9496948060809289, 'cv_4': 0.9025006339738637, 'cv_5': 0.8963789989234203}","{'cv_1': 'devops', 'cv_2': 'site reliability engineer', 'cv_3': 'backend engineer', 'cv_4': 'machine learning engineer', 'cv_5': 'machine learning engineer'}"
18,votre prochain défi professionnel est chez skygate en tant que développeur full-,0.9366873048115346,0.9154222623094928,0.8963989244397752,0.9212475378762007,0.8840862321119125,web developer junior,site reliability engineer,machine learning engineer,data science,machine learning engineer,cv_1,web developer junior,"{'cv_1': 0.9366873048115346, 'cv_2': 0.9154222623094928, 'cv_3': 0.8963989244397752, 'cv_4': 0.9212475378762007, 'cv_5': 0.8840862321119125}","{'cv_1': 'web developer junior', 'cv_2': 'site reliability engineer', 'cv_3': 'machine learning engineer', 'cv_4': 'data science', 'cv_5': 'machine learning engineer'}"
19,mission passionnante pour un ingénieur logiciel sénior expérimenté dans le domai,0.9558525049060941,0.9441743006204215,0.9165075718864601,0.0,0.9322428117159232,full stack engineer,backend engineer,data science,reality solution designer,machine learning engineer,cv_1,full stack engineer,"{'cv_1': 0.9558525049060941, 'cv_2': 0.9441743006204215, 'cv_3': 0.9165075718864601, 'cv_4': 0.0, 'cv_5': 0.9322428117159232}","{'cv_1': 'full stack engineer', 'cv_2': 'backend engineer', 'cv_3': 'data science', 'cv_4': 'reality solution designer', 'cv_5': 'machine learning engineer'}"
20,votre prochain défi professionnel en tant que développeur web full-stack chez un,0.9375103253686828,0.9429031455193058,0.8688424338237419,0.8456378937956563,0.8623944766009406,software(full stack),full stack engineer,devops,data science,machine learning engineer,cv_2,full stack engineer,"{'cv_1': 0.9375103253686828, 'cv_2': 0.9429031455193058, 'cv_3': 0.8688424338237419, 'cv_4': 0.8456378937956563, 'cv_5': 0.8623944766009406}","{'cv_1': 'software(full stack)', 'cv_2': 'full stack engineer', 'cv_3': 'devops', 'cv_4': 'data science', 'cv_5': 'machine learning engineer'}"
21,mission passionnante pour un ingénieur de confiance de site en tant que membre c,0.9374194822698578,0.9527076510450536,0.9145379151000854,0.9326501088389997,0.9092198969168056,web developer junior,cloud &devops engineer,backend engineer,ai engineer,machine learning engineer,cv_2,cloud &devops engineer,"{'cv_1': 0.9374194822698578, 'cv_2': 0.9527076510450536, 'cv_3': 0.9145379151000854, 'cv_4': 0.9326501088389997, 'cv_5': 0.9092198969168056}","{'cv_1': 'web developer junior', 'cv_2': 'cloud &devops engineer', 'cv_3': 'backend engineer', 'cv_4': 'ai engineer', 'cv_5': 'machine learning engineer'}"
22,mission passionnante pour un architecte cloud expérimenté chez une entreprise le,0.9279679510475982,0.9546210177310136,0.8611940290711282,0.8490371408872188,0.8360950861131201,devops,devops,backend engineer,software(full stack),machine learning engineer,cv_2,devops,"{'cv_1': 0.9279679510475982, 'cv_2': 0.9546210177310136, 'cv_3': 0.8611940290711282, 'cv_4': 0.8490371408872188, 'cv_5': 0.8360950861131201}","{'cv_1': 'devops', 'cv_2': 'devops', 'cv_3': 'backend engineer', 'cv_4': 'software(full stack)', 'cv_5': 'machine learning engineer'}"
23,mission passionnante pour un développeur full-stack expérimenté chez une entrepr,0.9345474277897047,0.9339650733883376,0.9347335518995414,0.8030009431903615,0.917786554831353,web developer junior,full stack engineer,full stack engineer,ntework engineer,machine learning engineer,cv_3,full stack engineer,"{'cv_1': 0.9345474277897047, 'cv_2': 0.9339650733883376, 'cv_3': 0.9347335518995414, 'cv_4': 0.8030009431903615, 'cv_5': 0.917786554831353}","{'cv_1': 'web developer junior', 'cv_2': 'full stack engineer', 'cv_3': 'full stack engineer', 'cv_4': 'ntework engineer', 'cv_5': 'machine learning engineer'}"
24,mission passionnante pour un ingénieur en intelligence artificielle et apprentis,0.9383495959813792,0.8941855082813133,0.9180427225365934,0.8910617015240004,0.8849421051529646,machine learning engineer,full stack engineer,site reliability engineer,cloud engineer,full stack engineer,cv_1,machine learning engineer,"{'cv_1': 0.9383495959813792, 'cv_2': 0.8941855082813133, 'cv_3': 0.9180427225365934, 'cv_4': 0.8910617015240004, 'cv_5': 0.8849421051529646}","{'cv_1': 'machine learning engineer', 'cv_2': 'full stack engineer', 'cv_3': 'site reliability engineer', 'cv_4': 'cloud engineer', 'cv_5': 'full stack engineer'}"
25,mission passionnante pour un ingénieur en intelligence artificielle expérimenté ,0.9091027663873101,0.938926440882475,0.9146394995007057,0.8134188032161804,0.9558021235794554,frontend,full stack engineer,data science,ntework engineer,machine learning engineer,cv_5,machine learning engineer,"{'cv_1': 0.9091027663873101, 'cv_2': 0.938926440882475, 'cv_3': 0.9146394995007057, 'cv_4': 0.8134188032161804, 'cv_5': 0.9558021235794554}","{'cv_1': 'frontend', 'cv_2': 'full stack engineer', 'cv_3': 'data science', 'cv_4': 'ntework engineer', 'cv_5': 'machine learning engineer'}"
26,votre prochain défi professionnel est un poste de backend engineer dans une entr,0.9386442650734075,0.9439468920005133,0.9043659978680574,0.9526332851863087,0.9053932035784032,web developer junior,site reliability engineer,software(full stack),full stack engineer,machine learning engineer,cv_4,full stack engineer,"{'cv_1': 0.9386442650734075, 'cv_2': 0.9439468920005133, 'cv_3': 0.9043659978680574, 'cv_4': 0.9526332851863087, 'cv_5': 0.9053932035784032}","{'cv_1': 'web developer junior', 'cv_2': 'site reliability engineer', 'cv_3': 'software(full stack)', 'cv_4': 'full stack engineer', 'cv_5': 'machine learning engineer'}"
27,votre prochain défi professionnel chez un leader de l'industrie des systèmes emb,0.9178473412296096,0.9563767280926809,0.9354398930639535,0.9107657423740085,0.9139113041176379,full stack engineer,machine learning engineer,devops,backend engineer,machine learning engineer,cv_2,machine learning engineer,"{'cv_1': 0.9178473412296096, 'cv_2': 0.9563767280926809, 'cv_3': 0.9354398930639535, 'cv_4': 0.9107657423740085, 'cv_5': 0.9139113041176379}","{'cv_1': 'full stack engineer', 'cv_2': 'machine learning engineer', 'cv_3': 'devops', 'cv_4': 'backend engineer', 'cv_5': 'machine learning engineer'}"
28,mission passionnante pour un développeur full stack chez notre entreprise ! nous,0.8922201174953953,0.8946856190425916,0.9606980496673373,0.891127478910116,0.8691408620008929,software(full stack),site reliability engineer,frontend,data science,machine learning engineer,cv_3,frontend,"{'cv_1': 0.8922201174953953, 'cv_2': 0.8946856190425916, 'cv_3': 0.9606980496673373, 'cv_4': 0.891127478910116, 'cv_5': 0.8691408620008929}","{'cv_1': 'software(full stack)', 'cv_2': 'site reliability engineer', 'cv_3': 'frontend', 'cv_4': 'data science', 'cv_5': 'machine learning engineer'}"
29,mission passionnante pour un développeur backend expérimenté. nous recherchons u,0.9747567413029093,0.9348367649779148,0.9650790490363212,0.9279824807435895,0.9067790927150596,cloud engineer,full stack engineer,backend engineer,data science,machine learning engineer,cv_1,cloud engineer,"{'cv_1': 0.9747567413029093, 'cv_2': 0.9348367649779148, 'cv_3': 0.9650790490363212, 'cv_4': 0.9279824807435895, 'cv_5': 0.9067790927150596}","{'cv_1': 'cloud engineer', 'cv_2': 'full stack engineer', 'cv_3': 'backend engineer', 'cv_4': 'data science', 'cv_5': 'machine learning engineer'}"
30,mission passionnante pour un expert en devops et mlops chez un leader de l'indus,0.9683647799537319,0.8721624905040857,0.9479987072881796,0.9279579164922759,0.93022670144089,web developer junior,full stack engineer,cloud engineer,software(full stack),machine learning engineer,cv_1,web developer junior,"{'cv_1': 0.9683647799537319, 'cv_2': 0.8721624905040857, 'cv_3': 0.9479987072881796, 'cv_4': 0.9279579164922759, 'cv_5': 0.93022670144089}","{'cv_1': 'web developer junior', 'cv_2': 'full stack engineer', 'cv_3': 'cloud engineer', 'cv_4': 'software(full stack)', 'cv_5': 'machine learning engineer'}"
31,mission passionnante pour un ingénieur en ia et développement logiciel chez notr,0.9830683902369901,0.9224416538695662,0.9726073583869608,0.9371085035380388,0.9378390303304299,full stack engineer,data science,full stack engineer,full stack engineer,machine learning engineer,cv_1,full stack engineer,"{'cv_1': 0.9830683902369901, 'cv_2': 0.9224416538695662, 'cv_3': 0.9726073583869608, 'cv_4': 0.9371085035380388, 'cv_5': 0.9378390303304299}","{'cv_1': 'full stack engineer', 'cv_2': 'data science', 'cv_3': 'full stack engineer', 'cv_4': 'full stack engineer', 'cv_5': 'machine learning engineer'}"
32,poste stratégique en développement logiciel chez une entreprise de technologie. ,0.9269987856895736,0.9234598841837174,0.8959304340943752,0.8437895730869354,0.91229139596111,web developer junior,data analyst,site reliability engineer,full stack engineer,machine learning engineer,cv_1,web developer junior,"{'cv_1': 0.9269987856895736, 'cv_2': 0.9234598841837174, 'cv_3': 0.8959304340943752, 'cv_4': 0.8437895730869354, 'cv_5': 0.91229139596111}","{'cv_1': 'web developer junior', 'cv_2': 'data analyst', 'cv_3': 'site reliability engineer', 'cv_4': 'full stack engineer', 'cv_5': 'machine learning engineer'}"
33,mission passionnante pour un(e) approvisionneuse expérimenté(e) chez un fourniss,0.0,0.0,0.0,0.0,0.0,web developer junior,full stack engineer,cloud engineer,machine learning engineer,machine learning engineer,cv_1,web developer junior,"{'cv_1': 0.0, 'cv_2': 0.0, 'cv_3': 0.0, 'cv_4': 0.0, 'cv_5': 0.0}","{'cv_1': 'web developer junior', 'cv_2': 'full stack engineer', 'cv_3': 'cloud engineer', 'cv_4': 'machine learning engineer', 'cv_5': 'machine learning engineer'}"
34,"mission passionnante pour un étudiant en bachelor it à la plateforme, nous reche",0.9373992081242327,0.9165891503946889,0.9494464557845531,0.9447882306374604,0.8965219845376545,software(full stack),senior research scientist engineer,site reliability engineer,data analyst,machine learning engineer,cv_3,site reliability engineer,"{'cv_1': 0.9373992081242327, 'cv_2': 0.9165891503946889, 'cv_3': 0.9494464557845531, 'cv_4': 0.9447882306374604, 'cv_5': 0.8965219845376545}","{'cv_1': 'software(full stack)', 'cv_2': 'senior research scientist engineer', 'cv_3': 'site reliability engineer', 'cv_4': 'data analyst', 'cv_5': 'machine learning engineer'}"
35,mission passionnante pour un data analyst expérimenté au sein d'une équipe dynam,0.9783885929922417,0.9453924488306567,0.9453924488306567,0.0,0.924482821404064,data analyst,data science,machine learning engineer,reality solution designer,machine learning engineer,cv_1,data analyst,"{'cv_1': 0.9783885929922417, 'cv_2': 0.9453924488306567, 'cv_3': 0.9453924488306567, 'cv_4': 0.0, 'cv_5': 0.924482821404064}","{'cv_1': 'data analyst', 'cv_2': 'data science', 'cv_3': 'machine learning engineer', 'cv_4': 'reality solution designer', 'cv_5': 'machine learning engineer'}"
36,mission passionnante pour un senior cybersecurity engineer expérimenté pour rejo,0.6510096036006234,0.9649085997322518,0.9309298513056888,0.0,0.9327400700547248,cyber,data analyst,site reliability engineer,network engineer,machine learning engineer,cv_2,data analyst,"{'cv_1': 0.6510096036006234, 'cv_2': 0.9649085997322518, 'cv_3': 0.9309298513056888, 'cv_4': 0.0, 'cv_5': 0.9327400700547248}","{'cv_1': 'cyber', 'cv_2': 'data analyst', 'cv_3': 'site reliability engineer', 'cv_4': 'network engineer', 'cv_5': 'machine learning engineer'}"
37,mission passionnante pour un data analyst expérimenté ! notre entreprise recherc,0.9647589511969482,0.9175166931143259,0.7993163944992572,0.9088688108435252,0.9129813557713675,data analyst,machine learning engineer,software(full stack),machine learning engineer,machine learning engineer,cv_1,data analyst,"{'cv_1': 0.9647589511969482, 'cv_2': 0.9175166931143259, 'cv_3': 0.7993163944992572, 'cv_4': 0.9088688108435252, 'cv_5': 0.9129813557713675}","{'cv_1': 'data analyst', 'cv_2': 'machine learning engineer', 'cv_3': 'software(full stack)', 'cv_4': 'machine learning engineer', 'cv_5': 'machine learning engineer'}"
38,mission passionnante pour un développeur full stack expérimenté chez une entrepr,0.903071288211628,0.9675340299805445,0.9677492270604595,0.924193539564036,0.913712212610042,full stack engineer,web developer junior,full stack engineer,data analyst,machine learning engineer,cv_3,full stack engineer,"{'cv_1': 0.903071288211628, 'cv_2': 0.9675340299805445, 'cv_3': 0.9677492270604595, 'cv_4': 0.924193539564036, 'cv_5': 0.913712212610042}","{'cv_1': 'full stack engineer', 'cv_2': 'web developer junior', 'cv_3': 'full stack engineer', 'cv_4': 'data analyst', 'cv_5': 'machine learning engineer'}"
39,mission passionnante pour un ingénieur réalité virtuelle et augmentée chez notre,0.9848049808414042,0.9312034240414807,0.964239332088902,0.9205401627468711,0.8852320333285579,software(full stack),ai engineer,backend engineer,data science,full stack engineer,cv_1,software(full stack),"{'cv_1': 0.9848049808414042, 'cv_2': 0.9312034240414807, 'cv_3': 0.964239332088902, 'cv_4': 0.9205401627468711, 'cv_5': 0.8852320333285579}","{'cv_1': 'software(full stack)', 'cv_2': 'ai engineer', 'cv_3': 'backend engineer', 'cv_4': 'data science', 'cv_5': 'full stack engineer'}"
40,votre prochain défi professionnel est un poste stratégique en data science et dé,0.9825404859647175,0.954201577279361,0.944946325847879,0.8627740443107207,0.9380797789237205,web developer junior,backend engineer,data science,cyber,machine learning engineer,cv_1,web developer junior,"{'cv_1': 0.9825404859647175, 'cv_2': 0.954201577279361, 'cv_3': 0.944946325847879, 'cv_4': 0.8627740443107207, 'cv_5': 0.9380797789237205}","{'cv_1': 'web developer junior', 'cv_2': 'backend engineer', 'cv_3': 'data science', 'cv_4': 'cyber', 'cv_5': 'machine learning engineer'}"
41,mission passionnante pour un data analyst expérimenté chez notre entreprise. nou,0.9687356507054175,0.8166937692879745,0.9109844619790296,0.8186343870578683,0.9152953077098385,data analyst,site reliability engineer,senior research scientist engineer,reality solution designer,machine learning engineer,cv_1,data analyst,"{'cv_1': 0.9687356507054175, 'cv_2': 0.8166937692879745, 'cv_3': 0.9109844619790296, 'cv_4': 0.8186343870578683, 'cv_5': 0.9152953077098385}","{'cv_1': 'data analyst', 'cv_2': 'site reliability engineer', 'cv_3': 'senior research scientist engineer', 'cv_4': 'reality solution designer', 'cv_5': 'machine learning engineer'}"
42,mission passionnante pour un data scientist expérimenté dans le domaine de l'app,0.9619693887071427,0.9622582287140798,0.9787836228276319,0.9548993184167791,0.8502677587625602,data science,cloud engineer,web developer junior,backend engineer,full stack engineer,cv_3,web developer junior,"{'cv_1': 0.9619693887071427, 'cv_2': 0.9622582287140798, 'cv_3': 0.9787836228276319, 'cv_4': 0.9548993184167791, 'cv_5': 0.8502677587625602}","{'cv_1': 'data science', 'cv_2': 'cloud engineer', 'cv_3': 'web developer junior', 'cv_4': 'backend engineer', 'cv_5': 'full stack engineer'}"
43,mission passionnante pour un data analyst expérimenté dans un environnement dyna,0.9692580695108766,0.883491245331196,0.917747589369586,0.8761341557734577,0.9364859395781984,machine learning engineer,frontend,full stack engineer,software(full stack),machine learning engineer,cv_1,machine learning engineer,"{'cv_1': 0.9692580695108766, 'cv_2': 0.883491245331196, 'cv_3': 0.917747589369586, 'cv_4': 0.8761341557734577, 'cv_5': 0.9364859395781984}","{'cv_1': 'machine learning engineer', 'cv_2': 'frontend', 'cv_3': 'full stack engineer', 'cv_4': 'software(full stack)', 'cv_5': 'machine learning engineer'}"
44,mission passionnante pour un expert en intelligence artificielle chez behold.ai ,0.9361323686879836,0.9330609515218536,0.8946140731664037,0.9373270670335955,0.9096138978048812,senior research scientist engineer,dev ai,full stack engineer,cloud engineer,full stack engineer,cv_4,cloud engineer,"{'cv_1': 0.9361323686879836, 'cv_2': 0.9330609515218536, 'cv_3': 0.8946140731664037, 'cv_4': 0.9373270670335955, 'cv_5': 0.9096138978048812}","{'cv_1': 'senior research scientist engineer', 'cv_2': 'dev ai', 'cv_3': 'full stack engineer', 'cv_4': 'cloud engineer', 'cv_5': 'full stack engineer'}"
45,votre prochain défi professionnel se trouve dans un environnement dynamique où l,0.9706477166127399,0.9384410312256721,0.9384410312256721,0.9328517571293787,0.8397401573175943,web developer junior,senior research scientist engineer,machine learning engineer,software(full stack),full stack engineer,cv_1,web developer junior,"{'cv_1': 0.9706477166127399, 'cv_2': 0.9384410312256721, 'cv_3': 0.9384410312256721, 'cv_4': 0.9328517571293787, 'cv_5': 0.8397401573175943}","{'cv_1': 'web developer junior', 'cv_2': 'senior research scientist engineer', 'cv_3': 'machine learning engineer', 'cv_4': 'software(full stack)', 'cv_5': 'full stack engineer'}"
46,mission passionnante pour un senior frontend developer expérimenté chez notre en,0.9277960236095986,0.8851560982903581,0.9847709054911755,0.8986696554845697,0.8613278471657703,software(full stack),data analyst,backend engineer,data science,machine learning engineer,cv_3,backend engineer,"{'cv_1': 0.9277960236095986, 'cv_2': 0.8851560982903581, 'cv_3': 0.9847709054911755, 'cv_4': 0.8986696554845697, 'cv_5': 0.8613278471657703}","{'cv_1': 'software(full stack)', 'cv_2': 'data analyst', 'cv_3': 'backend engineer', 'cv_4': 'data science', 'cv_5': 'machine learning engineer'}"
47,mission passionnante pour un data analyst en alternance ! nous recherchons un ca,0.9619062530523388,0.9019796867610724,0.9303508610149205,0.8337742950623974,0.9196856439053088,data analyst,full stack engineer,machine learning engineer,reality solution designer,machine learning engineer,cv_1,data analyst,"{'cv_1': 0.9619062530523388, 'cv_2': 0.9019796867610724, 'cv_3': 0.9303508610149205, 'cv_4': 0.8337742950623974, 'cv_5': 0.9196856439053088}","{'cv_1': 'data analyst', 'cv_2': 'full stack engineer', 'cv_3': 'machine learning engineer', 'cv_4': 'reality solution designer', 'cv_5': 'machine learning engineer'}"
48,mission passionnante pour un expert en web3 et blockchain. notre entreprise rech,0.9605355314971815,0.9194551547865251,0.9781596124673451,0.8854918924356567,0.8579303777788674,software(full stack),site reliability engineer,backend engineer,network engineer,machine learning engineer,cv_3,backend engineer,"{'cv_1': 0.9605355314971815, 'cv_2': 0.9194551547865251, 'cv_3': 0.9781596124673451, 'cv_4': 0.8854918924356567, 'cv_5': 0.8579303777788674}","{'cv_1': 'software(full stack)', 'cv_2': 'site reliability engineer', 'cv_3': 'backend engineer', 'cv_4': 'network engineer', 'cv_5': 'machine learning engineer'}"
49,mission passionnante pour un leader en sécurité informatique ! nous recherchons ,0.0,0.0,0.0,0.0,0.0,data science,frontend,site reliability engineer,data science,machine learning engineer,cv_1,data science,"{'cv_1': 0.0, 'cv_2': 0.0, 'cv_3': 0.0, 'cv_4': 0.0, 'cv_5': 0.0}","{'cv_1': 'data science', 'cv_2': 'frontend', 'cv_3': 'site reliability engineer', 'cv_4': 'data science', 'cv_5': 'machine learning engineer'}"
50,mission passionnante pour un software/machine learning engineer chez une entrepr,0.9715228359117414,0.926258830412818,0.926258830412818,0.8469397291254221,0.8206232726060729,backend engineer,data science,machine learning engineer,cyber,full stack engineer,cv_1,backend engineer,"{'cv_1': 0.9715228359117414, 'cv_2': 0.926258830412818, 'cv_3': 0.926258830412818, 'cv_4': 0.8469397291254221, 'cv_5': 0.8206232726060729}","{'cv_1': 'backend engineer', 'cv_2': 'data science', 'cv_3': 'machine learning engineer', 'cv_4': 'cyber', 'cv_5': 'full stack engineer'}"
51,votre prochain défi professionnel est de rejoindre notre équipe de recherche en ,0.9386105957913173,0.8978084157270835,0.9572691816408547,0.8879132104199536,0.8031384469144487,web developer junior,full stack engineer,data analyst,cloud &devops engineer,full stack engineer,cv_3,data analyst,"{'cv_1': 0.9386105957913173, 'cv_2': 0.8978084157270835, 'cv_3': 0.9572691816408547, 'cv_4': 0.8879132104199536, 'cv_5': 0.8031384469144487}","{'cv_1': 'web developer junior', 'cv_2': 'full stack engineer', 'cv_3': 'data analyst', 'cv_4': 'cloud &devops engineer', 'cv_5': 'full stack engineer'}"
52,votre prochain défi professionnel vous attend dans un contexte de développement ,0.9206193674656076,0.8870378025607866,0.9072007704311627,0.8367599686412899,0.8081526636068825,full stack engineer,full stack engineer,software(full stack),network engineer,machine learning engineer,cv_1,full stack engineer,"{'cv_1': 0.9206193674656076, 'cv_2': 0.8870378025607866, 'cv_3': 0.9072007704311627, 'cv_4': 0.8367599686412899, 'cv_5': 0.8081526636068825}","{'cv_1': 'full stack engineer', 'cv_2': 'full stack engineer', 'cv_3': 'software(full stack)', 'cv_4': 'network engineer', 'cv_5': 'machine learning engineer'}"
53,mission passionnante pour un ingénieur devops expérimenté dans un environnement ,0.9822836252147541,0.9613611070431088,0.9177712500492048,0.9560227672785538,0.8984407882081116,devops,software(full stack),full stack engineer,data science,machine learning engineer,cv_1,devops,"{'cv_1': 0.9822836252147541, 'cv_2': 0.9613611070431088, 'cv_3': 0.9177712500492048, 'cv_4': 0.9560227672785538, 'cv_5': 0.8984407882081116}","{'cv_1': 'devops', 'cv_2': 'software(full stack)', 'cv_3': 'full stack engineer', 'cv_4': 'data science', 'cv_5': 'machine learning engineer'}"
54,votre prochain défi professionnel est de rejoindre notre équipe de sécurité info,0.9289067089857744,0.8843204620140932,0.8958785404213108,0.8640404723549681,0.8468386523451595,software(full stack),software(full stack),reality solution designer,senior research scientist engineer,machine learning engineer,cv_1,software(full stack),"{'cv_1': 0.9289067089857744, 'cv_2': 0.8843204620140932, 'cv_3': 0.8958785404213108, 'cv_4': 0.8640404723549681, 'cv_5': 0.8468386523451595}","{'cv_1': 'software(full stack)', 'cv_2': 'software(full stack)', 'cv_3': 'reality solution designer', 'cv_4': 'senior research scientist engineer', 'cv_5': 'machine learning engineer'}"
55,mission passionnante pour un développeur full stack expérimenté. nous recherchon,0.9520251829169754,0.9844811502732046,0.9043012739181573,0.6267037869798038,0.8788031684920538,software(full stack),software(full stack),cloud engineer,cyber,machine learning engineer,cv_2,software(full stack),"{'cv_1': 0.9520251829169754, 'cv_2': 0.9844811502732046, 'cv_3': 0.9043012739181573, 'cv_4': 0.6267037869798038, 'cv_5': 0.8788031684920538}","{'cv_1': 'software(full stack)', 'cv_2': 'software(full stack)', 'cv_3': 'cloud engineer', 'cv_4': 'cyber', 'cv_5': 'machine learning engineer'}"
56,"pour réussir dans ce rôle, vous devez avoir une solide expérience en tant que da",0.9775404137450957,0.9298762919865651,0.9525579233562488,0.9397656387187413,0.9411647594727126,data analyst,frontend,data science,software(full stack),machine learning engineer,cv_1,data analyst,"{'cv_1': 0.9775404137450957, 'cv_2': 0.9298762919865651, 'cv_3': 0.9525579233562488, 'cv_4': 0.9397656387187413, 'cv_5': 0.9411647594727126}","{'cv_1': 'data analyst', 'cv_2': 'frontend', 'cv_3': 'data science', 'cv_4': 'software(full stack)', 'cv_5': 'machine learning engineer'}"
57,mission passionnante pour un ingénieur chercheuse en informatique 'data science',0.9589947756580888,0.916539146035769,0.9239931017838767,0.9496950408434826,0.8257779735612041,web developer junior,full stack engineer,full stack engineer,software(full stack),full stack engineer,cv_1,web developer junior,"{'cv_1': 0.9589947756580888, 'cv_2': 0.916539146035769, 'cv_3': 0.9239931017838767, 'cv_4': 0.9496950408434826, 'cv_5': 0.8257779735612041}","{'cv_1': 'web developer junior', 'cv_2': 'full stack engineer', 'cv_3': 'full stack engineer', 'cv_4': 'software(full stack)', 'cv_5': 'full stack engineer'}"
58,votre prochain défi professionnel est de rejoindre notre équipe en tant que déve,0.9816734463651353,0.9505225217849391,0.9592182499583912,0.9846367937751496,0.9224409995760097,backend engineer,backend engineer,machine learning engineer,software(full stack),machine learning engineer,cv_4,software(full stack),"{'cv_1': 0.9816734463651353, 'cv_2': 0.9505225217849391, 'cv_3': 0.9592182499583912, 'cv_4': 0.9846367937751496, 'cv_5': 0.9224409995760097}","{'cv_1': 'backend engineer', 'cv_2': 'backend engineer', 'cv_3': 'machine learning engineer', 'cv_4': 'software(full stack)', 'cv_5': 'machine learning engineer'}"
59,votre prochain défi professionnel consiste à rejoindre notre équipe de développe,0.968383801777433,0.9365169924796028,0.969413161030602,0.9425367241177596,0.892888847117398,full stack engineer,frontend,backend engineer,reality solution designer,machine learning engineer,cv_3,backend engineer,"{'cv_1': 0.968383801777433, 'cv_2': 0.9365169924796028, 'cv_3': 0.969413161030602, 'cv_4': 0.9425367241177596, 'cv_5': 0.892888847117398}","{'cv_1': 'full stack engineer', 'cv_2': 'frontend', 'cv_3': 'backend engineer', 'cv_4': 'reality solution designer', 'cv_5': 'machine learning engineer'}"
60,votre prochain défi professionnel consiste à rejoindre notre équipe de data scie,0.986166170518035,0.92374406776877,0.9307392796002831,0.9492499663836005,0.8340202104921093,machine learning engineer,full stack engineer,full stack engineer,software(full stack),full stack engineer,cv_1,machine learning engineer,"{'cv_1': 0.986166170518035, 'cv_2': 0.92374406776877, 'cv_3': 0.9307392796002831, 'cv_4': 0.9492499663836005, 'cv_5': 0.8340202104921093}","{'cv_1': 'machine learning engineer', 'cv_2': 'full stack engineer', 'cv_3': 'full stack engineer', 'cv_4': 'software(full stack)', 'cv_5': 'full stack engineer'}"
61,votre prochain défi professionnel consiste à rejoindre notre équipe d'experts en,0.8830946115936741,0.0,0.8833804146271226,0.9389075704007569,0.8050582141514159,full stack engineer,reality solution designer,data science,senior research scientist engineer,full stack engineer,cv_4,senior research scientist engineer,"{'cv_1': 0.8830946115936741, 'cv_2': 0.0, 'cv_3': 0.8833804146271226, 'cv_4': 0.9389075704007569, 'cv_5': 0.8050582141514159}","{'cv_1': 'full stack engineer', 'cv_2': 'reality solution designer', 'cv_3': 'data science', 'cv_4': 'senior research scientist engineer', 'cv_5': 'full stack engineer'}"
62,"en tant que frontend developer, vous serez responsable de la conception et du dé",0.9016803278861627,0.9605017265208151,0.9605017265208151,0.8575903494150499,0.8920197170471524,web developer junior,full stack engineer,full stack engineer,data science,machine learning engineer,cv_2,full stack engineer,"{'cv_1': 0.9016803278861627, 'cv_2': 0.9605017265208151, 'cv_3': 0.9605017265208151, 'cv_4': 0.8575903494150499, 'cv_5': 0.8920197170471524}","{'cv_1': 'web developer junior', 'cv_2': 'full stack engineer', 'cv_3': 'full stack engineer', 'cv_4': 'data science', 'cv_5': 'machine learning engineer'}"
63,mission passionnante pour un ingénieur en sécurité et développement de logiciels,0.9712590050331804,0.8398854985335875,0.9539760392467914,0.912258238783478,0.9103673551814015,web developer junior,software(full stack),full stack engineer,machine learning engineer,machine learning engineer,cv_1,web developer junior,"{'cv_1': 0.9712590050331804, 'cv_2': 0.8398854985335875, 'cv_3': 0.9539760392467914, 'cv_4': 0.912258238783478, 'cv_5': 0.9103673551814015}","{'cv_1': 'web developer junior', 'cv_2': 'software(full stack)', 'cv_3': 'full stack engineer', 'cv_4': 'machine learning engineer', 'cv_5': 'machine learning engineer'}"
64,mission passionnante pour un expert en systèmes d'information et blockchain. not,0.9333997294367123,0.9092418996045488,0.9214331330276523,0.9585595600580883,0.9532768364982505,web developer junior,frontend,backend engineer,senior research scientist engineer,machine learning engineer,cv_4,senior research scientist engineer,"{'cv_1': 0.9333997294367123, 'cv_2': 0.9092418996045488, 'cv_3': 0.9214331330276523, 'cv_4': 0.9585595600580883, 'cv_5': 0.9532768364982505}","{'cv_1': 'web developer junior', 'cv_2': 'frontend', 'cv_3': 'backend engineer', 'cv_4': 'senior research scientist engineer', 'cv_5': 'machine learning engineer'}"
65,votre prochain défi professionnel est de rejoindre notre équipe de développement,0.9258714080206059,0.8917095803464341,0.9251363823398162,0.856474411704581,0.8724068956984288,web developer junior,machine learning engineer,frontend,data science,machine learning engineer,cv_1,web developer junior,"{'cv_1': 0.9258714080206059, 'cv_2': 0.8917095803464341, 'cv_3': 0.9251363823398162, 'cv_4': 0.856474411704581, 'cv_5': 0.8724068956984288}","{'cv_1': 'web developer junior', 'cv_2': 'machine learning engineer', 'cv_3': 'frontend', 'cv_4': 'data science', 'cv_5': 'machine learning engineer'}"
66,votre prochain défi professionnel consiste à rejoindre notre équipe en tant que ,0.9179366997022218,0.9008042324620983,0.9008042324620983,0.7901735979986088,0.7729880491482954,software(full stack),full stack engineer,full stack engineer,data science,machine learning engineer,cv_1,software(full stack),"{'cv_1': 0.9179366997022218, 'cv_2': 0.9008042324620983, 'cv_3': 0.9008042324620983, 'cv_4': 0.7901735979986088, 'cv_5': 0.7729880491482954}","{'cv_1': 'software(full stack)', 'cv_2': 'full stack engineer', 'cv_3': 'full stack engineer', 'cv_4': 'data science', 'cv_5': 'machine learning engineer'}"
67,mission passionnante pour un développeur front-end expérimenté ! nous recherchon,0.9738797061277797,0.8677241829154027,0.9157418209237602,0.9302712485096616,0.8668018426130573,web developer junior,site reliability engineer,full stack engineer,full stack engineer,machine learning engineer,cv_1,web developer junior,"{'cv_1': 0.9738797061277797, 'cv_2': 0.8677241829154027, 'cv_3': 0.9157418209237602, 'cv_4': 0.9302712485096616, 'cv_5': 0.8668018426130573}","{'cv_1': 'web developer junior', 'cv_2': 'site reliability engineer', 'cv_3': 'full stack engineer', 'cv_4': 'full stack engineer', 'cv_5': 'machine learning engineer'}"
68,votre prochain défi professionnel consiste à rejoindre une équipe passionnée et ,0.9699941443748478,0.9552015652290976,0.9273198121409669,0.8353427996324656,0.9286524308265076,web developer junior,data analyst,devops,network engineer,machine learning engineer,cv_1,web developer junior,"{'cv_1': 0.9699941443748478, 'cv_2': 0.9552015652290976, 'cv_3': 0.9273198121409669, 'cv_4': 0.8353427996324656, 'cv_5': 0.9286524308265076}","{'cv_1': 'web developer junior', 'cv_2': 'data analyst', 'cv_3': 'devops', 'cv_4': 'network engineer', 'cv_5': 'machine learning engineer'}"
69,votre prochain défi professionnel se trouve dans un environnement dynamique où l,0.9105105936058727,0.9193699824730686,0.8566206240835265,0.905716064966354,0.9069074092864067,software(full stack),full stack engineer,cloud engineer,ntework engineer,machine learning engineer,cv_2,full stack engineer,"{'cv_1': 0.9105105936058727, 'cv_2': 0.9193699824730686, 'cv_3': 0.8566206240835265, 'cv_4': 0.905716064966354, 'cv_5': 0.9069074092864067}","{'cv_1': 'software(full stack)', 'cv_2': 'full stack engineer', 'cv_3': 'cloud engineer', 'cv_4': 'ntework engineer', 'cv_5': 'machine learning engineer'}"
70,votre prochain défi professionnel est peut-être cette opportunité de rejoindre n,0.9770324046264557,0.942928531638057,0.9059798347335353,0.9502826007918799,0.9084984400995977,cloud engineer,cloud engineer,backend engineer,data science,machine learning engineer,cv_1,cloud engineer,"{'cv_1': 0.9770324046264557, 'cv_2': 0.942928531638057, 'cv_3': 0.9059798347335353, 'cv_4': 0.9502826007918799, 'cv_5': 0.9084984400995977}","{'cv_1': 'cloud engineer', 'cv_2': 'cloud engineer', 'cv_3': 'backend engineer', 'cv_4': 'data science', 'cv_5': 'machine learning engineer'}"
71,votre prochain défi professionnel est de rejoindre notre équipe de développement,0.903981090796072,0.9718304507406241,0.980718599663738,0.8982844283773919,0.9064083336856578,full stack engineer,backend engineer,backend engineer,data science,machine learning engineer,cv_3,backend engineer,"{'cv_1': 0.903981090796072, 'cv_2': 0.9718304507406241, 'cv_3': 0.980718599663738, 'cv_4': 0.8982844283773919, 'cv_5': 0.9064083336856578}","{'cv_1': 'full stack engineer', 'cv_2': 'backend engineer', 'cv_3': 'backend engineer', 'cv_4': 'data science', 'cv_5': 'machine learning engineer'}"
72,votre prochain défi professionnel est une opportunité de rejoindre une équipe d',0.9708672283242515,0.9810144532571712,0.8787659853566234,0.9724228618490055,0.907135550308564,full stack engineer,dev ai,software(full stack),data science,machine learning engineer,cv_2,dev ai,"{'cv_1': 0.9708672283242515, 'cv_2': 0.9810144532571712, 'cv_3': 0.8787659853566234, 'cv_4': 0.9724228618490055, 'cv_5': 0.907135550308564}","{'cv_1': 'full stack engineer', 'cv_2': 'dev ai', 'cv_3': 'software(full stack)', 'cv_4': 'data science', 'cv_5': 'machine learning engineer'}"
73,votre prochain défi professionnel est de rejoindre notre équipe de recherche et ,0.9467834614429578,0.9334648797822662,0.9524722906899328,0.9573497653890758,0.8139260777289443,web developer junior,data analyst,data analyst,machine learning engineer,full stack engineer,cv_4,machine learning engineer,"{'cv_1': 0.9467834614429578, 'cv_2': 0.9334648797822662, 'cv_3': 0.9524722906899328, 'cv_4': 0.9573497653890758, 'cv_5': 0.8139260777289443}","{'cv_1': 'web developer junior', 'cv_2': 'data analyst', 'cv_3': 'data analyst', 'cv_4': 'machine learning engineer', 'cv_5': 'full stack engineer'}"
74,mission passionnante pour un cloud engineer expérimenté. vous rejoindrez notre é,0.9858055864435403,0.9814257867669757,0.9212373145323536,0.9365126765923928,0.9018773700969844,devops,devops,machine learning engineer,frontend,machine learning engineer,cv_1,devops,"{'cv_1': 0.9858055864435403, 'cv_2': 0.9814257867669757, 'cv_3': 0.9212373145323536, 'cv_4': 0.9365126765923928, 'cv_5': 0.9018773700969844}","{'cv_1': 'devops', 'cv_2': 'devops', 'cv_3': 'machine learning engineer', 'cv_4': 'frontend', 'cv_5': 'machine learning engineer'}"
75,mission passionnante pour une développeuse web junior ! nous recherchons une per,0.9126377894866466,0.8770587675392445,0.9381021364674018,0.9052897041197466,0.8571682661708362,web developer junior,full stack engineer,backend engineer,reality solution designer,machine learning engineer,cv_3,backend engineer,"{'cv_1': 0.9126377894866466, 'cv_2': 0.8770587675392445, 'cv_3': 0.9381021364674018, 'cv_4': 0.9052897041197466, 'cv_5': 0.8571682661708362}","{'cv_1': 'web developer junior', 'cv_2': 'full stack engineer', 'cv_3': 'backend engineer', 'cv_4': 'reality solution designer', 'cv_5': 'machine learning engineer'}"
76,mission passionnante pour un scientifique en apprentissage automatique expérimen,0.8951412757687591,0.9558284690371615,0.8554896754363652,0.8444655796863737,0.7672032533695063,web developer junior,data science,full stack engineer,backend engineer,full stack engineer,cv_2,data science,"{'cv_1': 0.8951412757687591, 'cv_2': 0.9558284690371615, 'cv_3': 0.8554896754363652, 'cv_4': 0.8444655796863737, 'cv_5': 0.7672032533695063}","{'cv_1': 'web developer junior', 'cv_2': 'data science', 'cv_3': 'full stack engineer', 'cv_4': 'backend engineer', 'cv_5': 'full stack engineer'}"
77,mission passionnante pour un développeur backend expérimenté ! notre entreprise ,0.9560874760048826,0.9758693057037804,0.9820533158890382,0.9147737319011908,0.8942607901705452,web developer junior,backend engineer,backend engineer,machine learning engineer,machine learning engineer,cv_3,backend engineer,"{'cv_1': 0.9560874760048826, 'cv_2': 0.9758693057037804, 'cv_3': 0.9820533158890382, 'cv_4': 0.9147737319011908, 'cv_5': 0.8942607901705452}","{'cv_1': 'web developer junior', 'cv_2': 'backend engineer', 'cv_3': 'backend engineer', 'cv_4': 'machine learning engineer', 'cv_5': 'machine learning engineer'}"
78,votre prochain défi professionnel consiste à rejoindre notre équipe de data scie,0.98886489611167,0.960682476907479,0.9467613009563716,0.9489870054942735,0.8333923337989508,machine learning engineer,data science,full stack engineer,full stack engineer,full stack engineer,cv_1,machine learning engineer,"{'cv_1': 0.98886489611167, 'cv_2': 0.960682476907479, 'cv_3': 0.9467613009563716, 'cv_4': 0.9489870054942735, 'cv_5': 0.8333923337989508}","{'cv_1': 'machine learning engineer', 'cv_2': 'data science', 'cv_3': 'full stack engineer', 'cv_4': 'full stack engineer', 'cv_5': 'full stack engineer'}"
79,mission passionnante pour un ingénieur logiciel sénior expérimenté dans le domai,0.9880026182478292,0.915456275087752,0.9751377518952679,0.9128494766099766,0.9267525878093157,devops,data science,software(full stack),data science,machine learning engineer,cv_1,devops,"{'cv_1': 0.9880026182478292, 'cv_2': 0.915456275087752, 'cv_3': 0.9751377518952679, 'cv_4': 0.9128494766099766, 'cv_5': 0.9267525878093157}","{'cv_1': 'devops', 'cv_2': 'data science', 'cv_3': 'software(full stack)', 'cv_4': 'data science', 'cv_5': 'machine learning engineer'}"
80,mission passionnante pour un ingénieur logiciel expérimenté en site reliability ,0.9257001622944572,0.9649186523137037,0.9347089936187691,0.8907957357284677,0.9174268860276129,site reliability engineer,cloud engineer,full stack engineer,data science,machine learning engineer,cv_2,cloud engineer,"{'cv_1': 0.9257001622944572, 'cv_2': 0.9649186523137037, 'cv_3': 0.9347089936187691, 'cv_4': 0.8907957357284677, 'cv_5': 0.9174268860276129}","{'cv_1': 'site reliability engineer', 'cv_2': 'cloud engineer', 'cv_3': 'full stack engineer', 'cv_4': 'data science', 'cv_5': 'machine learning engineer'}"
81,votre prochain défi professionnel se trouve dans un environnement dynamique où l,0.9779636619258273,0.935641789578894,0.945605567157686,0.9092794847500529,0.936841390407162,data analyst,cloud engineer,backend engineer,cloud &devops engineer,machine learning engineer,cv_1,data analyst,"{'cv_1': 0.9779636619258273, 'cv_2': 0.935641789578894, 'cv_3': 0.945605567157686, 'cv_4': 0.9092794847500529, 'cv_5': 0.936841390407162}","{'cv_1': 'data analyst', 'cv_2': 'cloud engineer', 'cv_3': 'backend engineer', 'cv_4': 'cloud &devops engineer', 'cv_5': 'machine learning engineer'}"
82,votre prochain défi professionnel vous attend dans le domaine des télécommunicat,0.8374249894930641,0.8095560008499819,0.9348027562464561,0.9217947444322694,0.8975595957472993,network engineer,software(full stack),full stack engineer,machine learning engineer,machine learning engineer,cv_3,full stack engineer,"{'cv_1': 0.8374249894930641, 'cv_2': 0.8095560008499819, 'cv_3': 0.9348027562464561, 'cv_4': 0.9217947444322694, 'cv_5': 0.8975595957472993}","{'cv_1': 'network engineer', 'cv_2': 'software(full stack)', 'cv_3': 'full stack engineer', 'cv_4': 'machine learning engineer', 'cv_5': 'machine learning engineer'}"
83,votre prochain défi professionnel est de rejoindre notre équipe d'ingénieurs en ,0.9762290840398086,0.9088321724968634,0.9079339026751216,0.9024502300046225,0.9076764082856138,cloud engineer,frontend,full stack engineer,ai engineer,machine learning engineer,cv_1,cloud engineer,"{'cv_1': 0.9762290840398086, 'cv_2': 0.9088321724968634, 'cv_3': 0.9079339026751216, 'cv_4': 0.9024502300046225, 'cv_5': 0.9076764082856138}","{'cv_1': 'cloud engineer', 'cv_2': 'frontend', 'cv_3': 'full stack engineer', 'cv_4': 'ai engineer', 'cv_5': 'machine learning engineer'}"
84,votre prochain défi professionnel est de rejoindre notre équipe d'ingénieurs en ,0.9265282290007604,0.9324628568581433,0.9453423024284521,0.9507529182833041,0.9613020478659718,reality solution designer,full stack engineer,software(full stack),full stack engineer,machine learning engineer,cv_5,machine learning engineer,"{'cv_1': 0.9265282290007604, 'cv_2': 0.9324628568581433, 'cv_3': 0.9453423024284521, 'cv_4': 0.9507529182833041, 'cv_5': 0.9613020478659718}","{'cv_1': 'reality solution designer', 'cv_2': 'full stack engineer', 'cv_3': 'software(full stack)', 'cv_4': 'full stack engineer', 'cv_5': 'machine learning engineer'}"
85,votre prochain défi professionnel est une mission stratégique en développement b,0.9090342289040501,0.9436896474228159,0.9034830629314529,0.8636305806769579,0.9003464405164555,web developer junior,full stack engineer,full stack engineer,data science,machine learning engineer,cv_2,full stack engineer,"{'cv_1': 0.9090342289040501, 'cv_2': 0.9436896474228159, 'cv_3': 0.9034830629314529, 'cv_4': 0.8636305806769579, 'cv_5': 0.9003464405164555}","{'cv_1': 'web developer junior', 'cv_2': 'full stack engineer', 'cv_3': 'full stack engineer', 'cv_4': 'data science', 'cv_5': 'machine learning engineer'}"
86,mission passionnante pour un senior devops expérimenté ! nous recherchons un exp,0.9657269667123447,0.9142897589508496,0.8917766196499073,0.901706235820872,0.9026144398932088,cloud &devops engineer,full stack engineer,software(full stack),ai engineer,machine learning engineer,cv_1,cloud &devops engineer,"{'cv_1': 0.9657269667123447, 'cv_2': 0.9142897589508496, 'cv_3': 0.8917766196499073, 'cv_4': 0.901706235820872, 'cv_5': 0.9026144398932088}","{'cv_1': 'cloud &devops engineer', 'cv_2': 'full stack engineer', 'cv_3': 'software(full stack)', 'cv_4': 'ai engineer', 'cv_5': 'machine learning engineer'}"
87,votre prochain défi professionnel est de rejoindre une équipe d'experts en intel,0.9668744643471339,0.9485596936116512,0.8562178274318242,0.9445829622384316,0.8256348898692535,web developer junior,senior research scientist engineer,full stack engineer,full stack engineer,full stack engineer,cv_1,web developer junior,"{'cv_1': 0.9668744643471339, 'cv_2': 0.9485596936116512, 'cv_3': 0.8562178274318242, 'cv_4': 0.9445829622384316, 'cv_5': 0.8256348898692535}","{'cv_1': 'web developer junior', 'cv_2': 'senior research scientist engineer', 'cv_3': 'full stack engineer', 'cv_4': 'full stack engineer', 'cv_5': 'full stack engineer'}"
88,votre prochain défi professionnel est de rejoindre notre équipe de développement,0.9656875328034286,0.8831092001158176,0.9291616159951392,0.8376170754316059,0.908561688970074,web developer junior,full stack engineer,machine learning engineer,full stack engineer,machine learning engineer,cv_1,web developer junior,"{'cv_1': 0.9656875328034286, 'cv_2': 0.8831092001158176, 'cv_3': 0.9291616159951392, 'cv_4': 0.8376170754316059, 'cv_5': 0.908561688970074}","{'cv_1': 'web developer junior', 'cv_2': 'full stack engineer', 'cv_3': 'machine learning engineer', 'cv_4': 'full stack engineer', 'cv_5': 'machine learning engineer'}"
89,votre prochain défi professionnel est de rejoindre notre équipe de développement,0.9124884002871487,0.9286627087076259,0.8869748136047493,0.8518938919366478,0.833385735375435,software(full stack),full stack engineer,cloud engineer,network engineer,machine learning engineer,cv_2,full stack engineer,"{'cv_1': 0.9124884002871487, 'cv_2': 0.9286627087076259, 'cv_3': 0.8869748136047493, 'cv_4': 0.8518938919366478, 'cv_5': 0.833385735375435}","{'cv_1': 'software(full stack)', 'cv_2': 'full stack engineer', 'cv_3': 'cloud engineer', 'cv_4': 'network engineer', 'cv_5': 'machine learning engineer'}"
90,votre prochain défi professionnel est de rejoindre notre équipe de sécurité info,0.9511631902376577,0.9673897865426367,0.9090363762828263,0.9608803411257437,0.9194979916864795,web developer junior,backend engineer,full stack engineer,backend engineer,machine learning engineer,cv_2,backend engineer,"{'cv_1': 0.9511631902376577, 'cv_2': 0.9673897865426367, 'cv_3': 0.9090363762828263, 'cv_4': 0.9608803411257437, 'cv_5': 0.9194979916864795}","{'cv_1': 'web developer junior', 'cv_2': 'backend engineer', 'cv_3': 'full stack engineer', 'cv_4': 'backend engineer', 'cv_5': 'machine learning engineer'}"
91,votre prochain défi professionnel est de rejoindre notre équipe en tant que devo,0.9532327739850719,0.8935670315834197,0.9006208687509474,0.915802954238568,0.8885891772605004,cloud engineer,software(full stack),backend engineer,data science,machine learning engineer,cv_1,cloud engineer,"{'cv_1': 0.9532327739850719, 'cv_2': 0.8935670315834197, 'cv_3': 0.9006208687509474, 'cv_4': 0.915802954238568, 'cv_5': 0.8885891772605004}","{'cv_1': 'cloud engineer', 'cv_2': 'software(full stack)', 'cv_3': 'backend engineer', 'cv_4': 'data science', 'cv_5': 'machine learning engineer'}"
92,mission passionnante pour un développeur fullstack expérimenté. dans le cadre de,0.9747202550219197,0.969851417395214,0.9668042962333105,0.8679471602633828,0.8768418228765738,software(full stack),full stack engineer,full stack engineer,reality solution designer,machine learning engineer,cv_1,software(full stack),"{'cv_1': 0.9747202550219197, 'cv_2': 0.969851417395214, 'cv_3': 0.9668042962333105, 'cv_4': 0.8679471602633828, 'cv_5': 0.8768418228765738}","{'cv_1': 'software(full stack)', 'cv_2': 'full stack engineer', 'cv_3': 'full stack engineer', 'cv_4': 'reality solution designer', 'cv_5': 'machine learning engineer'}"
93,mission passionnante pour un développeur frontend expérimenté. dans un contexte ,0.941472605916208,0.8394536368678878,0.784727881626645,0.5623752489636192,0.7747058875925308,frontend,cloud engineer,devops,cyber,machine learning engineer,cv_1,frontend,"{'cv_1': 0.941472605916208, 'cv_2': 0.8394536368678878, 'cv_3': 0.784727881626645, 'cv_4': 0.5623752489636192, 'cv_5': 0.7747058875925308}","{'cv_1': 'frontend', 'cv_2': 'cloud engineer', 'cv_3': 'devops', 'cv_4': 'cyber', 'cv_5': 'machine learning engineer'}"
94,votre prochain défi professionnel sera de rejoindre notre équipe de data enginee,0.9765652373613783,0.9336581318645494,0.9261224819656001,0.8560104665854167,0.9180859209443369,cloud engineer,data science,full stack engineer,cyber,machine learning engineer,cv_1,cloud engineer,"{'cv_1': 0.9765652373613783, 'cv_2': 0.9336581318645494, 'cv_3': 0.9261224819656001, 'cv_4': 0.8560104665854167, 'cv_5': 0.9180859209443369}","{'cv_1': 'cloud engineer', 'cv_2': 'data science', 'cv_3': 'full stack engineer', 'cv_4': 'cyber', 'cv_5': 'machine learning engineer'}"
95,votre prochain défi professionnel est de rejoindre notre équipe en tant que head,0.9408872366475758,0.9704332119458832,0.9608898380258939,0.9419419832172291,0.925056809811195,web developer junior,devops,web developer junior,machine learning engineer,machine learning engineer,cv_2,devops,"{'cv_1': 0.9408872366475758, 'cv_2': 0.9704332119458832, 'cv_3': 0.9608898380258939, 'cv_4': 0.9419419832172291, 'cv_5': 0.925056809811195}","{'cv_1': 'web developer junior', 'cv_2': 'devops', 'cv_3': 'web developer junior', 'cv_4': 'machine learning engineer', 'cv_5': 'machine learning engineer'}"
96,votre prochain défi professionnel est de rejoindre notre équipe en tant qu'ingén,0.9793788064803903,0.9613522128630706,0.9531579777160392,0.9774452932692361,0.9186817910351863,web developer junior,web developer junior,machine learning engineer,software(full stack),machine learning engineer,cv_1,web developer junior,"{'cv_1': 0.9793788064803903, 'cv_2': 0.9613522128630706, 'cv_3': 0.9531579777160392, 'cv_4': 0.9774452932692361, 'cv_5': 0.9186817910351863}","{'cv_1': 'web developer junior', 'cv_2': 'web developer junior', 'cv_3': 'machine learning engineer', 'cv_4': 'software(full stack)', 'cv_5': 'machine learning engineer'}"
97,votre prochain défi professionnel est une mission passionnante pour un frontend ,0.937180813481894,0.971443815902526,0.8389229817120147,0.9096927687521674,0.8665835559615883,software(full stack),backend engineer,reality solution designer,data science,machine learning engineer,cv_2,backend engineer,"{'cv_1': 0.937180813481894, 'cv_2': 0.971443815902526, 'cv_3': 0.8389229817120147, 'cv_4': 0.9096927687521674, 'cv_5': 0.8665835559615883}","{'cv_1': 'software(full stack)', 'cv_2': 'backend engineer', 'cv_3': 'reality solution designer', 'cv_4': 'data science', 'cv_5': 'machine learning engineer'}"
98,votre prochain défi professionnel en tant qu'ingénieur logiciel senior ! nous re,0.9493084415699563,0.8593204669654955,0.9174492515064471,0.9345798473398956,0.9221291779246679,web developer junior,software(full stack),data science,machine learning engineer,machine learning engineer,cv_1,web developer junior,"{'cv_1': 0.9493084415699563, 'cv_2': 0.8593204669654955, 'cv_3': 0.9174492515064471, 'cv_4': 0.9345798473398956, 'cv_5': 0.9221291779246679}","{'cv_1': 'web developer junior', 'cv_2': 'software(full stack)', 'cv_3': 'data science', 'cv_4': 'machine learning engineer', 'cv_5': 'machine learning engineer'}"
99,"
   votre prochain défi professionnel est de rejoindre notre équipe de développe",0.9504271298970786,0.9369510096543824,0.8179840851358848,0.9163699454207251,0.8919894641262508,web developer junior,web developer junior,ntework engineer,machine learning engineer,machine learning engineer,cv_1,web developer junior,"{'cv_1': 0.9504271298970786, 'cv_2': 0.9369510096543824, 'cv_3': 0.8179840851358848, 'cv_4': 0.9163699454207251, 'cv_5': 0.8919894641262508}","{'cv_1': 'web developer junior', 'cv_2': 'web developer junior', 'cv_3': 'ntework engineer', 'cv_4': 'machine learning engineer', 'cv_5': 'machine learning engineer'}"
100,"
   votre prochain défi professionnel est de rejoindre notre équipe en tant que ",0.9707023401339838,0.9742959577862774,0.9694751299491153,0.9274485777647764,0.9077014691293787,full stack engineer,full stack engineer,full stack engineer,ai engineer,machine learning engineer,cv_2,full stack engineer,"{'cv_1': 0.9707023401339838, 'cv_2': 0.9742959577862774, 'cv_3': 0.9694751299491153, 'cv_4': 0.9274485777647764, 'cv_5': 0.9077014691293787}","{'cv_1': 'full stack engineer', 'cv_2': 'full stack engineer', 'cv_3': 'full stack engineer', 'cv_4': 'ai engineer', 'cv_5': 'machine learning engineer'}"
101,votre prochain défi professionnel est de rejoindre notre équipe en tant que busi,0.9714389132372974,0.9266694926423329,0.9266694926423329,0.9313344542886492,0.9073280503302127,data analyst,full stack engineer,full stack engineer,full stack engineer,machine learning engineer,cv_1,data analyst,"{'cv_1': 0.9714389132372974, 'cv_2': 0.9266694926423329, 'cv_3': 0.9266694926423329, 'cv_4': 0.9313344542886492, 'cv_5': 0.9073280503302127}","{'cv_1': 'data analyst', 'cv_2': 'full stack engineer', 'cv_3': 'full stack engineer', 'cv_4': 'full stack engineer', 'cv_5': 'machine learning engineer'}"
102,votre prochain défi professionnel est de rejoindre notre équipe de développement,0.9818071492277988,0.9744043166791936,0.9210652256943218,0.912591890729302,0.8862043303982394,frontend,web developer junior,full stack engineer,senior research scientist engineer,machine learning engineer,cv_1,frontend,"{'cv_1': 0.9818071492277988, 'cv_2': 0.9744043166791936, 'cv_3': 0.9210652256943218, 'cv_4': 0.912591890729302, 'cv_5': 0.8862043303982394}","{'cv_1': 'frontend', 'cv_2': 'web developer junior', 'cv_3': 'full stack engineer', 'cv_4': 'senior research scientist engineer', 'cv_5': 'machine learning engineer'}"
103,votre prochain défi professionnel est une opportunité d'évoluer en tant que data,0.9887705483746068,0.924905646009505,0.9573889676366006,0.8882535546653296,0.9471143322970657,data analyst,devops,full stack engineer,frontend,machine learning engineer,cv_1,data analyst,"{'cv_1': 0.9887705483746068, 'cv_2': 0.924905646009505, 'cv_3': 0.9573889676366006, 'cv_4': 0.8882535546653296, 'cv_5': 0.9471143322970657}","{'cv_1': 'data analyst', 'cv_2': 'devops', 'cv_3': 'full stack engineer', 'cv_4': 'frontend', 'cv_5': 'machine learning engineer'}"
104,mission passionnante pour un cloud solution architect expérimenté ! nous recherc,0.9867840919642776,0.8528254391949561,0.8177671091652678,0.9030313479783502,0.9221368813490631,devops,full stack engineer,software(full stack),senior research scientist engineer,machine learning engineer,cv_1,devops,"{'cv_1': 0.9867840919642776, 'cv_2': 0.8528254391949561, 'cv_3': 0.8177671091652678, 'cv_4': 0.9030313479783502, 'cv_5': 0.9221368813490631}","{'cv_1': 'devops', 'cv_2': 'full stack engineer', 'cv_3': 'software(full stack)', 'cv_4': 'senior research scientist engineer', 'cv_5': 'machine learning engineer'}"
105,"
   votre prochain défi professionnel est de rejoindre notre équipe en tant que ",0.976603844239524,0.9871676242818475,0.9647339501303268,0.9583374867373989,0.9572092702472589,web developer junior,backend engineer,cloud engineer,full stack engineer,machine learning engineer,cv_2,backend engineer,"{'cv_1': 0.976603844239524, 'cv_2': 0.9871676242818475, 'cv_3': 0.9647339501303268, 'cv_4': 0.9583374867373989, 'cv_5': 0.9572092702472589}","{'cv_1': 'web developer junior', 'cv_2': 'backend engineer', 'cv_3': 'cloud engineer', 'cv_4': 'full stack engineer', 'cv_5': 'machine learning engineer'}"
106,"
   votre prochain défi professionnel est de rejoindre une équipe dynamique en t",0.9823685027461699,0.9765762314793547,0.9821477861927999,0.8741301671907451,0.9451456851332447,backend engineer,full stack engineer,data science,reality solution designer,machine learning engineer,cv_1,backend engineer,"{'cv_1': 0.9823685027461699, 'cv_2': 0.9765762314793547, 'cv_3': 0.9821477861927999, 'cv_4': 0.8741301671907451, 'cv_5': 0.9451456851332447}","{'cv_1': 'backend engineer', 'cv_2': 'full stack engineer', 'cv_3': 'data science', 'cv_4': 'reality solution designer', 'cv_5': 'machine learning engineer'}"
107,"
   mission passionnante pour un expert en devops ! nous recherchons un architec",0.9860552431209983,0.930740560781207,0.9458803724297199,0.9168228947836564,0.8883107035747737,devops,backend engineer,dev ai,network engineer,machine learning engineer,cv_1,devops,"{'cv_1': 0.9860552431209983, 'cv_2': 0.930740560781207, 'cv_3': 0.9458803724297199, 'cv_4': 0.9168228947836564, 'cv_5': 0.8883107035747737}","{'cv_1': 'devops', 'cv_2': 'backend engineer', 'cv_3': 'dev ai', 'cv_4': 'network engineer', 'cv_5': 'machine learning engineer'}"
108,"mission passionnante pour un data analyst expérimenté en analyse de données, mod",0.9791053089049329,0.9457252687354256,0.9449989984806285,0.9541645972945675,0.9212560537324198,data analyst,full stack engineer,full stack engineer,full stack engineer,machine learning engineer,cv_1,data analyst,"{'cv_1': 0.9791053089049329, 'cv_2': 0.9457252687354256, 'cv_3': 0.9449989984806285, 'cv_4': 0.9541645972945675, 'cv_5': 0.9212560537324198}","{'cv_1': 'data analyst', 'cv_2': 'full stack engineer', 'cv_3': 'full stack engineer', 'cv_4': 'full stack engineer', 'cv_5': 'machine learning engineer'}"
109,votre prochain défi professionnel est de rejoindre notre équipe de recherche en ,0.9152217950224734,0.9353962066285149,0.9318735145171074,0.9101370578306189,0.9190507792326355,full stack engineer,backend engineer,backend engineer,senior research scientist engineer,machine learning engineer,cv_2,backend engineer,"{'cv_1': 0.9152217950224734, 'cv_2': 0.9353962066285149, 'cv_3': 0.9318735145171074, 'cv_4': 0.9101370578306189, 'cv_5': 0.9190507792326355}","{'cv_1': 'full stack engineer', 'cv_2': 'backend engineer', 'cv_3': 'backend engineer', 'cv_4': 'senior research scientist engineer', 'cv_5': 'machine learning engineer'}"
110,mission passionnante pour un jeune professionnel en cybersécurité ! nous recherc,0.7903065631093746,0.758900141092553,0.7278132033714716,0.7812090134135085,0.7273695008247791,web developer junior,full stack engineer,machine learning engineer,senior research scientist engineer,machine learning engineer,cv_1,web developer junior,"{'cv_1': 0.7903065631093746, 'cv_2': 0.758900141092553, 'cv_3': 0.7278132033714716, 'cv_4': 0.7812090134135085, 'cv_5': 0.7273695008247791}","{'cv_1': 'web developer junior', 'cv_2': 'full stack engineer', 'cv_3': 'machine learning engineer', 'cv_4': 'senior research scientist engineer', 'cv_5': 'machine learning engineer'}"
111,"
   votre prochain défi professionnel est de rejoindre notre équipe de développe",0.9490764316265423,0.8949242495502003,0.9215355740020988,0.0,0.9094880878838282,software(full stack),backend engineer,backend engineer,ntework engineer,machine learning engineer,cv_1,software(full stack),"{'cv_1': 0.9490764316265423, 'cv_2': 0.8949242495502003, 'cv_3': 0.9215355740020988, 'cv_4': 0.0, 'cv_5': 0.9094880878838282}","{'cv_1': 'software(full stack)', 'cv_2': 'backend engineer', 'cv_3': 'backend engineer', 'cv_4': 'ntework engineer', 'cv_5': 'machine learning engineer'}"
112,mission passionnante pour un cyber security analyst pour rejoindre notre équipe ,0.9521876298801204,0.980650829318977,0.9069754573222972,0.9495533787636035,0.9451838058369798,web developer junior,dev ai,reality solution designer,data analyst,machine learning engineer,cv_2,dev ai,"{'cv_1': 0.9521876298801204, 'cv_2': 0.980650829318977, 'cv_3': 0.9069754573222972, 'cv_4': 0.9495533787636035, 'cv_5': 0.9451838058369798}","{'cv_1': 'web developer junior', 'cv_2': 'dev ai', 'cv_3': 'reality solution designer', 'cv_4': 'data analyst', 'cv_5': 'machine learning engineer'}"
113,mission passionnante pour un développeur expérimenté en php et en technologies w,0.8748393127902211,0.9637459076373796,0.935450981661942,0.9679369346933855,0.9148662349900042,software(full stack),full stack engineer,machine learning engineer,data science,machine learning engineer,cv_4,data science,"{'cv_1': 0.8748393127902211, 'cv_2': 0.9637459076373796, 'cv_3': 0.935450981661942, 'cv_4': 0.9679369346933855, 'cv_5': 0.9148662349900042}","{'cv_1': 'software(full stack)', 'cv_2': 'full stack engineer', 'cv_3': 'machine learning engineer', 'cv_4': 'data science', 'cv_5': 'machine learning engineer'}"
114,"
   votre prochain défi professionnel est de rejoindre notre équipe de recherche",0.9834497332365965,0.9427092096383554,0.9427092096383554,0.9210711030192537,0.8286690795295799,ai engineer,full stack engineer,full stack engineer,full stack engineer,full stack engineer,cv_1,ai engineer,"{'cv_1': 0.9834497332365965, 'cv_2': 0.9427092096383554, 'cv_3': 0.9427092096383554, 'cv_4': 0.9210711030192537, 'cv_5': 0.8286690795295799}","{'cv_1': 'ai engineer', 'cv_2': 'full stack engineer', 'cv_3': 'full stack engineer', 'cv_4': 'full stack engineer', 'cv_5': 'full stack engineer'}"
115,"
   mission passionnante pour un ingénieur logiciel & devops expérimenté ! nous ",0.9548936702545214,0.9689806092384841,0.987240856253079,0.6687882445533785,0.9261987943798937,web developer junior,data analyst,full stack engineer,cyber,machine learning engineer,cv_3,full stack engineer,"{'cv_1': 0.9548936702545214, 'cv_2': 0.9689806092384841, 'cv_3': 0.987240856253079, 'cv_4': 0.6687882445533785, 'cv_5': 0.9261987943798937}","{'cv_1': 'web developer junior', 'cv_2': 'data analyst', 'cv_3': 'full stack engineer', 'cv_4': 'cyber', 'cv_5': 'machine learning engineer'}"
116,votre prochain défi professionnel est de rejoindre notre équipe en tant que seni,0.9167340788313727,0.9555279528970095,0.887380814863149,0.7723876123176436,0.834469291035425,frontend,senior research scientist engineer,site reliability engineer,ntework engineer,full stack engineer,cv_2,senior research scientist engineer,"{'cv_1': 0.9167340788313727, 'cv_2': 0.9555279528970095, 'cv_3': 0.887380814863149, 'cv_4': 0.7723876123176436, 'cv_5': 0.834469291035425}","{'cv_1': 'frontend', 'cv_2': 'senior research scientist engineer', 'cv_3': 'site reliability engineer', 'cv_4': 'ntework engineer', 'cv_5': 'full stack engineer'}"
117,votre prochain défi professionnel est de rejoindre notre équipe en tant que devo,0.9174469270122062,0.8486514234033229,0.8748867194547986,0.8781957934385478,0.8285657476247769,devops,web developer junior,full stack engineer,reality solution designer,machine learning engineer,cv_1,devops,"{'cv_1': 0.9174469270122062, 'cv_2': 0.8486514234033229, 'cv_3': 0.8748867194547986, 'cv_4': 0.8781957934385478, 'cv_5': 0.8285657476247769}","{'cv_1': 'devops', 'cv_2': 'web developer junior', 'cv_3': 'full stack engineer', 'cv_4': 'reality solution designer', 'cv_5': 'machine learning engineer'}"
118,"
   opportunité pour un expert en systèmes linux et devops de rejoindre notre éq",0.9691615221303583,0.9564546744247433,0.9704803401655433,0.888381918828607,0.9025432642200121,web developer junior,full stack engineer,cloud engineer,senior research scientist engineer,machine learning engineer,cv_3,cloud engineer,"{'cv_1': 0.9691615221303583, 'cv_2': 0.9564546744247433, 'cv_3': 0.9704803401655433, 'cv_4': 0.888381918828607, 'cv_5': 0.9025432642200121}","{'cv_1': 'web developer junior', 'cv_2': 'full stack engineer', 'cv_3': 'cloud engineer', 'cv_4': 'senior research scientist engineer', 'cv_5': 'machine learning engineer'}"
119,nous sommes à la recherche d'un ingénieur data analyst pour rejoindre notre équi,0.9584823261653601,0.9085757217913019,0.9178761620724596,0.906206767806903,0.8883641928039184,data analyst,data science,full stack engineer,full stack engineer,machine learning engineer,cv_1,data analyst,"{'cv_1': 0.9584823261653601, 'cv_2': 0.9085757217913019, 'cv_3': 0.9178761620724596, 'cv_4': 0.906206767806903, 'cv_5': 0.8883641928039184}","{'cv_1': 'data analyst', 'cv_2': 'data science', 'cv_3': 'full stack engineer', 'cv_4': 'full stack engineer', 'cv_5': 'machine learning engineer'}"
120,opportunité pour un expert en développement full stack ! nous proposons un poste,0.936997870201912,0.9573270108960157,0.8997797922561603,0.8982512812508912,0.8604310206963606,full stack engineer,backend engineer,machine learning engineer,cloud engineer,machine learning engineer,cv_2,backend engineer,"{'cv_1': 0.936997870201912, 'cv_2': 0.9573270108960157, 'cv_3': 0.8997797922561603, 'cv_4': 0.8982512812508912, 'cv_5': 0.8604310206963606}","{'cv_1': 'full stack engineer', 'cv_2': 'backend engineer', 'cv_3': 'machine learning engineer', 'cv_4': 'cloud engineer', 'cv_5': 'machine learning engineer'}"
121,"
   opportunité pour un expert en analyse de données chez notre entreprise. 
   ",0.9733118253014137,0.9060766196380765,0.9411964226199665,0.0,0.932987984089935,data analyst,site reliability engineer,cloud engineer,reality solution designer,network engineer,cv_1,data analyst,"{'cv_1': 0.9733118253014137, 'cv_2': 0.9060766196380765, 'cv_3': 0.9411964226199665, 'cv_4': 0.0, 'cv_5': 0.932987984089935}","{'cv_1': 'data analyst', 'cv_2': 'site reliability engineer', 'cv_3': 'cloud engineer', 'cv_4': 'reality solution designer', 'cv_5': 'network engineer'}"
122,"
   opportunité pour un expert en apprentissage automatique et deep learning. no",0.9575984547021659,0.9067918274454976,0.8794653207078016,0.8759116779749164,0.8531431380393364,ai engineer,web developer junior,full stack engineer,full stack engineer,backend engineer,cv_1,ai engineer,"{'cv_1': 0.9575984547021659, 'cv_2': 0.9067918274454976, 'cv_3': 0.8794653207078016, 'cv_4': 0.8759116779749164, 'cv_5': 0.8531431380393364}","{'cv_1': 'ai engineer', 'cv_2': 'web developer junior', 'cv_3': 'full stack engineer', 'cv_4': 'full stack engineer', 'cv_5': 'backend engineer'}"
123,"
   opportunité pour un expert en développement de logiciels et iot à rejoindre ",0.984819104227532,0.9227556543120914,0.9225035007083575,0.9142440986452621,0.9135485996782703,devops,full stack engineer,machine learning engineer,frontend,machine learning engineer,cv_1,devops,"{'cv_1': 0.984819104227532, 'cv_2': 0.9227556543120914, 'cv_3': 0.9225035007083575, 'cv_4': 0.9142440986452621, 'cv_5': 0.9135485996782703}","{'cv_1': 'devops', 'cv_2': 'full stack engineer', 'cv_3': 'machine learning engineer', 'cv_4': 'frontend', 'cv_5': 'machine learning engineer'}"
124,nous sommes à la recherche d'un expert en calcul quantique pour rejoindre notre ,0.7014025658079002,0.7930633168063019,0.784960433809094,0.7167907371643658,0.6732014666029514,full stack engineer,software(full stack),software(full stack),data analyst,full stack engineer,cv_2,software(full stack),"{'cv_1': 0.7014025658079002, 'cv_2': 0.7930633168063019, 'cv_3': 0.784960433809094, 'cv_4': 0.7167907371643658, 'cv_5': 0.6732014666029514}","{'cv_1': 'full stack engineer', 'cv_2': 'software(full stack)', 'cv_3': 'software(full stack)', 'cv_4': 'data analyst', 'cv_5': 'full stack engineer'}"
125,nous sommes à la recherche d'un expert devops & développeur full stack php / js ,0.9392288770587232,0.8872829748388305,0.8429872442064981,0.8634929749162437,0.8773382782733159,full stack engineer,machine learning engineer,reality solution designer,senior research scientist engineer,machine learning engineer,cv_1,full stack engineer,"{'cv_1': 0.9392288770587232, 'cv_2': 0.8872829748388305, 'cv_3': 0.8429872442064981, 'cv_4': 0.8634929749162437, 'cv_5': 0.8773382782733159}","{'cv_1': 'full stack engineer', 'cv_2': 'machine learning engineer', 'cv_3': 'reality solution designer', 'cv_4': 'senior research scientist engineer', 'cv_5': 'machine learning engineer'}"
126,"
   opportunité pour un expert en développement backend à rejoindre notre équipe",0.9753470883377233,0.9046291198964063,0.9659513761719056,0.9719128266747983,0.9040369441126086,backend engineer,backend engineer,cloud engineer,data science,machine learning engineer,cv_1,backend engineer,"{'cv_1': 0.9753470883377233, 'cv_2': 0.9046291198964063, 'cv_3': 0.9659513761719056, 'cv_4': 0.9719128266747983, 'cv_5': 0.9040369441126086}","{'cv_1': 'backend engineer', 'cv_2': 'backend engineer', 'cv_3': 'cloud engineer', 'cv_4': 'data science', 'cv_5': 'machine learning engineer'}"
127,"
   opportunité pour un expert devops chez notre entreprise. nous sommes actuell",0.9900190881325845,0.9642236955621364,0.9312071386843122,0.884034950040219,0.9236406006596312,devops,full stack engineer,full stack engineer,reality solution designer,machine learning engineer,cv_1,devops,"{'cv_1': 0.9900190881325845, 'cv_2': 0.9642236955621364, 'cv_3': 0.9312071386843122, 'cv_4': 0.884034950040219, 'cv_5': 0.9236406006596312}","{'cv_1': 'devops', 'cv_2': 'full stack engineer', 'cv_3': 'full stack engineer', 'cv_4': 'reality solution designer', 'cv_5': 'machine learning engineer'}"
128,opportunité pour un expert en intelligence artificielle et en apprentissage auto,0.9524010434160866,0.9464832095279967,0.9193156242366164,0.8981446525556928,0.8239678739554814,senior research scientist engineer,web developer junior,software(full stack),backend engineer,full stack engineer,cv_1,senior research scientist engineer,"{'cv_1': 0.9524010434160866, 'cv_2': 0.9464832095279967, 'cv_3': 0.9193156242366164, 'cv_4': 0.8981446525556928, 'cv_5': 0.8239678739554814}","{'cv_1': 'senior research scientist engineer', 'cv_2': 'web developer junior', 'cv_3': 'software(full stack)', 'cv_4': 'backend engineer', 'cv_5': 'full stack engineer'}"
129,opportunité pour un expert en ingénierie logicielle chez une entreprise innovant,0.9156307842182556,0.8989684726260974,0.9201692799705317,0.8818124935786665,0.8641375588659902,full stack engineer,web developer junior,cloud engineer,ntework engineer,machine learning engineer,cv_3,cloud engineer,"{'cv_1': 0.9156307842182556, 'cv_2': 0.8989684726260974, 'cv_3': 0.9201692799705317, 'cv_4': 0.8818124935786665, 'cv_5': 0.8641375588659902}","{'cv_1': 'full stack engineer', 'cv_2': 'web developer junior', 'cv_3': 'cloud engineer', 'cv_4': 'ntework engineer', 'cv_5': 'machine learning engineer'}"
130,nous sommes à la recherche d'un expert en cybersécurité pour rejoindre notre équ,0.7665868999893135,0.7011080873970255,0.7913167440796749,0.7866865767878842,0.7273695008247791,software(full stack),web developer junior,backend engineer,data science,machine learning engineer,cv_3,backend engineer,"{'cv_1': 0.7665868999893135, 'cv_2': 0.7011080873970255, 'cv_3': 0.7913167440796749, 'cv_4': 0.7866865767878842, 'cv_5': 0.7273695008247791}","{'cv_1': 'software(full stack)', 'cv_2': 'web developer junior', 'cv_3': 'backend engineer', 'cv_4': 'data science', 'cv_5': 'machine learning engineer'}"
131,nous sommes à la recherche d'un architecte réseau expérimenté pour occuper un po,0.0,0.0,0.0,0.0,0.0,network engineer,cyber,full stack engineer,data science,machine learning engineer,cv_1,network engineer,"{'cv_1': 0.0, 'cv_2': 0.0, 'cv_3': 0.0, 'cv_4': 0.0, 'cv_5': 0.0}","{'cv_1': 'network engineer', 'cv_2': 'cyber', 'cv_3': 'full stack engineer', 'cv_4': 'data science', 'cv_5': 'machine learning engineer'}"
132,nous sommes à la recherche d'un chef de projet - développeur back-end expériment,0.9581540333145346,0.8745378958188419,0.9441898652836068,0.9280761690098726,0.869276740217601,web developer junior,devops,data analyst,cloud engineer,machine learning engineer,cv_1,web developer junior,"{'cv_1': 0.9581540333145346, 'cv_2': 0.8745378958188419, 'cv_3': 0.9441898652836068, 'cv_4': 0.9280761690098726, 'cv_5': 0.869276740217601}","{'cv_1': 'web developer junior', 'cv_2': 'devops', 'cv_3': 'data analyst', 'cv_4': 'cloud engineer', 'cv_5': 'machine learning engineer'}"
133,nous recherchons un ingénieur api/backend expérimenté pour rejoindre notre équip,0.9755828228190799,0.9670982427819858,0.9330521367615258,0.9545057910121693,0.9276769552938741,backend engineer,full stack engineer,backend engineer,full stack engineer,machine learning engineer,cv_1,backend engineer,"{'cv_1': 0.9755828228190799, 'cv_2': 0.9670982427819858, 'cv_3': 0.9330521367615258, 'cv_4': 0.9545057910121693, 'cv_5': 0.9276769552938741}","{'cv_1': 'backend engineer', 'cv_2': 'full stack engineer', 'cv_3': 'backend engineer', 'cv_4': 'full stack engineer', 'cv_5': 'machine learning engineer'}"
134,opportunité pour un expert en développement full-stack chez nous. nous rechercho,0.9617127355994133,0.9142740584582463,0.9573599709526164,0.9243734828994772,0.8863579897138076,full stack engineer,frontend,software(full stack),data science,machine learning engineer,cv_1,full stack engineer,"{'cv_1': 0.9617127355994133, 'cv_2': 0.9142740584582463, 'cv_3': 0.9573599709526164, 'cv_4': 0.9243734828994772, 'cv_5': 0.8863579897138076}","{'cv_1': 'full stack engineer', 'cv_2': 'frontend', 'cv_3': 'software(full stack)', 'cv_4': 'data science', 'cv_5': 'machine learning engineer'}"
135,opportunité pour un expert en développement backend chez notre entreprise. nous ,0.9631101348165461,0.9450273476760078,0.8911480813137223,0.8891584495483633,0.8444298666261002,web developer junior,full stack engineer,web developer junior,full stack engineer,machine learning engineer,cv_1,web developer junior,"{'cv_1': 0.9631101348165461, 'cv_2': 0.9450273476760078, 'cv_3': 0.8911480813137223, 'cv_4': 0.8891584495483633, 'cv_5': 0.8444298666261002}","{'cv_1': 'web developer junior', 'cv_2': 'full stack engineer', 'cv_3': 'web developer junior', 'cv_4': 'full stack engineer', 'cv_5': 'machine learning engineer'}"
136,"
   opportunité pour un expert en intelligence artificielle et en traitement du ",0.926986389328295,0.8848310635402239,0.8908489313741443,0.8911742050381446,0.9130995042733199,full stack engineer,web developer junior,senior research scientist engineer,senior research scientist engineer,machine learning engineer,cv_1,full stack engineer,"{'cv_1': 0.926986389328295, 'cv_2': 0.8848310635402239, 'cv_3': 0.8908489313741443, 'cv_4': 0.8911742050381446, 'cv_5': 0.9130995042733199}","{'cv_1': 'full stack engineer', 'cv_2': 'web developer junior', 'cv_3': 'senior research scientist engineer', 'cv_4': 'senior research scientist engineer', 'cv_5': 'machine learning engineer'}"
137,opportunité pour un expert en développement de logiciels à rejoindre notre équip,0.866729648999968,0.9153938743015313,0.8953162836680255,0.817526075176225,0.8421878229108748,frontend,full stack engineer,web developer junior,senior research scientist engineer,machine learning engineer,cv_2,full stack engineer,"{'cv_1': 0.866729648999968, 'cv_2': 0.9153938743015313, 'cv_3': 0.8953162836680255, 'cv_4': 0.817526075176225, 'cv_5': 0.8421878229108748}","{'cv_1': 'frontend', 'cv_2': 'full stack engineer', 'cv_3': 'web developer junior', 'cv_4': 'senior research scientist engineer', 'cv_5': 'machine learning engineer'}"
138,"
   opportunité pour un expert en développement logiciel full stack chez une ent",0.9454819066542282,0.9720537507435936,0.9234638616813234,0.9022460945962856,0.8835837154465449,web developer junior,backend engineer,machine learning engineer,ai engineer,machine learning engineer,cv_2,backend engineer,"{'cv_1': 0.9454819066542282, 'cv_2': 0.9720537507435936, 'cv_3': 0.9234638616813234, 'cv_4': 0.9022460945962856, 'cv_5': 0.8835837154465449}","{'cv_1': 'web developer junior', 'cv_2': 'backend engineer', 'cv_3': 'machine learning engineer', 'cv_4': 'ai engineer', 'cv_5': 'machine learning engineer'}"
139,opportunité pour un expert en analyse de données chez notre entreprise. nous som,0.9825535654416473,0.8127189150993395,0.9345962319912575,0.964578942611738,0.921970651174817,data analyst,network engineer,senior research scientist engineer,machine learning engineer,machine learning engineer,cv_1,data analyst,"{'cv_1': 0.9825535654416473, 'cv_2': 0.8127189150993395, 'cv_3': 0.9345962319912575, 'cv_4': 0.964578942611738, 'cv_5': 0.921970651174817}","{'cv_1': 'data analyst', 'cv_2': 'network engineer', 'cv_3': 'senior research scientist engineer', 'cv_4': 'machine learning engineer', 'cv_5': 'machine learning engineer'}"
140,"
   opportunité pour un expert en data science chez notre entreprise ! nous rech",0.9736840189077269,0.9695109440964117,0.9656144124396536,0.9392721925465384,0.9584662422330754,data analyst,devops,full stack engineer,reality solution designer,machine learning engineer,cv_1,data analyst,"{'cv_1': 0.9736840189077269, 'cv_2': 0.9695109440964117, 'cv_3': 0.9656144124396536, 'cv_4': 0.9392721925465384, 'cv_5': 0.9584662422330754}","{'cv_1': 'data analyst', 'cv_2': 'devops', 'cv_3': 'full stack engineer', 'cv_4': 'reality solution designer', 'cv_5': 'machine learning engineer'}"
141,nous sommes à la recherche d'un développeur full-stack expérimenté pour rejoindr,0.9440814699745232,0.9223679592845779,0.9644033226092728,0.8870982980763533,0.8914455052404848,web developer junior,full stack engineer,dev ai,senior research scientist engineer,machine learning engineer,cv_3,dev ai,"{'cv_1': 0.9440814699745232, 'cv_2': 0.9223679592845779, 'cv_3': 0.9644033226092728, 'cv_4': 0.8870982980763533, 'cv_5': 0.8914455052404848}","{'cv_1': 'web developer junior', 'cv_2': 'full stack engineer', 'cv_3': 'dev ai', 'cv_4': 'senior research scientist engineer', 'cv_5': 'machine learning engineer'}"
142,"
   opportunité pour un expert data engineer chez notre entreprise. nous sommes ",0.9825292132989789,0.9416577648101925,0.9666545735809438,0.9432065992085625,0.9499679540814088,data analyst,full stack engineer,full stack engineer,full stack engineer,machine learning engineer,cv_1,data analyst,"{'cv_1': 0.9825292132989789, 'cv_2': 0.9416577648101925, 'cv_3': 0.9666545735809438, 'cv_4': 0.9432065992085625, 'cv_5': 0.9499679540814088}","{'cv_1': 'data analyst', 'cv_2': 'full stack engineer', 'cv_3': 'full stack engineer', 'cv_4': 'full stack engineer', 'cv_5': 'machine learning engineer'}"
143,opportunité pour un expert en développement logiciel expérimenté dans les techno,0.9265309878550165,0.8548718727383986,0.757503889314803,0.6543137384584897,0.7872583194978735,web developer junior,cloud engineer,devops,network engineer,machine learning engineer,cv_1,web developer junior,"{'cv_1': 0.9265309878550165, 'cv_2': 0.8548718727383986, 'cv_3': 0.757503889314803, 'cv_4': 0.6543137384584897, 'cv_5': 0.7872583194978735}","{'cv_1': 'web developer junior', 'cv_2': 'cloud engineer', 'cv_3': 'devops', 'cv_4': 'network engineer', 'cv_5': 'machine learning engineer'}"
144,"
   opportunité pour un expert en développement web full stack chez notre entrep",0.8767883357749024,0.903421004624358,0.9581772104471074,0.9555085921650777,0.879380836577025,software(full stack),site reliability engineer,dev ai,full stack engineer,machine learning engineer,cv_3,dev ai,"{'cv_1': 0.8767883357749024, 'cv_2': 0.903421004624358, 'cv_3': 0.9581772104471074, 'cv_4': 0.9555085921650777, 'cv_5': 0.879380836577025}","{'cv_1': 'software(full stack)', 'cv_2': 'site reliability engineer', 'cv_3': 'dev ai', 'cv_4': 'full stack engineer', 'cv_5': 'machine learning engineer'}"
145,nous sommes à la recherche d'un expert en sécurité informatique pour rejoindre n,0.7665868999893135,0.7536939461066392,0.7254690395741138,0.7177145532401406,0.7273695008247791,software(full stack),backend engineer,cloud &devops engineer,senior research scientist engineer,machine learning engineer,cv_1,software(full stack),"{'cv_1': 0.7665868999893135, 'cv_2': 0.7536939461066392, 'cv_3': 0.7254690395741138, 'cv_4': 0.7177145532401406, 'cv_5': 0.7273695008247791}","{'cv_1': 'software(full stack)', 'cv_2': 'backend engineer', 'cv_3': 'cloud &devops engineer', 'cv_4': 'senior research scientist engineer', 'cv_5': 'machine learning engineer'}"
146,nous recherchons un expert en sécurité informatique pour renforcer notre équipe ,0.7118016133274285,0.6921935653306751,0.7144642474423983,0.7734912187594705,0.7273695008247791,web developer junior,data science,cloud engineer,data science,machine learning engineer,cv_4,data science,"{'cv_1': 0.7118016133274285, 'cv_2': 0.6921935653306751, 'cv_3': 0.7144642474423983, 'cv_4': 0.7734912187594705, 'cv_5': 0.7273695008247791}","{'cv_1': 'web developer junior', 'cv_2': 'data science', 'cv_3': 'cloud engineer', 'cv_4': 'data science', 'cv_5': 'machine learning engineer'}"
147,opportunité pour un expert développeur logiciel chez notre entreprise ! nous pro,0.9370741387371982,0.9694428351549097,0.9685698247396926,0.9383908867366024,0.9438225823811563,web developer junior,data analyst,data analyst,machine learning engineer,machine learning engineer,cv_2,data analyst,"{'cv_1': 0.9370741387371982, 'cv_2': 0.9694428351549097, 'cv_3': 0.9685698247396926, 'cv_4': 0.9383908867366024, 'cv_5': 0.9438225823811563}","{'cv_1': 'web developer junior', 'cv_2': 'data analyst', 'cv_3': 'data analyst', 'cv_4': 'machine learning engineer', 'cv_5': 'machine learning engineer'}"
148,"
   opportunité pour un expert en développement full-stack chez nous. 
   nous r",0.9486325902634857,0.986154967658299,0.9889348267438758,0.8864902348478443,0.9013806286242121,web developer junior,full stack engineer,full stack engineer,data science,machine learning engineer,cv_3,full stack engineer,"{'cv_1': 0.9486325902634857, 'cv_2': 0.986154967658299, 'cv_3': 0.9889348267438758, 'cv_4': 0.8864902348478443, 'cv_5': 0.9013806286242121}","{'cv_1': 'web developer junior', 'cv_2': 'full stack engineer', 'cv_3': 'full stack engineer', 'cv_4': 'data science', 'cv_5': 'machine learning engineer'}"
149,"
   opportunité pour un expert en sécurité informatique chez notre entreprise. n",0.8919495141354059,0.9620116699233638,0.9127374510550044,0.8552532382031572,0.8814260298659455,full stack engineer,backend engineer,software(full stack),data science,machine learning engineer,cv_2,backend engineer,"{'cv_1': 0.8919495141354059, 'cv_2': 0.9620116699233638, 'cv_3': 0.9127374510550044, 'cv_4': 0.8552532382031572, 'cv_5': 0.8814260298659455}","{'cv_1': 'full stack engineer', 'cv_2': 'backend engineer', 'cv_3': 'software(full stack)', 'cv_4': 'data science', 'cv_5': 'machine learning engineer'}"
150,nous sommes à la recherche d'un expert en développement full stack java/reactjs ,0.8660201951308425,0.921821958972714,0.915776003604537,0.9113739053454085,0.867874610531532,frontend,backend engineer,full stack engineer,data science,machine learning engineer,cv_2,backend engineer,"{'cv_1': 0.8660201951308425, 'cv_2': 0.921821958972714, 'cv_3': 0.915776003604537, 'cv_4': 0.9113739053454085, 'cv_5': 0.867874610531532}","{'cv_1': 'frontend', 'cv_2': 'backend engineer', 'cv_3': 'full stack engineer', 'cv_4': 'data science', 'cv_5': 'machine learning engineer'}"
151,opportunité pour un expert devops & cloud à rejoindre notre équipe pour concevoi,0.990359487752092,0.935684280144412,0.9313152180781344,0.8991824504118203,0.8994533099895592,devops,software(full stack),backend engineer,backend engineer,machine learning engineer,cv_1,devops,"{'cv_1': 0.990359487752092, 'cv_2': 0.935684280144412, 'cv_3': 0.9313152180781344, 'cv_4': 0.8991824504118203, 'cv_5': 0.8994533099895592}","{'cv_1': 'devops', 'cv_2': 'software(full stack)', 'cv_3': 'backend engineer', 'cv_4': 'backend engineer', 'cv_5': 'machine learning engineer'}"
152,opportunité pour un expert en développement python/django chez nous. notre équip,0.9726488505408744,0.9182471742609288,0.9698315814926418,0.9631650366668587,0.9167868274343457,backend engineer,full stack engineer,cloud engineer,full stack engineer,machine learning engineer,cv_1,backend engineer,"{'cv_1': 0.9726488505408744, 'cv_2': 0.9182471742609288, 'cv_3': 0.9698315814926418, 'cv_4': 0.9631650366668587, 'cv_5': 0.9167868274343457}","{'cv_1': 'backend engineer', 'cv_2': 'full stack engineer', 'cv_3': 'cloud engineer', 'cv_4': 'full stack engineer', 'cv_5': 'machine learning engineer'}"
153,"
   opportunité pour un expert en développement web full stack chez notre entrep",0.98156932574749,0.8827914630738196,0.9667077836206863,0.8541319933868021,0.8678486115825523,software(full stack),backend engineer,full stack engineer,data science,machine learning engineer,cv_1,software(full stack),"{'cv_1': 0.98156932574749, 'cv_2': 0.8827914630738196, 'cv_3': 0.9667077836206863, 'cv_4': 0.8541319933868021, 'cv_5': 0.8678486115825523}","{'cv_1': 'software(full stack)', 'cv_2': 'backend engineer', 'cv_3': 'full stack engineer', 'cv_4': 'data science', 'cv_5': 'machine learning engineer'}"
154,nous sommes à la recherche d'un ingénieur d'études et développement informatique,0.9421363950849557,0.7893293884138781,0.9050976852123321,0.8862967953386705,0.872225172348302,full stack engineer,ntework engineer,software(full stack),ai engineer,machine learning engineer,cv_1,full stack engineer,"{'cv_1': 0.9421363950849557, 'cv_2': 0.7893293884138781, 'cv_3': 0.9050976852123321, 'cv_4': 0.8862967953386705, 'cv_5': 0.872225172348302}","{'cv_1': 'full stack engineer', 'cv_2': 'ntework engineer', 'cv_3': 'software(full stack)', 'cv_4': 'ai engineer', 'cv_5': 'machine learning engineer'}"
155,"
   opportunité pour un expert en sécurité informatique de rejoindre notre équip",0.929799700761314,0.9477930639607248,0.9103549492012577,0.9214491918428172,0.9322624027012899,web developer junior,backend engineer,reality solution designer,software(full stack),machine learning engineer,cv_2,backend engineer,"{'cv_1': 0.929799700761314, 'cv_2': 0.9477930639607248, 'cv_3': 0.9103549492012577, 'cv_4': 0.9214491918428172, 'cv_5': 0.9322624027012899}","{'cv_1': 'web developer junior', 'cv_2': 'backend engineer', 'cv_3': 'reality solution designer', 'cv_4': 'software(full stack)', 'cv_5': 'machine learning engineer'}"
156,"
   opportunité pour un expert développeur full stack chez notre entreprise. nou",0.9316076099797396,0.9629884703233633,0.9754538049951822,0.964151062720022,0.8769097166574824,web developer junior,dev ai,backend engineer,cloud engineer,machine learning engineer,cv_3,backend engineer,"{'cv_1': 0.9316076099797396, 'cv_2': 0.9629884703233633, 'cv_3': 0.9754538049951822, 'cv_4': 0.964151062720022, 'cv_5': 0.8769097166574824}","{'cv_1': 'web developer junior', 'cv_2': 'dev ai', 'cv_3': 'backend engineer', 'cv_4': 'cloud engineer', 'cv_5': 'machine learning engineer'}"
157,nous sommes à la recherche d'un expert java/j2ee pour rejoindre notre équipe de ,0.9513206229795745,0.9151676290384703,0.9498639026848104,0.9182005298441461,0.9113191971998347,web developer junior,software(full stack),software(full stack),data analyst,machine learning engineer,cv_1,web developer junior,"{'cv_1': 0.9513206229795745, 'cv_2': 0.9151676290384703, 'cv_3': 0.9498639026848104, 'cv_4': 0.9182005298441461, 'cv_5': 0.9113191971998347}","{'cv_1': 'web developer junior', 'cv_2': 'software(full stack)', 'cv_3': 'software(full stack)', 'cv_4': 'data analyst', 'cv_5': 'machine learning engineer'}"
158,"
   opportunité pour un expert en intelligence artificielle et en apprentissage ",0.9186314647765925,0.9243615857115777,0.972616221318644,0.9161509143424947,0.9732536130281643,frontend,full stack engineer,machine learning engineer,cloud engineer,machine learning engineer,cv_5,machine learning engineer,"{'cv_1': 0.9186314647765925, 'cv_2': 0.9243615857115777, 'cv_3': 0.972616221318644, 'cv_4': 0.9161509143424947, 'cv_5': 0.9732536130281643}","{'cv_1': 'frontend', 'cv_2': 'full stack engineer', 'cv_3': 'machine learning engineer', 'cv_4': 'cloud engineer', 'cv_5': 'machine learning engineer'}"
159,opportunité pour un expert en développement web et technologie chez une startup ,0.7738715296729815,0.7306214851142964,0.7567561470342992,0.6908596028720547,0.7016114637786618,web developer junior,web developer junior,frontend,data science,machine learning engineer,cv_1,web developer junior,"{'cv_1': 0.7738715296729815, 'cv_2': 0.7306214851142964, 'cv_3': 0.7567561470342992, 'cv_4': 0.6908596028720547, 'cv_5': 0.7016114637786618}","{'cv_1': 'web developer junior', 'cv_2': 'web developer junior', 'cv_3': 'frontend', 'cv_4': 'data science', 'cv_5': 'machine learning engineer'}"
160,"
   opportunité pour un expert en intelligence artificielle chez notre entrepris",0.9304667113243393,0.9185805160701553,0.9261338877892931,0.0,0.8184020306266587,software(full stack),senior research scientist engineer,web developer junior,network engineer,full stack engineer,cv_1,software(full stack),"{'cv_1': 0.9304667113243393, 'cv_2': 0.9185805160701553, 'cv_3': 0.9261338877892931, 'cv_4': 0.0, 'cv_5': 0.8184020306266587}","{'cv_1': 'software(full stack)', 'cv_2': 'senior research scientist engineer', 'cv_3': 'web developer junior', 'cv_4': 'network engineer', 'cv_5': 'full stack engineer'}"
161,nous sommes à la recherche d'un expert en intelligence artificielle et en appren,0.8522577099382069,0.7518797700818688,0.8354170104788095,0.861820361623668,0.8639036380108278,full stack engineer,full stack engineer,full stack engineer,ntework engineer,machine learning engineer,cv_5,machine learning engineer,"{'cv_1': 0.8522577099382069, 'cv_2': 0.7518797700818688, 'cv_3': 0.8354170104788095, 'cv_4': 0.861820361623668, 'cv_5': 0.8639036380108278}","{'cv_1': 'full stack engineer', 'cv_2': 'full stack engineer', 'cv_3': 'full stack engineer', 'cv_4': 'ntework engineer', 'cv_5': 'machine learning engineer'}"
162,"
   nous recherchons un expert en conception et réalisation de projets informati",0.9427242870883157,0.9769920704196658,0.9031623117105656,0.9603485567836046,0.9339000903830211,web developer junior,data analyst,data science,cloud engineer,machine learning engineer,cv_2,data analyst,"{'cv_1': 0.9427242870883157, 'cv_2': 0.9769920704196658, 'cv_3': 0.9031623117105656, 'cv_4': 0.9603485567836046, 'cv_5': 0.9339000903830211}","{'cv_1': 'web developer junior', 'cv_2': 'data analyst', 'cv_3': 'data science', 'cv_4': 'cloud engineer', 'cv_5': 'machine learning engineer'}"
163,"
   opportunité pour un expert en intelligence artificielle et en apprentissage ",0.8986875383070675,0.8924218493884666,0.9334241043374879,0.9490339504290213,0.8334083648940023,frontend,reality solution designer,full stack engineer,backend engineer,full stack engineer,cv_4,backend engineer,"{'cv_1': 0.8986875383070675, 'cv_2': 0.8924218493884666, 'cv_3': 0.9334241043374879, 'cv_4': 0.9490339504290213, 'cv_5': 0.8334083648940023}","{'cv_1': 'frontend', 'cv_2': 'reality solution designer', 'cv_3': 'full stack engineer', 'cv_4': 'backend engineer', 'cv_5': 'full stack engineer'}"
164,opportunité pour un expert full stack développeur chez une entreprise innovante.,0.9639030188212846,0.8875030826386827,0.8632653511822257,0.8696764372920645,0.8492866950874771,web developer junior,web developer junior,devops,data science,machine learning engineer,cv_1,web developer junior,"{'cv_1': 0.9639030188212846, 'cv_2': 0.8875030826386827, 'cv_3': 0.8632653511822257, 'cv_4': 0.8696764372920645, 'cv_5': 0.8492866950874771}","{'cv_1': 'web developer junior', 'cv_2': 'web developer junior', 'cv_3': 'devops', 'cv_4': 'data science', 'cv_5': 'machine learning engineer'}"
165,"
   opportunité pour un expert en développement de logiciels à rejoindre notre é",0.9494723920328635,0.944511830097974,0.9543501396182474,0.8995576059631668,0.8955874370118466,web developer junior,devops,frontend,machine learning engineer,machine learning engineer,cv_3,frontend,"{'cv_1': 0.9494723920328635, 'cv_2': 0.944511830097974, 'cv_3': 0.9543501396182474, 'cv_4': 0.8995576059631668, 'cv_5': 0.8955874370118466}","{'cv_1': 'web developer junior', 'cv_2': 'devops', 'cv_3': 'frontend', 'cv_4': 'machine learning engineer', 'cv_5': 'machine learning engineer'}"
166,opportunité pour un expert en intelligence artificielle chez notre entreprise de,0.9340307906756817,0.9588584621066752,0.9729776897566167,0.833558606661774,0.8259901975444786,ai engineer,backend engineer,backend engineer,frontend,full stack engineer,cv_3,backend engineer,"{'cv_1': 0.9340307906756817, 'cv_2': 0.9588584621066752, 'cv_3': 0.9729776897566167, 'cv_4': 0.833558606661774, 'cv_5': 0.8259901975444786}","{'cv_1': 'ai engineer', 'cv_2': 'backend engineer', 'cv_3': 'backend engineer', 'cv_4': 'frontend', 'cv_5': 'full stack engineer'}"
167,nous sommes à la recherche d'un développeur full-stack pour rejoindre notre équi,0.9507662600152214,0.9774526293537242,0.9334172602478765,0.7925000968290697,0.8877811237000631,full stack engineer,full stack engineer,full stack engineer,ntework engineer,machine learning engineer,cv_2,full stack engineer,"{'cv_1': 0.9507662600152214, 'cv_2': 0.9774526293537242, 'cv_3': 0.9334172602478765, 'cv_4': 0.7925000968290697, 'cv_5': 0.8877811237000631}","{'cv_1': 'full stack engineer', 'cv_2': 'full stack engineer', 'cv_3': 'full stack engineer', 'cv_4': 'ntework engineer', 'cv_5': 'machine learning engineer'}"
168,"
   opportunité pour un expert en développement backend chez notre entreprise ! ",0.9238466476682302,0.9642021045353995,0.9712864613301837,0.8805966991430706,0.9067523649432376,web developer junior,backend engineer,web developer junior,data science,machine learning engineer,cv_3,web developer junior,"{'cv_1': 0.9238466476682302, 'cv_2': 0.9642021045353995, 'cv_3': 0.9712864613301837, 'cv_4': 0.8805966991430706, 'cv_5': 0.9067523649432376}","{'cv_1': 'web developer junior', 'cv_2': 'backend engineer', 'cv_3': 'web developer junior', 'cv_4': 'data science', 'cv_5': 'machine learning engineer'}"
169,"
   opportunité pour un expert en devops et ux-ui designer chez innovgeek. 
   n",0.9488250787904743,0.88093081940871,0.8497722903154359,0.0,0.8878871313996524,devops,data science,data science,reality solution designer,machine learning engineer,cv_1,devops,"{'cv_1': 0.9488250787904743, 'cv_2': 0.88093081940871, 'cv_3': 0.8497722903154359, 'cv_4': 0.0, 'cv_5': 0.8878871313996524}","{'cv_1': 'devops', 'cv_2': 'data science', 'cv_3': 'data science', 'cv_4': 'reality solution designer', 'cv_5': 'machine learning engineer'}"
170,"
   opportunité pour un expert en développement full-stack ! nous recherchons un",0.8862427331824334,0.9345410401338257,0.9773084162368056,0.9262660273047815,0.8987781809468497,software(full stack),frontend,backend engineer,machine learning engineer,machine learning engineer,cv_3,backend engineer,"{'cv_1': 0.8862427331824334, 'cv_2': 0.9345410401338257, 'cv_3': 0.9773084162368056, 'cv_4': 0.9262660273047815, 'cv_5': 0.8987781809468497}","{'cv_1': 'software(full stack)', 'cv_2': 'frontend', 'cv_3': 'backend engineer', 'cv_4': 'machine learning engineer', 'cv_5': 'machine learning engineer'}"
171,"
   opportunité pour un expert en intelligence artificielle et en apprentissage ",0.8856067443610168,0.9570122298105663,0.9379497043915755,0.9314252881555874,0.8240092144444389,frontend,senior research scientist engineer,backend engineer,full stack engineer,full stack engineer,cv_2,senior research scientist engineer,"{'cv_1': 0.8856067443610168, 'cv_2': 0.9570122298105663, 'cv_3': 0.9379497043915755, 'cv_4': 0.9314252881555874, 'cv_5': 0.8240092144444389}","{'cv_1': 'frontend', 'cv_2': 'senior research scientist engineer', 'cv_3': 'backend engineer', 'cv_4': 'full stack engineer', 'cv_5': 'full stack engineer'}"
172,opportunité pour un expert en développement frontend chez notre entreprise. nous,0.9552453729475374,0.9147889857930342,0.8865404098438852,0.8902041265863841,0.8456959285501543,software(full stack),cloud engineer,backend engineer,data science,machine learning engineer,cv_1,software(full stack),"{'cv_1': 0.9552453729475374, 'cv_2': 0.9147889857930342, 'cv_3': 0.8865404098438852, 'cv_4': 0.8902041265863841, 'cv_5': 0.8456959285501543}","{'cv_1': 'software(full stack)', 'cv_2': 'cloud engineer', 'cv_3': 'backend engineer', 'cv_4': 'data science', 'cv_5': 'machine learning engineer'}"
173,"
   opportunité pour un expert en machine learning de rejoindre notre équipe de ",0.9684810701991582,0.949153673526511,0.955143633637227,0.8861121985855973,0.8244598037173768,web developer junior,senior research scientist engineer,web developer junior,reality solution designer,full stack engineer,cv_1,web developer junior,"{'cv_1': 0.9684810701991582, 'cv_2': 0.949153673526511, 'cv_3': 0.955143633637227, 'cv_4': 0.8861121985855973, 'cv_5': 0.8244598037173768}","{'cv_1': 'web developer junior', 'cv_2': 'senior research scientist engineer', 'cv_3': 'web developer junior', 'cv_4': 'reality solution designer', 'cv_5': 'full stack engineer'}"
174,opportunité pour un expert en développement backend et architecture technique. n,0.9550976243786667,0.9481923676691035,0.8674679110257149,0.906759252890446,0.8864390626115203,full stack engineer,data analyst,software(full stack),ai engineer,machine learning engineer,cv_1,full stack engineer,"{'cv_1': 0.9550976243786667, 'cv_2': 0.9481923676691035, 'cv_3': 0.8674679110257149, 'cv_4': 0.906759252890446, 'cv_5': 0.8864390626115203}","{'cv_1': 'full stack engineer', 'cv_2': 'data analyst', 'cv_3': 'software(full stack)', 'cv_4': 'ai engineer', 'cv_5': 'machine learning engineer'}"
175,nous recherchons un data scientist expérimenté pour rejoindre notre équipe de re,0.9831390008985283,0.9827319601480982,0.9540527303946085,0.907265808528199,0.9634985582411968,data analyst,data analyst,full stack engineer,frontend,machine learning engineer,cv_1,data analyst,"{'cv_1': 0.9831390008985283, 'cv_2': 0.9827319601480982, 'cv_3': 0.9540527303946085, 'cv_4': 0.907265808528199, 'cv_5': 0.9634985582411968}","{'cv_1': 'data analyst', 'cv_2': 'data analyst', 'cv_3': 'full stack engineer', 'cv_4': 'frontend', 'cv_5': 'machine learning engineer'}"
176,"
   opportunité pour un expert en intelligence artificielle (ia) de rejoindre no",0.9079844145727287,0.9325745687193698,0.9481333009086298,0.6666669581504274,0.9447443399381656,full stack engineer,site reliability engineer,data science,cyber,machine learning engineer,cv_3,data science,"{'cv_1': 0.9079844145727287, 'cv_2': 0.9325745687193698, 'cv_3': 0.9481333009086298, 'cv_4': 0.6666669581504274, 'cv_5': 0.9447443399381656}","{'cv_1': 'full stack engineer', 'cv_2': 'site reliability engineer', 'cv_3': 'data science', 'cv_4': 'cyber', 'cv_5': 'machine learning engineer'}"
177,"
   opportunité pour un expert en solutions cloud chez notre entreprise. nous so",0.9362006344372622,0.8900108791582915,0.8751428414249983,0.8654029839664086,0.9005275665250516,backend engineer,full stack engineer,data science,data science,machine learning engineer,cv_1,backend engineer,"{'cv_1': 0.9362006344372622, 'cv_2': 0.8900108791582915, 'cv_3': 0.8751428414249983, 'cv_4': 0.8654029839664086, 'cv_5': 0.9005275665250516}","{'cv_1': 'backend engineer', 'cv_2': 'full stack engineer', 'cv_3': 'data science', 'cv_4': 'data science', 'cv_5': 'machine learning engineer'}"
178,"
   nous sommes à la recherche d'un chef de projets logiciels 'data' expérimenté",0.9754876816302305,0.9189043405963369,0.916706481699512,0.8978128708942631,0.9369615529978367,backend engineer,senior research scientist engineer,web developer junior,cyber,machine learning engineer,cv_1,backend engineer,"{'cv_1': 0.9754876816302305, 'cv_2': 0.9189043405963369, 'cv_3': 0.916706481699512, 'cv_4': 0.8978128708942631, 'cv_5': 0.9369615529978367}","{'cv_1': 'backend engineer', 'cv_2': 'senior research scientist engineer', 'cv_3': 'web developer junior', 'cv_4': 'cyber', 'cv_5': 'machine learning engineer'}"
179,"
   opportunité pour un expert en développement full stack chez notre entreprise",0.9518667844013935,0.9490184758438813,0.9334581785334564,0.9304392762407355,0.8904531677840775,web developer junior,full stack engineer,devops,data science,machine learning engineer,cv_1,web developer junior,"{'cv_1': 0.9518667844013935, 'cv_2': 0.9490184758438813, 'cv_3': 0.9334581785334564, 'cv_4': 0.9304392762407355, 'cv_5': 0.8904531677840775}","{'cv_1': 'web developer junior', 'cv_2': 'full stack engineer', 'cv_3': 'devops', 'cv_4': 'data science', 'cv_5': 'machine learning engineer'}"
180,nous sommes à la recherche d'un développeur web full stack pour rejoindre notre ,0.912928433003779,0.9259765605174732,0.8910061063030261,0.8303582354968566,0.8091673364695582,software(full stack),backend engineer,data analyst,senior research scientist engineer,machine learning engineer,cv_2,backend engineer,"{'cv_1': 0.912928433003779, 'cv_2': 0.9259765605174732, 'cv_3': 0.8910061063030261, 'cv_4': 0.8303582354968566, 'cv_5': 0.8091673364695582}","{'cv_1': 'software(full stack)', 'cv_2': 'backend engineer', 'cv_3': 'data analyst', 'cv_4': 'senior research scientist engineer', 'cv_5': 'machine learning engineer'}"
181,opportunité pour un expert devops chez notre entreprise en pleine croissance. no,0.9203481681408541,0.8889637122197338,0.8756094625725853,0.8889223951226248,0.8526286715346078,devops,full stack engineer,full stack engineer,ntework engineer,machine learning engineer,cv_1,devops,"{'cv_1': 0.9203481681408541, 'cv_2': 0.8889637122197338, 'cv_3': 0.8756094625725853, 'cv_4': 0.8889223951226248, 'cv_5': 0.8526286715346078}","{'cv_1': 'devops', 'cv_2': 'full stack engineer', 'cv_3': 'full stack engineer', 'cv_4': 'ntework engineer', 'cv_5': 'machine learning engineer'}"
182,"
   nous recherchons un développeur full-stack expérimenté pour rejoindre notre ",0.9587295383957908,0.9665821530093172,0.9530832650680899,0.9224396571400595,0.9017095796854003,web developer junior,backend engineer,backend engineer,machine learning engineer,machine learning engineer,cv_2,backend engineer,"{'cv_1': 0.9587295383957908, 'cv_2': 0.9665821530093172, 'cv_3': 0.9530832650680899, 'cv_4': 0.9224396571400595, 'cv_5': 0.9017095796854003}","{'cv_1': 'web developer junior', 'cv_2': 'backend engineer', 'cv_3': 'backend engineer', 'cv_4': 'machine learning engineer', 'cv_5': 'machine learning engineer'}"
183,"
   opportunité pour un expert en backend : nous recherchons un ingénieur backen",0.95721491964916,0.8065774935291379,0.8065774935291379,0.9503394540197972,0.905075248624505,web developer junior,network engineer,ntework engineer,network engineer,machine learning engineer,cv_1,web developer junior,"{'cv_1': 0.95721491964916, 'cv_2': 0.8065774935291379, 'cv_3': 0.8065774935291379, 'cv_4': 0.9503394540197972, 'cv_5': 0.905075248624505}","{'cv_1': 'web developer junior', 'cv_2': 'network engineer', 'cv_3': 'ntework engineer', 'cv_4': 'network engineer', 'cv_5': 'machine learning engineer'}"
184,opportunité pour un expert en data science chez notre entreprise de technologie.,0.9778252262920573,0.9727920541743023,0.9727920541743023,0.9705524295323205,0.8287908156680381,backend engineer,machine learning engineer,data science,machine learning engineer,full stack engineer,cv_1,backend engineer,"{'cv_1': 0.9778252262920573, 'cv_2': 0.9727920541743023, 'cv_3': 0.9727920541743023, 'cv_4': 0.9705524295323205, 'cv_5': 0.8287908156680381}","{'cv_1': 'backend engineer', 'cv_2': 'machine learning engineer', 'cv_3': 'data science', 'cv_4': 'machine learning engineer', 'cv_5': 'full stack engineer'}"
185,"
   opportunité pour un expert en big data et data science chez notre entreprise",0.9543792896641065,0.826005465203976,0.9308312992284907,0.919644834834249,0.9274502860871,data analyst,software(full stack),machine learning engineer,full stack engineer,machine learning engineer,cv_1,data analyst,"{'cv_1': 0.9543792896641065, 'cv_2': 0.826005465203976, 'cv_3': 0.9308312992284907, 'cv_4': 0.919644834834249, 'cv_5': 0.9274502860871}","{'cv_1': 'data analyst', 'cv_2': 'software(full stack)', 'cv_3': 'machine learning engineer', 'cv_4': 'full stack engineer', 'cv_5': 'machine learning engineer'}"
186,nous sommes à la recherche d'un expert en développement web pour rejoindre notre,0.654294820558283,0.7713220822630475,0.823064698417048,0.6251384876953848,0.7217893339582888,software(full stack),backend engineer,backend engineer,reality solution designer,machine learning engineer,cv_3,backend engineer,"{'cv_1': 0.654294820558283, 'cv_2': 0.7713220822630475, 'cv_3': 0.823064698417048, 'cv_4': 0.6251384876953848, 'cv_5': 0.7217893339582888}","{'cv_1': 'software(full stack)', 'cv_2': 'backend engineer', 'cv_3': 'backend engineer', 'cv_4': 'reality solution designer', 'cv_5': 'machine learning engineer'}"
187,"
   opportunité pour un expert en développement frontend chez notre entreprise. ",0.967694483173321,0.9429391304683818,0.9621525799229312,0.8641467811817355,0.8662638304737106,software(full stack),full stack engineer,cloud engineer,senior research scientist engineer,machine learning engineer,cv_1,software(full stack),"{'cv_1': 0.967694483173321, 'cv_2': 0.9429391304683818, 'cv_3': 0.9621525799229312, 'cv_4': 0.8641467811817355, 'cv_5': 0.8662638304737106}","{'cv_1': 'software(full stack)', 'cv_2': 'full stack engineer', 'cv_3': 'cloud engineer', 'cv_4': 'senior research scientist engineer', 'cv_5': 'machine learning engineer'}"
188,opportunité pour un expert full-stack chez nous. nous recherchons un développeur,0.9501822552251262,0.945801963141461,0.9273498859707638,0.8199537119746231,0.8275676214408235,software(full stack),full stack engineer,software(full stack),senior research scientist engineer,machine learning engineer,cv_1,software(full stack),"{'cv_1': 0.9501822552251262, 'cv_2': 0.945801963141461, 'cv_3': 0.9273498859707638, 'cv_4': 0.8199537119746231, 'cv_5': 0.8275676214408235}","{'cv_1': 'software(full stack)', 'cv_2': 'full stack engineer', 'cv_3': 'software(full stack)', 'cv_4': 'senior research scientist engineer', 'cv_5': 'machine learning engineer'}"
189,"
   opportunité pour un expert en intelligence artificielle et apprentissage aut",0.9775952396336055,0.9053196600290199,0.9114389487042178,0.9222771913030401,0.8201626794394032,ai engineer,software(full stack),reality solution designer,site reliability engineer,full stack engineer,cv_1,ai engineer,"{'cv_1': 0.9775952396336055, 'cv_2': 0.9053196600290199, 'cv_3': 0.9114389487042178, 'cv_4': 0.9222771913030401, 'cv_5': 0.8201626794394032}","{'cv_1': 'ai engineer', 'cv_2': 'software(full stack)', 'cv_3': 'reality solution designer', 'cv_4': 'site reliability engineer', 'cv_5': 'full stack engineer'}"
190,"
   opportunité pour un expert en développement web chez evaa event & com. 
   n",0.8236361324241307,0.8261762377270856,0.8638663582744376,0.0,0.8320804719187482,software(full stack),machine learning engineer,machine learning engineer,reality solution designer,machine learning engineer,cv_3,machine learning engineer,"{'cv_1': 0.8236361324241307, 'cv_2': 0.8261762377270856, 'cv_3': 0.8638663582744376, 'cv_4': 0.0, 'cv_5': 0.8320804719187482}","{'cv_1': 'software(full stack)', 'cv_2': 'machine learning engineer', 'cv_3': 'machine learning engineer', 'cv_4': 'reality solution designer', 'cv_5': 'machine learning engineer'}"
191,nous sommes à la recherche d'un développeur full stack expérimenté pour rejoindr,0.9391483588882125,0.9377770388359499,0.9615621017373116,0.8941008694650394,0.8869055317694429,full stack engineer,data science,full stack engineer,senior research scientist engineer,machine learning engineer,cv_3,full stack engineer,"{'cv_1': 0.9391483588882125, 'cv_2': 0.9377770388359499, 'cv_3': 0.9615621017373116, 'cv_4': 0.8941008694650394, 'cv_5': 0.8869055317694429}","{'cv_1': 'full stack engineer', 'cv_2': 'data science', 'cv_3': 'full stack engineer', 'cv_4': 'senior research scientist engineer', 'cv_5': 'machine learning engineer'}"
192,"
   opportunité pour un expert en développement web et web mobile chez notre ent",0.8191912565601669,0.9349151283778516,0.8489758552404753,0.8941112691608227,0.814760274198132,software(full stack),backend engineer,full stack engineer,full stack engineer,machine learning engineer,cv_2,backend engineer,"{'cv_1': 0.8191912565601669, 'cv_2': 0.9349151283778516, 'cv_3': 0.8489758552404753, 'cv_4': 0.8941112691608227, 'cv_5': 0.814760274198132}","{'cv_1': 'software(full stack)', 'cv_2': 'backend engineer', 'cv_3': 'full stack engineer', 'cv_4': 'full stack engineer', 'cv_5': 'machine learning engineer'}"
193,"
   opportunité pour un expert en apprentissage automatique et en intelligence a",0.8968565475049649,0.9604731484374511,0.9512356750547947,0.8543183941827603,0.7819333956146961,software(full stack),data science,data analyst,backend engineer,full stack engineer,cv_2,data science,"{'cv_1': 0.8968565475049649, 'cv_2': 0.9604731484374511, 'cv_3': 0.9512356750547947, 'cv_4': 0.8543183941827603, 'cv_5': 0.7819333956146961}","{'cv_1': 'software(full stack)', 'cv_2': 'data science', 'cv_3': 'data analyst', 'cv_4': 'backend engineer', 'cv_5': 'full stack engineer'}"
194,nous sommes à la recherche d'un développeur php / symfony pour rejoindre notre é,0.8223107957181255,0.9224739698203226,0.9456169332957377,0.8573631016002764,0.8570168941271384,full stack engineer,backend engineer,dev ai,reality solution designer,machine learning engineer,cv_3,dev ai,"{'cv_1': 0.8223107957181255, 'cv_2': 0.9224739698203226, 'cv_3': 0.9456169332957377, 'cv_4': 0.8573631016002764, 'cv_5': 0.8570168941271384}","{'cv_1': 'full stack engineer', 'cv_2': 'backend engineer', 'cv_3': 'dev ai', 'cv_4': 'reality solution designer', 'cv_5': 'machine learning engineer'}"
195,"
   opportunité pour un expert en science des données chez notre entreprise. nou",0.9758656068034106,0.9745748197496878,0.9494058430169869,0.9529259533309149,0.9780529078780568,data analyst,data science,full stack engineer,senior research scientist engineer,machine learning engineer,cv_5,machine learning engineer,"{'cv_1': 0.9758656068034106, 'cv_2': 0.9745748197496878, 'cv_3': 0.9494058430169869, 'cv_4': 0.9529259533309149, 'cv_5': 0.9780529078780568}","{'cv_1': 'data analyst', 'cv_2': 'data science', 'cv_3': 'full stack engineer', 'cv_4': 'senior research scientist engineer', 'cv_5': 'machine learning engineer'}"
