job_idx,cv_col,source,model,label,score,score_skills,score_experience,score_education,score_location,gs_matched,label_checked,justification,generated_at
1,cv_1,job-1__1_.csv,Word2Vec-GaleShapley-v1,Retenu,72.97,93.61,43.14,95.69,37.34,✅ GS Match,,Skills: 93.6% | Experience: 43.1% | Education: 95.7% | Location: 37.3%,2026-05-07 19:23:21
1,cv_2,job-1__1_.csv,Word2Vec-GaleShapley-v1,A evaluer,56.09,67.77,52.86,54.98,31.81,,,Skills: 67.8% | Experience: 52.9% | Education: 55.0% | Location: 31.8%,2026-05-07 19:23:21
1,cv_3,job-1__1_.csv,Word2Vec-GaleShapley-v1,A evaluer,48.93,70.47,31.5,39.41,33.22,,,Skills: 70.5% | Experience: 31.5% | Education: 39.4% | Location: 33.2%,2026-05-07 19:23:21
1,cv_4,job-1__1_.csv,Word2Vec-GaleShapley-v1,A evaluer,47.56,55.97,6.34,98.21,26.31,,,Skills: 56.0% | Experience: 6.3% | Education: 98.2% | Location: 26.3%,2026-05-07 19:23:21
1,cv_5,job-1__1_.csv,Word2Vec-GaleShapley-v1,Ecarté,11.84,12.95,14.17,0.0,20.76,,,Skills: 12.9% | Experience: 14.2% | Education: 0.0% | Location: 20.8%,2026-05-07 19:23:21
2,cv_1,job-1__1_.csv,Word2Vec-GaleShapley-v1,A evaluer,50.94,63.76,51.05,30.58,43.7,,,Skills: 63.8% | Experience: 51.0% | Education: 30.6% | Location: 43.7%,2026-05-07 19:23:21
2,cv_2,job-1__1_.csv,Word2Vec-GaleShapley-v1,A evaluer,48.24,69.77,35.27,37.65,26.57,,,Skills: 69.8% | Experience: 35.3% | Education: 37.6% | Location: 26.6%,2026-05-07 19:23:21
2,cv_3,job-1__1_.csv,Word2Vec-GaleShapley-v1,A evaluer,58.71,82.99,58.15,25.85,38.7,✅ GS Match,,Skills: 83.0% | Experience: 58.1% | Education: 25.9% | Location: 38.7%,2026-05-07 19:23:21
2,cv_4,job-1__1_.csv,Word2Vec-GaleShapley-v1,A evaluer,47.77,67.17,25.33,46.03,35.74,,,Skills: 67.2% | Experience: 25.3% | Education: 46.0% | Location: 35.7%,2026-05-07 19:23:21
2,cv_5,job-1__1_.csv,Word2Vec-GaleShapley-v1,A evaluer,40.14,70.57,16.77,38.59,0.0,,,Skills: 70.6% | Experience: 16.8% | Education: 38.6% | Location: 0.0%,2026-05-07 19:23:21
3,cv_1,job-1__1_.csv,Word2Vec-GaleShapley-v1,Retenu,73.59,69.89,91.89,38.31,100.0,✅ GS Match,,Skills: 69.9% | Experience: 91.9% | Education: 38.3% | Location: 100.0%,2026-05-07 19:23:21
3,cv_2,job-1__1_.csv,Word2Vec-GaleShapley-v1,A evaluer,55.85,78.43,37.81,16.69,77.94,,,Skills: 78.4% | Experience: 37.8% | Education: 16.7% | Location: 77.9%,2026-05-07 19:23:21
3,cv_3,job-1__1_.csv,Word2Vec-GaleShapley-v1,A evaluer,57.36,84.26,31.71,17.63,81.33,,,Skills: 84.3% | Experience: 31.7% | Education: 17.6% | Location: 81.3%,2026-05-07 19:23:21
3,cv_4,job-1__1_.csv,Word2Vec-GaleShapley-v1,A evaluer,53.33,75.31,20.25,21.91,91.76,,,Skills: 75.3% | Experience: 20.2% | Education: 21.9% | Location: 91.8%,2026-05-07 19:23:21
3,cv_5,job-1__1_.csv,Word2Vec-GaleShapley-v1,Ecarté,30.89,32.07,24.45,0.0,79.66,,,Skills: 32.1% | Experience: 24.4% | Education: 0.0% | Location: 79.7%,2026-05-07 19:23:21
4,cv_1,job-1__1_.csv,Word2Vec-GaleShapley-v1,A evaluer,44.25,81.92,14.3,21.63,23.84,,,Skills: 81.9% | Experience: 14.3% | Education: 21.6% | Location: 23.8%,2026-05-07 19:23:21
4,cv_2,job-1__1_.csv,Word2Vec-GaleShapley-v1,A evaluer,45.24,81.88,12.39,22.03,33.25,,,Skills: 81.9% | Experience: 12.4% | Education: 22.0% | Location: 33.2%,2026-05-07 19:23:22
4,cv_3,job-1__1_.csv,Word2Vec-GaleShapley-v1,A evaluer,50.0,72.83,27.94,43.1,35.07,,,Skills: 72.8% | Experience: 27.9% | Education: 43.1% | Location: 35.1%,2026-05-07 19:23:22
4,cv_4,job-1__1_.csv,Word2Vec-GaleShapley-v1,Retenu,64.48,91.95,41.01,57.19,40.05,✅ GS Match,,Skills: 92.0% | Experience: 41.0% | Education: 57.2% | Location: 40.0%,2026-05-07 19:23:22
4,cv_5,job-1__1_.csv,Word2Vec-GaleShapley-v1,A evaluer,48.52,71.25,33.36,28.64,39.66,,,Skills: 71.2% | Experience: 33.4% | Education: 28.6% | Location: 39.7%,2026-05-07 19:23:22
5,cv_1,job-1__1_.csv,Word2Vec-GaleShapley-v1,Retenu,68.16,69.5,70.13,89.71,32.55,✅ GS Match,,Skills: 69.5% | Experience: 70.1% | Education: 89.7% | Location: 32.5%,2026-05-07 19:23:22
5,cv_2,job-1__1_.csv,Word2Vec-GaleShapley-v1,A evaluer,41.35,18.02,58.61,74.48,30.65,,,Skills: 18.0% | Experience: 58.6% | Education: 74.5% | Location: 30.6%,2026-05-07 19:23:22
5,cv_3,job-1__1_.csv,Word2Vec-GaleShapley-v1,Ecarté,32.1,33.46,45.04,12.95,32.44,,,Skills: 33.5% | Experience: 45.0% | Education: 12.9% | Location: 32.4%,2026-05-07 19:23:22
5,cv_4,job-1__1_.csv,Word2Vec-GaleShapley-v1,Ecarté,37.75,48.69,27.86,46.03,14.03,,,Skills: 48.7% | Experience: 27.9% | Education: 46.0% | Location: 14.0%,2026-05-07 19:23:22
5,cv_5,job-1__1_.csv,Word2Vec-GaleShapley-v1,A evaluer,46.12,88.63,30.35,0.0,20.54,,,Skills: 88.6% | Experience: 30.4% | Education: 0.0% | Location: 20.5%,2026-05-07 19:23:22
6,cv_1,job-1__1_.csv,Word2Vec-GaleShapley-v1,Retenu,71.56,93.75,42.64,87.66,39.1,✅ GS Match,,Skills: 93.8% | Experience: 42.6% | Education: 87.7% | Location: 39.1%,2026-05-07 19:23:22
6,cv_2,job-1__1_.csv,Word2Vec-GaleShapley-v1,A evaluer,41.85,68.89,0.0,57.08,19.18,,,Skills: 68.9% | Experience: 0.0% | Education: 57.1% | Location: 19.2%,2026-05-07 19:23:22
6,cv_3,job-1__1_.csv,Word2Vec-GaleShapley-v1,A evaluer,48.68,60.08,16.54,84.33,24.31,,,Skills: 60.1% | Experience: 16.5% | Education: 84.3% | Location: 24.3%,2026-05-07 19:23:22
6,cv_4,job-1__1_.csv,Word2Vec-GaleShapley-v1,A evaluer,46.64,60.15,17.67,67.67,30.88,,,Skills: 60.1% | Experience: 17.7% | Education: 67.7% | Location: 30.9%,2026-05-07 19:23:22
6,cv_5,job-1__1_.csv,Word2Vec-GaleShapley-v1,Ecarté,7.89,5.36,7.54,0.0,25.73,,,Skills: 5.4% | Experience: 7.5% | Education: 0.0% | Location: 25.7%,2026-05-07 19:23:22
7,cv_1,job-1__1_.csv,Word2Vec-GaleShapley-v1,Retenu,77.32,95.2,60.53,90.03,40.67,✅ GS Match,,Skills: 95.2% | Experience: 60.5% | Education: 90.0% | Location: 40.7%,2026-05-07 19:23:22
7,cv_2,job-1__1_.csv,Word2Vec-GaleShapley-v1,A evaluer,58.44,75.37,37.51,71.23,31.09,,,Skills: 75.4% | Experience: 37.5% | Education: 71.2% | Location: 31.1%,2026-05-07 19:23:22
7,cv_3,job-1__1_.csv,Word2Vec-GaleShapley-v1,A evaluer,53.98,84.43,7.89,74.28,22.55,,,Skills: 84.4% | Experience: 7.9% | Education: 74.3% | Location: 22.6%,2026-05-07 19:23:22
7,cv_4,job-1__1_.csv,Word2Vec-GaleShapley-v1,Ecarté,31.55,39.66,35.39,12.44,29.02,,,Skills: 39.7% | Experience: 35.4% | Education: 12.4% | Location: 29.0%,2026-05-07 19:23:22
7,cv_5,job-1__1_.csv,Word2Vec-GaleShapley-v1,Ecarté,12.86,5.42,25.44,0.0,28.91,,,Skills: 5.4% | Experience: 25.4% | Education: 0.0% | Location: 28.9%,2026-05-07 19:23:22
8,cv_1,job-1__1_.csv,Word2Vec-GaleShapley-v1,A evaluer,53.5,74.3,6.39,83.81,36.11,,,Skills: 74.3% | Experience: 6.4% | Education: 83.8% | Location: 36.1%,2026-05-07 19:23:22
8,cv_2,job-1__1_.csv,Word2Vec-GaleShapley-v1,Retenu,68.88,99.24,19.53,89.39,42.79,✅ GS Match,,Skills: 99.2% | Experience: 19.5% | Education: 89.4% | Location: 42.8%,2026-05-07 19:23:22
8,cv_3,job-1__1_.csv,Word2Vec-GaleShapley-v1,A evaluer,50.15,54.66,16.68,89.07,42.03,,,Skills: 54.7% | Experience: 16.7% | Education: 89.1% | Location: 42.0%,2026-05-07 19:23:22
8,cv_4,job-1__1_.csv,Word2Vec-GaleShapley-v1,A evaluer,51.08,73.71,9.21,66.29,40.21,,,Skills: 73.7% | Experience: 9.2% | Education: 66.3% | Location: 40.2%,2026-05-07 19:23:22
8,cv_5,job-1__1_.csv,Word2Vec-GaleShapley-v1,A evaluer,47.6,69.18,44.95,12.38,41.45,,,Skills: 69.2% | Experience: 45.0% | Education: 12.4% | Location: 41.5%,2026-05-07 19:23:22
9,cv_1,job-1__1_.csv,Word2Vec-GaleShapley-v1,Retenu,62.64,90.71,11.6,88.74,38.07,✅ GS Match,,Skills: 90.7% | Experience: 11.6% | Education: 88.7% | Location: 38.1%,2026-05-07 19:23:22
9,cv_2,job-1__1_.csv,Word2Vec-GaleShapley-v1,A evaluer,44.63,74.8,14.0,35.78,27.03,,,Skills: 74.8% | Experience: 14.0% | Education: 35.8% | Location: 27.0%,2026-05-07 19:23:22
9,cv_3,job-1__1_.csv,Word2Vec-GaleShapley-v1,A evaluer,44.63,74.8,14.0,35.78,27.03,,,Skills: 74.8% | Experience: 14.0% | Education: 35.8% | Location: 27.0%,2026-05-07 19:23:22
9,cv_4,job-1__1_.csv,Word2Vec-GaleShapley-v1,Ecarté,39.47,80.51,0.0,36.32,0.0,,,Skills: 80.5% | Experience: 0.0% | Education: 36.3% | Location: 0.0%,2026-05-07 19:23:22
9,cv_5,job-1__1_.csv,Word2Vec-GaleShapley-v1,Ecarté,27.69,24.37,22.73,30.9,40.52,,,Skills: 24.4% | Experience: 22.7% | Education: 30.9% | Location: 40.5%,2026-05-07 19:23:22
10,cv_1,job-1__1_.csv,Word2Vec-GaleShapley-v1,Retenu,71.79,88.57,50.06,94.07,33.56,✅ GS Match,,Skills: 88.6% | Experience: 50.1% | Education: 94.1% | Location: 33.6%,2026-05-07 19:23:22
10,cv_2,job-1__1_.csv,Word2Vec-GaleShapley-v1,A evaluer,45.98,54.05,24.65,74.19,22.37,,,Skills: 54.0% | Experience: 24.6% | Education: 74.2% | Location: 22.4%,2026-05-07 19:23:22
10,cv_3,job-1__1_.csv,Word2Vec-GaleShapley-v1,Ecarté,38.51,51.3,39.8,25.38,19.74,,,Skills: 51.3% | Experience: 39.8% | Education: 25.4% | Location: 19.7%,2026-05-07 19:23:22
10,cv_4,job-1__1_.csv,Word2Vec-GaleShapley-v1,Ecarté,39.3,64.1,9.2,47.1,12.9,,,Skills: 64.1% | Experience: 9.2% | Education: 47.1% | Location: 12.9%,2026-05-07 19:23:22
10,cv_5,job-1__1_.csv,Word2Vec-GaleShapley-v1,A evaluer,49.41,80.71,0.0,69.68,21.3,,,Skills: 80.7% | Experience: 0.0% | Education: 69.7% | Location: 21.3%,2026-05-07 19:23:22
11,cv_1,job-1__1_.csv,Word2Vec-GaleShapley-v1,Retenu,71.04,86.13,45.08,99.45,36.17,,,Skills: 86.1% | Experience: 45.1% | Education: 99.5% | Location: 36.2%,2026-05-07 19:23:22
11,cv_2,job-1__1_.csv,Word2Vec-GaleShapley-v1,Retenu,60.2,93.4,13.13,82.92,19.81,,,Skills: 93.4% | Experience: 13.1% | Education: 82.9% | Location: 19.8%,2026-05-07 19:23:22
11,cv_3,job-1__1_.csv,Word2Vec-GaleShapley-v1,A evaluer,43.04,52.8,23.65,55.31,32.94,,,Skills: 52.8% | Experience: 23.6% | Education: 55.3% | Location: 32.9%,2026-05-07 19:23:22
11,cv_4,job-1__1_.csv,Word2Vec-GaleShapley-v1,Ecarté,20.97,32.56,9.17,16.26,15.99,,,Skills: 32.6% | Experience: 9.2% | Education: 16.3% | Location: 16.0%,2026-05-07 19:23:22
11,cv_5,job-1__1_.csv,Word2Vec-GaleShapley-v1,Ecarté,30.44,48.33,10.01,43.03,0.0,,,Skills: 48.3% | Experience: 10.0% | Education: 43.0% | Location: 0.0%,2026-05-07 19:23:22
12,cv_1,job-1__1_.csv,Word2Vec-GaleShapley-v1,Retenu,71.9,93.73,39.97,90.2,42.47,,,Skills: 93.7% | Experience: 40.0% | Education: 90.2% | Location: 42.5%,2026-05-07 19:23:22
12,cv_2,job-1__1_.csv,Word2Vec-GaleShapley-v1,Ecarté,39.69,68.72,9.47,25.72,31.24,,,Skills: 68.7% | Experience: 9.5% | Education: 25.7% | Location: 31.2%,2026-05-07 19:23:22
12,cv_3,job-1__1_.csv,Word2Vec-GaleShapley-v1,A evaluer,41.85,63.72,8.98,42.95,36.86,,,Skills: 63.7% | Experience: 9.0% | Education: 43.0% | Location: 36.9%,2026-05-07 19:23:22
12,cv_4,job-1__1_.csv,Word2Vec-GaleShapley-v1,A evaluer,59.87,75.78,33.07,87.81,24.84,,,Skills: 75.8% | Experience: 33.1% | Education: 87.8% | Location: 24.8%,2026-05-07 19:23:22
12,cv_5,job-1__1_.csv,Word2Vec-GaleShapley-v1,Ecarté,11.06,6.76,15.76,0.0,29.44,,,Skills: 6.8% | Experience: 15.8% | Education: 0.0% | Location: 29.4%,2026-05-07 19:23:22
13,cv_1,job-1__1_.csv,Word2Vec-GaleShapley-v1,A evaluer,43.62,65.39,45.3,22.05,11.55,,,Skills: 65.4% | Experience: 45.3% | Education: 22.1% | Location: 11.6%,2026-05-07 19:23:22
13,cv_2,job-1__1_.csv,Word2Vec-GaleShapley-v1,A evaluer,48.61,78.05,19.78,41.13,28.16,,,Skills: 78.0% | Experience: 19.8% | Education: 41.1% | Location: 28.2%,2026-05-07 19:23:22
13,cv_3,job-1__1_.csv,Word2Vec-GaleShapley-v1,A evaluer,43.39,83.02,6.74,27.24,20.32,,,Skills: 83.0% | Experience: 6.7% | Education: 27.2% | Location: 20.3%,2026-05-07 19:23:22
13,cv_4,job-1__1_.csv,Word2Vec-GaleShapley-v1,Ecarté,39.75,78.56,0.0,41.64,0.0,,,Skills: 78.6% | Experience: 0.0% | Education: 41.6% | Location: 0.0%,2026-05-07 19:23:22
13,cv_5,job-1__1_.csv,Word2Vec-GaleShapley-v1,Ecarté,26.99,52.27,11.16,0.0,21.94,,,Skills: 52.3% | Experience: 11.2% | Education: 0.0% | Location: 21.9%,2026-05-07 19:23:22
14,cv_1,job-1__1_.csv,Word2Vec-GaleShapley-v1,Retenu,63.13,80.88,62.68,46.77,38.38,,,Skills: 80.9% | Experience: 62.7% | Education: 46.8% | Location: 38.4%,2026-05-07 19:23:22
14,cv_2,job-1__1_.csv,Word2Vec-GaleShapley-v1,Ecarté,35.2,67.02,2.84,16.97,28.58,,,Skills: 67.0% | Experience: 2.8% | Education: 17.0% | Location: 28.6%,2026-05-07 19:23:22
14,cv_3,job-1__1_.csv,Word2Vec-GaleShapley-v1,A evaluer,52.65,82.82,36.95,31.68,26.34,,,Skills: 82.8% | Experience: 37.0% | Education: 31.7% | Location: 26.3%,2026-05-07 19:23:22
14,cv_4,job-1__1_.csv,Word2Vec-GaleShapley-v1,Ecarté,33.45,53.99,16.59,13.3,33.65,,,Skills: 54.0% | Experience: 16.6% | Education: 13.3% | Location: 33.6%,2026-05-07 19:23:22
14,cv_5,job-1__1_.csv,Word2Vec-GaleShapley-v1,Ecarté,17.35,20.02,13.11,0.0,40.41,,,Skills: 20.0% | Experience: 13.1% | Education: 0.0% | Location: 40.4%,2026-05-07 19:23:22
15,cv_1,job-1__1_.csv,Word2Vec-GaleShapley-v1,Retenu,68.46,89.36,37.1,89.71,36.67,,,Skills: 89.4% | Experience: 37.1% | Education: 89.7% | Location: 36.7%,2026-05-07 19:23:23
15,cv_2,job-1__1_.csv,Word2Vec-GaleShapley-v1,Retenu,63.74,64.61,57.15,92.27,34.39,,,Skills: 64.6% | Experience: 57.1% | Education: 92.3% | Location: 34.4%,2026-05-07 19:23:23
15,cv_3,job-1__1_.csv,Word2Vec-GaleShapley-v1,Ecarté,32.68,65.7,4.95,5.99,26.42,,,Skills: 65.7% | Experience: 5.0% | Education: 6.0% | Location: 26.4%,2026-05-07 19:23:23
15,cv_4,job-1__1_.csv,Word2Vec-GaleShapley-v1,Ecarté,28.53,49.04,0.19,20.76,31.41,,,Skills: 49.0% | Experience: 0.2% | Education: 20.8% | Location: 31.4%,2026-05-07 19:23:23
15,cv_5,job-1__1_.csv,Word2Vec-GaleShapley-v1,Ecarté,36.45,74.68,5.44,0.0,34.77,,,Skills: 74.7% | Experience: 5.4% | Education: 0.0% | Location: 34.8%,2026-05-07 19:23:23
16,cv_1,job-1__1_.csv,Word2Vec-GaleShapley-v1,A evaluer,52.41,78.42,48.83,33.36,14.41,,,Skills: 78.4% | Experience: 48.8% | Education: 33.4% | Location: 14.4%,2026-05-07 19:23:23
16,cv_2,job-1__1_.csv,Word2Vec-GaleShapley-v1,A evaluer,47.05,87.74,9.69,39.44,10.93,,,Skills: 87.7% | Experience: 9.7% | Education: 39.4% | Location: 10.9%,2026-05-07 19:23:23
16,cv_3,job-1__1_.csv,Word2Vec-GaleShapley-v1,A evaluer,44.1,92.69,14.94,16.0,0.57,,,Skills: 92.7% | Experience: 14.9% | Education: 16.0% | Location: 0.6%,2026-05-07 19:23:23
16,cv_4,job-1__1_.csv,Word2Vec-GaleShapley-v1,Ecarté,12.17,23.35,0.0,14.17,0.0,,,Skills: 23.4% | Experience: 0.0% | Education: 14.2% | Location: 0.0%,2026-05-07 19:23:23
16,cv_5,job-1__1_.csv,Word2Vec-GaleShapley-v1,Ecarté,11.52,24.32,0.5,0.0,11.1,,,Skills: 24.3% | Experience: 0.5% | Education: 0.0% | Location: 11.1%,2026-05-07 19:23:23
17,cv_1,job-1__1_.csv,Word2Vec-GaleShapley-v1,Retenu,75.32,94.59,49.83,90.03,46.79,,,Skills: 94.6% | Experience: 49.8% | Education: 90.0% | Location: 46.8%,2026-05-07 19:23:23
17,cv_2,job-1__1_.csv,Word2Vec-GaleShapley-v1,Ecarté,2.99,5.27,1.65,2.35,0.0,,,Skills: 5.3% | Experience: 1.6% | Education: 2.4% | Location: 0.0%,2026-05-07 19:23:23
17,cv_3,job-1__1_.csv,Word2Vec-GaleShapley-v1,Ecarté,2.99,5.27,1.65,2.35,0.0,,,Skills: 5.3% | Experience: 1.6% | Education: 2.4% | Location: 0.0%,2026-05-07 19:23:23
17,cv_4,job-1__1_.csv,Word2Vec-GaleShapley-v1,Ecarté,38.91,76.45,11.04,8.42,25.88,,,Skills: 76.5% | Experience: 11.0% | Education: 8.4% | Location: 25.9%,2026-05-07 19:23:23
17,cv_5,job-1__1_.csv,Word2Vec-GaleShapley-v1,Ecarté,10.69,4.52,14.76,0.0,34.6,,,Skills: 4.5% | Experience: 14.8% | Education: 0.0% | Location: 34.6%,2026-05-07 19:23:23
18,cv_1,job-1__1_.csv,Word2Vec-GaleShapley-v1,Retenu,60.95,93.52,38.88,30.58,51.4,,,Skills: 93.5% | Experience: 38.9% | Education: 30.6% | Location: 51.4%,2026-05-07 19:23:23
18,cv_2,job-1__1_.csv,Word2Vec-GaleShapley-v1,A evaluer,58.3,78.56,35.9,64.89,32.82,,,Skills: 78.6% | Experience: 35.9% | Education: 64.9% | Location: 32.8%,2026-05-07 19:23:23
18,cv_3,job-1__1_.csv,Word2Vec-GaleShapley-v1,A evaluer,44.07,49.9,29.61,67.75,21.03,,,Skills: 49.9% | Experience: 29.6% | Education: 67.8% | Location: 21.0%,2026-05-07 19:23:23
18,cv_4,job-1__1_.csv,Word2Vec-GaleShapley-v1,A evaluer,44.98,75.59,12.92,36.17,28.5,,,Skills: 75.6% | Experience: 12.9% | Education: 36.2% | Location: 28.5%,2026-05-07 19:23:23
18,cv_5,job-1__1_.csv,Word2Vec-GaleShapley-v1,Ecarté,39.42,78.56,15.47,0.0,27.54,,,Skills: 78.6% | Experience: 15.5% | Education: 0.0% | Location: 27.5%,2026-05-07 19:23:23
19,cv_1,job-1__1_.csv,Word2Vec-GaleShapley-v1,A evaluer,59.93,77.2,54.71,52.68,32.27,,,Skills: 77.2% | Experience: 54.7% | Education: 52.7% | Location: 32.3%,2026-05-07 19:23:23
19,cv_2,job-1__1_.csv,Word2Vec-GaleShapley-v1,A evaluer,54.54,77.18,31.14,54.49,33.21,,,Skills: 77.2% | Experience: 31.1% | Education: 54.5% | Location: 33.2%,2026-05-07 19:23:23
19,cv_3,job-1__1_.csv,Word2Vec-GaleShapley-v1,A evaluer,47.77,75.51,8.05,52.55,33.6,,,Skills: 75.5% | Experience: 8.1% | Education: 52.5% | Location: 33.6%,2026-05-07 19:23:23
19,cv_4,job-1__1_.csv,Word2Vec-GaleShapley-v1,Ecarté,39.19,67.88,9.21,34.65,18.69,,,Skills: 67.9% | Experience: 9.2% | Education: 34.6% | Location: 18.7%,2026-05-07 19:23:23
19,cv_5,job-1__1_.csv,Word2Vec-GaleShapley-v1,Ecarté,20.82,41.37,0.0,0.0,28.45,,,Skills: 41.4% | Experience: 0.0% | Education: 0.0% | Location: 28.4%,2026-05-07 19:23:23
20,cv_1,job-1__1_.csv,Word2Vec-GaleShapley-v1,Retenu,70.23,81.26,67.81,79.98,31.85,,,Skills: 81.3% | Experience: 67.8% | Education: 80.0% | Location: 31.9%,2026-05-07 19:23:23
20,cv_2,job-1__1_.csv,Word2Vec-GaleShapley-v1,A evaluer,45.75,65.72,12.92,69.91,15.03,,,Skills: 65.7% | Experience: 12.9% | Education: 69.9% | Location: 15.0%,2026-05-07 19:23:23
20,cv_3,job-1__1_.csv,Word2Vec-GaleShapley-v1,A evaluer,50.25,67.36,38.58,41.61,35.57,,,Skills: 67.4% | Experience: 38.6% | Education: 41.6% | Location: 35.6%,2026-05-07 19:23:23
20,cv_4,job-1__1_.csv,Word2Vec-GaleShapley-v1,Ecarté,32.06,54.36,7.92,30.21,15.32,,,Skills: 54.4% | Experience: 7.9% | Education: 30.2% | Location: 15.3%,2026-05-07 19:23:23
20,cv_5,job-1__1_.csv,Word2Vec-GaleShapley-v1,Ecarté,32.15,55.44,25.27,0.0,24.4,,,Skills: 55.4% | Experience: 25.3% | Education: 0.0% | Location: 24.4%,2026-05-07 19:23:23
21,cv_1,job-1__1_.csv,Word2Vec-GaleShapley-v1,Retenu,69.31,89.89,77.77,44.47,33.43,,,Skills: 89.9% | Experience: 77.8% | Education: 44.5% | Location: 33.4%,2026-05-07 19:23:23
21,cv_2,job-1__1_.csv,Word2Vec-GaleShapley-v1,Retenu,60.67,91.51,29.81,57.62,33.96,,,Skills: 91.5% | Experience: 29.8% | Education: 57.6% | Location: 34.0%,2026-05-07 19:23:23
21,cv_3,job-1__1_.csv,Word2Vec-GaleShapley-v1,Ecarté,25.56,40.34,11.73,14.58,23.84,,,Skills: 40.3% | Experience: 11.7% | Education: 14.6% | Location: 23.8%,2026-05-07 19:23:23
21,cv_4,job-1__1_.csv,Word2Vec-GaleShapley-v1,Ecarté,19.5,23.43,3.24,28.14,24.59,,,Skills: 23.4% | Experience: 3.2% | Education: 28.1% | Location: 24.6%,2026-05-07 19:23:23
21,cv_5,job-1__1_.csv,Word2Vec-GaleShapley-v1,Ecarté,15.89,24.49,4.3,0.0,33.49,,,Skills: 24.5% | Experience: 4.3% | Education: 0.0% | Location: 33.5%,2026-05-07 19:23:23
22,cv_1,job-1__1_.csv,Word2Vec-GaleShapley-v1,Retenu,68.14,79.56,64.14,69.74,42.21,,,Skills: 79.6% | Experience: 64.1% | Education: 69.7% | Location: 42.2%,2026-05-07 19:23:23
22,cv_2,job-1__1_.csv,Word2Vec-GaleShapley-v1,A evaluer,57.52,79.14,23.17,80.53,26.46,,,Skills: 79.1% | Experience: 23.2% | Education: 80.5% | Location: 26.5%,2026-05-07 19:23:23
22,cv_3,job-1__1_.csv,Word2Vec-GaleShapley-v1,Ecarté,34.25,48.02,17.77,37.9,20.14,,,Skills: 48.0% | Experience: 17.8% | Education: 37.9% | Location: 20.1%,2026-05-07 19:23:23
22,cv_4,job-1__1_.csv,Word2Vec-GaleShapley-v1,A evaluer,48.3,79.03,24.2,30.58,30.13,,,Skills: 79.0% | Experience: 24.2% | Education: 30.6% | Location: 30.1%,2026-05-07 19:23:23
22,cv_5,job-1__1_.csv,Word2Vec-GaleShapley-v1,Ecarté,25.55,48.02,8.24,0.0,28.57,,,Skills: 48.0% | Experience: 8.2% | Education: 0.0% | Location: 28.6%,2026-05-07 19:23:23
23,cv_1,job-1__1_.csv,Word2Vec-GaleShapley-v1,A evaluer,54.34,93.11,25.89,19.16,45.3,,,Skills: 93.1% | Experience: 25.9% | Education: 19.2% | Location: 45.3%,2026-05-07 19:23:23
23,cv_2,job-1__1_.csv,Word2Vec-GaleShapley-v1,A evaluer,41.44,72.65,15.34,12.97,39.65,,,Skills: 72.7% | Experience: 15.3% | Education: 13.0% | Location: 39.6%,2026-05-07 19:23:23
23,cv_3,job-1__1_.csv,Word2Vec-GaleShapley-v1,Ecarté,37.28,54.64,29.79,25.11,19.72,,,Skills: 54.6% | Experience: 29.8% | Education: 25.1% | Location: 19.7%,2026-05-07 19:23:23
23,cv_4,job-1__1_.csv,Word2Vec-GaleShapley-v1,Ecarté,33.43,50.19,22.68,25.17,17.69,,,Skills: 50.2% | Experience: 22.7% | Education: 25.2% | Location: 17.7%,2026-05-07 19:23:23
23,cv_5,job-1__1_.csv,Word2Vec-GaleShapley-v1,Ecarté,30.09,49.98,27.2,0.0,21.97,,,Skills: 50.0% | Experience: 27.2% | Education: 0.0% | Location: 22.0%,2026-05-07 19:23:23
24,cv_1,job-1__1_.csv,Word2Vec-GaleShapley-v1,Retenu,64.14,89.9,50.35,46.4,42.11,,,Skills: 89.9% | Experience: 50.4% | Education: 46.4% | Location: 42.1%,2026-05-07 19:23:23
24,cv_2,job-1__1_.csv,Word2Vec-GaleShapley-v1,A evaluer,59.61,83.97,38.93,54.96,35.33,,,Skills: 84.0% | Experience: 38.9% | Education: 55.0% | Location: 35.3%,2026-05-07 19:23:23
24,cv_3,job-1__1_.csv,Word2Vec-GaleShapley-v1,A evaluer,49.3,88.27,16.54,32.11,22.93,,,Skills: 88.3% | Experience: 16.5% | Education: 32.1% | Location: 22.9%,2026-05-07 19:23:23
24,cv_4,job-1__1_.csv,Word2Vec-GaleShapley-v1,Ecarté,19.71,25.75,18.19,24.3,0.0,,,Skills: 25.8% | Experience: 18.2% | Education: 24.3% | Location: 0.0%,2026-05-07 19:23:23
24,cv_5,job-1__1_.csv,Word2Vec-GaleShapley-v1,Ecarté,22.87,31.68,17.85,0.0,38.21,,,Skills: 31.7% | Experience: 17.9% | Education: 0.0% | Location: 38.2%,2026-05-07 19:23:23
25,cv_1,job-1__1_.csv,Word2Vec-GaleShapley-v1,Retenu,61.25,86.44,31.69,69.35,32.55,,,Skills: 86.4% | Experience: 31.7% | Education: 69.3% | Location: 32.5%,2026-05-07 19:23:23
25,cv_2,job-1__1_.csv,Word2Vec-GaleShapley-v1,Ecarté,38.62,57.27,14.17,37.24,31.46,,,Skills: 57.3% | Experience: 14.2% | Education: 37.2% | Location: 31.5%,2026-05-07 19:23:23
25,cv_3,job-1__1_.csv,Word2Vec-GaleShapley-v1,Ecarté,31.91,43.44,15.58,43.85,12.46,,,Skills: 43.4% | Experience: 15.6% | Education: 43.9% | Location: 12.5%,2026-05-07 19:23:23
25,cv_4,job-1__1_.csv,Word2Vec-GaleShapley-v1,A evaluer,40.55,39.36,21.48,76.3,27.85,,,Skills: 39.4% | Experience: 21.5% | Education: 76.3% | Location: 27.9%,2026-05-07 19:23:23
25,cv_5,job-1__1_.csv,Word2Vec-GaleShapley-v1,A evaluer,56.81,51.98,59.73,83.6,29.12,,,Skills: 52.0% | Experience: 59.7% | Education: 83.6% | Location: 29.1%,2026-05-07 19:23:23
26,cv_1,job-1__1_.csv,Word2Vec-GaleShapley-v1,Ecarté,39.11,53.41,40.47,31.55,8.79,,,Skills: 53.4% | Experience: 40.5% | Education: 31.6% | Location: 8.8%,2026-05-07 19:23:23
26,cv_2,job-1__1_.csv,Word2Vec-GaleShapley-v1,A evaluer,45.14,82.26,0.0,61.18,0.0,,,Skills: 82.3% | Experience: 0.0% | Education: 61.2% | Location: 0.0%,2026-05-07 19:23:23
26,cv_3,job-1__1_.csv,Word2Vec-GaleShapley-v1,Retenu,61.66,87.29,33.51,70.42,28.55,,,Skills: 87.3% | Experience: 33.5% | Education: 70.4% | Location: 28.6%,2026-05-07 19:23:23
26,cv_4,job-1__1_.csv,Word2Vec-GaleShapley-v1,A evaluer,42.98,25.18,38.63,94.93,28.43,,,Skills: 25.2% | Experience: 38.6% | Education: 94.9% | Location: 28.4%,2026-05-07 19:23:23
26,cv_5,job-1__1_.csv,Word2Vec-GaleShapley-v1,Ecarté,21.46,42.55,9.06,0.0,14.48,,,Skills: 42.5% | Experience: 9.1% | Education: 0.0% | Location: 14.5%,2026-05-07 19:23:24
27,cv_1,job-1__1_.csv,Word2Vec-GaleShapley-v1,Retenu,60.81,70.12,62.41,52.68,44.15,,,Skills: 70.1% | Experience: 62.4% | Education: 52.7% | Location: 44.1%,2026-05-07 19:23:24
27,cv_2,job-1__1_.csv,Word2Vec-GaleShapley-v1,Retenu,60.49,83.26,44.07,54.49,35.13,,,Skills: 83.3% | Experience: 44.1% | Education: 54.5% | Location: 35.1%,2026-05-07 19:23:24
27,cv_3,job-1__1_.csv,Word2Vec-GaleShapley-v1,Ecarté,38.1,67.76,2.03,52.45,0.0,,,Skills: 67.8% | Experience: 2.0% | Education: 52.5% | Location: 0.0%,2026-05-07 19:23:24
27,cv_4,job-1__1_.csv,Word2Vec-GaleShapley-v1,A evaluer,43.76,79.43,21.34,20.65,16.83,,,Skills: 79.4% | Experience: 21.3% | Education: 20.6% | Location: 16.8%,2026-05-07 19:23:24
27,cv_5,job-1__1_.csv,Word2Vec-GaleShapley-v1,Ecarté,27.22,48.9,10.75,0.0,33.13,,,Skills: 48.9% | Experience: 10.8% | Education: 0.0% | Location: 33.1%,2026-05-07 19:23:24
28,cv_1,job-1__1_.csv,Word2Vec-GaleShapley-v1,Retenu,70.5,87.85,47.68,93.2,31.98,,,Skills: 87.8% | Experience: 47.7% | Education: 93.2% | Location: 32.0%,2026-05-07 19:23:24
28,cv_2,job-1__1_.csv,Word2Vec-GaleShapley-v1,A evaluer,43.43,69.4,8.23,48.72,25.79,,,Skills: 69.4% | Experience: 8.2% | Education: 48.7% | Location: 25.8%,2026-05-07 19:23:24
28,cv_3,job-1__1_.csv,Word2Vec-GaleShapley-v1,Ecarté,34.78,57.96,3.4,39.34,19.18,,,Skills: 58.0% | Experience: 3.4% | Education: 39.3% | Location: 19.2%,2026-05-07 19:23:24
28,cv_4,job-1__1_.csv,Word2Vec-GaleShapley-v1,A evaluer,43.25,81.29,11.54,39.22,0.0,,,Skills: 81.3% | Experience: 11.5% | Education: 39.2% | Location: 0.0%,2026-05-07 19:23:24
28,cv_5,job-1__1_.csv,Word2Vec-GaleShapley-v1,Ecarté,12.69,23.05,0.0,0.0,23.1,,,Skills: 23.1% | Experience: 0.0% | Education: 0.0% | Location: 23.1%,2026-05-07 19:23:24
29,cv_1,job-1__1_.csv,Word2Vec-GaleShapley-v1,Retenu,69.12,82.6,83.71,44.86,41.21,,,Skills: 82.6% | Experience: 83.7% | Education: 44.9% | Location: 41.2%,2026-05-07 19:23:24
29,cv_2,job-1__1_.csv,Word2Vec-GaleShapley-v1,A evaluer,48.48,70.63,47.55,26.73,19.93,,,Skills: 70.6% | Experience: 47.5% | Education: 26.7% | Location: 19.9%,2026-05-07 19:23:24
29,cv_3,job-1__1_.csv,Word2Vec-GaleShapley-v1,A evaluer,52.54,89.44,39.79,8.23,34.48,,,Skills: 89.4% | Experience: 39.8% | Education: 8.2% | Location: 34.5%,2026-05-07 19:23:24
29,cv_4,job-1__1_.csv,Word2Vec-GaleShapley-v1,A evaluer,40.55,65.77,25.14,21.1,24.93,,,Skills: 65.8% | Experience: 25.1% | Education: 21.1% | Location: 24.9%,2026-05-07 19:23:24
29,cv_5,job-1__1_.csv,Word2Vec-GaleShapley-v1,Ecarté,23.87,25.26,31.29,0.0,39.63,,,Skills: 25.3% | Experience: 31.3% | Education: 0.0% | Location: 39.6%,2026-05-07 19:23:24
30,cv_1,job-1__1_.csv,Word2Vec-GaleShapley-v1,Retenu,61.55,87.91,40.9,52.63,37.56,,,Skills: 87.9% | Experience: 40.9% | Education: 52.6% | Location: 37.6%,2026-05-07 19:23:24
30,cv_2,job-1__1_.csv,Word2Vec-GaleShapley-v1,A evaluer,51.54,51.86,60.82,48.55,39.2,,,Skills: 51.9% | Experience: 60.8% | Education: 48.5% | Location: 39.2%,2026-05-07 19:23:24
30,cv_3,job-1__1_.csv,Word2Vec-GaleShapley-v1,A evaluer,52.01,72.41,32.31,57.42,23.25,,,Skills: 72.4% | Experience: 32.3% | Education: 57.4% | Location: 23.2%,2026-05-07 19:23:24
30,cv_4,job-1__1_.csv,Word2Vec-GaleShapley-v1,A evaluer,46.61,77.17,19.76,29.51,32.69,,,Skills: 77.2% | Experience: 19.8% | Education: 29.5% | Location: 32.7%,2026-05-07 19:23:24
30,cv_5,job-1__1_.csv,Word2Vec-GaleShapley-v1,Ecarté,35.25,62.83,21.3,0.0,31.96,,,Skills: 62.8% | Experience: 21.3% | Education: 0.0% | Location: 32.0%,2026-05-07 19:23:24
31,cv_1,job-1__1_.csv,Word2Vec-GaleShapley-v1,Retenu,65.74,93.52,63.44,40.86,28.64,,,Skills: 93.5% | Experience: 63.4% | Education: 40.9% | Location: 28.6%,2026-05-07 19:23:24
31,cv_2,job-1__1_.csv,Word2Vec-GaleShapley-v1,Ecarté,34.31,58.94,13.84,18.47,23.86,,,Skills: 58.9% | Experience: 13.8% | Education: 18.5% | Location: 23.9%,2026-05-07 19:23:24
31,cv_3,job-1__1_.csv,Word2Vec-GaleShapley-v1,A evaluer,57.7,94.82,5.11,74.79,23.58,,,Skills: 94.8% | Experience: 5.1% | Education: 74.8% | Location: 23.6%,2026-05-07 19:23:24
31,cv_4,job-1__1_.csv,Word2Vec-GaleShapley-v1,A evaluer,55.34,73.5,44.34,47.78,35.3,,,Skills: 73.5% | Experience: 44.3% | Education: 47.8% | Location: 35.3%,2026-05-07 19:23:24
31,cv_5,job-1__1_.csv,Word2Vec-GaleShapley-v1,Ecarté,28.99,60.27,7.16,0.0,20.58,,,Skills: 60.3% | Experience: 7.2% | Education: 0.0% | Location: 20.6%,2026-05-07 19:23:24
32,cv_1,job-1__1_.csv,Word2Vec-GaleShapley-v1,A evaluer,45.0,86.93,6.36,31.51,15.6,,,Skills: 86.9% | Experience: 6.4% | Education: 31.5% | Location: 15.6%,2026-05-07 19:23:24
32,cv_2,job-1__1_.csv,Word2Vec-GaleShapley-v1,A evaluer,59.94,71.83,19.9,97.96,44.3,,,Skills: 71.8% | Experience: 19.9% | Education: 98.0% | Location: 44.3%,2026-05-07 19:23:24
32,cv_3,job-1__1_.csv,Word2Vec-GaleShapley-v1,A evaluer,52.72,85.41,11.91,46.38,42.03,,,Skills: 85.4% | Experience: 11.9% | Education: 46.4% | Location: 42.0%,2026-05-07 19:23:24
32,cv_4,job-1__1_.csv,Word2Vec-GaleShapley-v1,A evaluer,57.2,77.39,44.15,49.35,35.57,,,Skills: 77.4% | Experience: 44.1% | Education: 49.4% | Location: 35.6%,2026-05-07 19:23:24
32,cv_5,job-1__1_.csv,Word2Vec-GaleShapley-v1,Ecarté,18.95,28.01,8.14,0.0,38.05,,,Skills: 28.0% | Experience: 8.1% | Education: 0.0% | Location: 38.0%,2026-05-07 19:23:24
33,cv_1,job-1__1_.csv,Word2Vec-GaleShapley-v1,Retenu,66.79,79.01,62.24,69.74,37.84,,,Skills: 79.0% | Experience: 62.2% | Education: 69.7% | Location: 37.8%,2026-05-07 19:23:24
33,cv_2,job-1__1_.csv,Word2Vec-GaleShapley-v1,Ecarté,37.72,63.46,11.72,24.62,29.9,,,Skills: 63.5% | Experience: 11.7% | Education: 24.6% | Location: 29.9%,2026-05-07 19:23:24
33,cv_3,job-1__1_.csv,Word2Vec-GaleShapley-v1,A evaluer,49.74,46.49,46.4,74.72,30.7,,,Skills: 46.5% | Experience: 46.4% | Education: 74.7% | Location: 30.7%,2026-05-07 19:23:24
33,cv_4,job-1__1_.csv,Word2Vec-GaleShapley-v1,A evaluer,43.91,76.55,14.3,23.57,33.35,,,Skills: 76.5% | Experience: 14.3% | Education: 23.6% | Location: 33.4%,2026-05-07 19:23:25
33,cv_5,job-1__1_.csv,Word2Vec-GaleShapley-v1,Ecarté,16.94,23.74,13.97,0.0,26.34,,,Skills: 23.7% | Experience: 14.0% | Education: 0.0% | Location: 26.3%,2026-05-07 19:23:25
34,cv_1,job-1__1_.csv,Word2Vec-GaleShapley-v1,A evaluer,41.4,26.68,62.65,43.62,42.31,,,Skills: 26.7% | Experience: 62.6% | Education: 43.6% | Location: 42.3%,2026-05-07 19:23:25
34,cv_2,job-1__1_.csv,Word2Vec-GaleShapley-v1,Ecarté,19.48,22.49,5.22,22.8,30.78,,,Skills: 22.5% | Experience: 5.2% | Education: 22.8% | Location: 30.8%,2026-05-07 19:23:25
34,cv_3,job-1__1_.csv,Word2Vec-GaleShapley-v1,Ecarté,36.48,21.04,39.03,62.1,39.26,,,Skills: 21.0% | Experience: 39.0% | Education: 62.1% | Location: 39.3%,2026-05-07 19:23:25
34,cv_4,job-1__1_.csv,Word2Vec-GaleShapley-v1,Ecarté,10.42,12.39,0.0,9.28,24.03,,,Skills: 12.4% | Experience: 0.0% | Education: 9.3% | Location: 24.0%,2026-05-07 19:23:25
34,cv_5,job-1__1_.csv,Word2Vec-GaleShapley-v1,Ecarté,14.29,19.94,5.18,0.0,33.49,,,Skills: 19.9% | Experience: 5.2% | Education: 0.0% | Location: 33.5%,2026-05-07 19:23:25
35,cv_1,job-1__1_.csv,Word2Vec-GaleShapley-v1,Retenu,72.51,79.18,66.31,93.64,36.89,,,Skills: 79.2% | Experience: 66.3% | Education: 93.6% | Location: 36.9%,2026-05-07 19:23:25
35,cv_2,job-1__1_.csv,Word2Vec-GaleShapley-v1,Retenu,65.41,82.28,51.16,74.12,32.57,,,Skills: 82.3% | Experience: 51.2% | Education: 74.1% | Location: 32.6%,2026-05-07 19:23:25
35,cv_3,job-1__1_.csv,Word2Vec-GaleShapley-v1,Retenu,62.62,67.05,54.68,85.4,33.68,,,Skills: 67.0% | Experience: 54.7% | Education: 85.4% | Location: 33.7%,2026-05-07 19:23:25
35,cv_4,job-1__1_.csv,Word2Vec-GaleShapley-v1,A evaluer,55.04,75.34,43.97,42.29,36.37,,,Skills: 75.3% | Experience: 44.0% | Education: 42.3% | Location: 36.4%,2026-05-07 19:23:25
35,cv_5,job-1__1_.csv,Word2Vec-GaleShapley-v1,Ecarté,21.29,19.24,34.54,0.0,33.03,,,Skills: 19.2% | Experience: 34.5% | Education: 0.0% | Location: 33.0%,2026-05-07 19:23:25
36,cv_1,job-1__1_.csv,Word2Vec-GaleShapley-v1,Retenu,73.26,88.26,54.04,90.03,42.94,,,Skills: 88.3% | Experience: 54.0% | Education: 90.0% | Location: 42.9%,2026-05-07 19:23:25
36,cv_2,job-1__1_.csv,Word2Vec-GaleShapley-v1,A evaluer,47.73,65.39,10.31,79.39,20.82,,,Skills: 65.4% | Experience: 10.3% | Education: 79.4% | Location: 20.8%,2026-05-07 19:23:25
36,cv_3,job-1__1_.csv,Word2Vec-GaleShapley-v1,A evaluer,46.71,65.39,10.31,74.28,20.82,,,Skills: 65.4% | Experience: 10.3% | Education: 74.3% | Location: 20.8%,2026-05-07 19:23:25
36,cv_4,job-1__1_.csv,Word2Vec-GaleShapley-v1,Ecarté,24.04,48.73,6.62,5.63,11.79,,,Skills: 48.7% | Experience: 6.6% | Education: 5.6% | Location: 11.8%,2026-05-07 19:23:25
36,cv_5,job-1__1_.csv,Word2Vec-GaleShapley-v1,Ecarté,13.86,13.66,16.38,0.0,28.64,,,Skills: 13.7% | Experience: 16.4% | Education: 0.0% | Location: 28.6%,2026-05-07 19:23:25
37,cv_1,job-1__1_.csv,Word2Vec-GaleShapley-v1,Ecarté,39.8,62.07,7.47,47.32,24.29,,,Skills: 62.1% | Experience: 7.5% | Education: 47.3% | Location: 24.3%,2026-05-07 19:23:25
37,cv_2,job-1__1_.csv,Word2Vec-GaleShapley-v1,A evaluer,53.25,81.88,38.43,25.11,39.09,,,Skills: 81.9% | Experience: 38.4% | Education: 25.1% | Location: 39.1%,2026-05-07 19:23:25
37,cv_3,job-1__1_.csv,Word2Vec-GaleShapley-v1,Retenu,60.84,67.48,42.66,89.17,35.69,,,Skills: 67.5% | Experience: 42.7% | Education: 89.2% | Location: 35.7%,2026-05-07 19:23:25
37,cv_4,job-1__1_.csv,Word2Vec-GaleShapley-v1,Ecarté,25.13,30.83,0.0,45.99,23.97,,,Skills: 30.8% | Experience: 0.0% | Education: 46.0% | Location: 24.0%,2026-05-07 19:23:25
37,cv_5,job-1__1_.csv,Word2Vec-GaleShapley-v1,Ecarté,24.81,43.19,10.85,0.0,32.13,,,Skills: 43.2% | Experience: 10.8% | Education: 0.0% | Location: 32.1%,2026-05-07 19:23:25
38,cv_1,job-1__1_.csv,Word2Vec-GaleShapley-v1,Retenu,66.42,87.8,33.84,90.03,32.24,,,Skills: 87.8% | Experience: 33.8% | Education: 90.0% | Location: 32.2%,2026-05-07 19:23:25
38,cv_2,job-1__1_.csv,Word2Vec-GaleShapley-v1,A evaluer,49.45,69.18,8.66,84.25,18.39,,,Skills: 69.2% | Experience: 8.7% | Education: 84.2% | Location: 18.4%,2026-05-07 19:23:25
38,cv_3,job-1__1_.csv,Word2Vec-GaleShapley-v1,Ecarté,32.76,21.7,65.09,18.22,27.74,,,Skills: 21.7% | Experience: 65.1% | Education: 18.2% | Location: 27.7%,2026-05-07 19:23:25
38,cv_4,job-1__1_.csv,Word2Vec-GaleShapley-v1,Ecarté,35.26,45.89,0.92,70.74,16.87,,,Skills: 45.9% | Experience: 0.9% | Education: 70.7% | Location: 16.9%,2026-05-07 19:23:25
38,cv_5,job-1__1_.csv,Word2Vec-GaleShapley-v1,Ecarté,4.47,0.0,7.49,0.0,17.29,,,Skills: 0.0% | Experience: 7.5% | Education: 0.0% | Location: 17.3%,2026-05-07 19:23:25
39,cv_1,job-1__1_.csv,Word2Vec-GaleShapley-v1,A evaluer,59.91,69.92,53.14,55.76,50.0,,,Skills: 69.9% | Experience: 53.1% | Education: 55.8% | Location: 50.0%,2026-05-07 19:23:25
39,cv_2,job-1__1_.csv,Word2Vec-GaleShapley-v1,Retenu,64.56,90.17,52.94,61.54,19.66,,,Skills: 90.2% | Experience: 52.9% | Education: 61.5% | Location: 19.7%,2026-05-07 19:23:25
39,cv_3,job-1__1_.csv,Word2Vec-GaleShapley-v1,A evaluer,55.61,84.75,29.76,46.24,33.45,,,Skills: 84.8% | Experience: 29.8% | Education: 46.2% | Location: 33.5%,2026-05-07 19:23:25
39,cv_4,job-1__1_.csv,Word2Vec-GaleShapley-v1,A evaluer,44.18,58.85,36.4,33.19,32.65,,,Skills: 58.9% | Experience: 36.4% | Education: 33.2% | Location: 32.6%,2026-05-07 19:23:25
39,cv_5,job-1__1_.csv,Word2Vec-GaleShapley-v1,Ecarté,19.73,25.34,19.57,0.0,31.33,,,Skills: 25.3% | Experience: 19.6% | Education: 0.0% | Location: 31.3%,2026-05-07 19:23:25
40,cv_1,job-1__1_.csv,Word2Vec-GaleShapley-v1,Retenu,72.67,90.18,58.8,80.91,38.13,,,Skills: 90.2% | Experience: 58.8% | Education: 80.9% | Location: 38.1%,2026-05-07 19:23:25
40,cv_2,job-1__1_.csv,Word2Vec-GaleShapley-v1,A evaluer,48.97,64.32,27.34,57.68,32.49,,,Skills: 64.3% | Experience: 27.3% | Education: 57.7% | Location: 32.5%,2026-05-07 19:23:25
40,cv_3,job-1__1_.csv,Word2Vec-GaleShapley-v1,A evaluer,51.84,75.36,26.05,56.07,26.43,,,Skills: 75.4% | Experience: 26.1% | Education: 56.1% | Location: 26.4%,2026-05-07 19:23:25
40,cv_4,job-1__1_.csv,Word2Vec-GaleShapley-v1,Ecarté,38.69,60.94,5.74,46.85,23.4,,,Skills: 60.9% | Experience: 5.7% | Education: 46.9% | Location: 23.4%,2026-05-07 19:23:25
40,cv_5,job-1__1_.csv,Word2Vec-GaleShapley-v1,A evaluer,53.56,75.38,39.78,38.5,38.39,,,Skills: 75.4% | Experience: 39.8% | Education: 38.5% | Location: 38.4%,2026-05-07 19:23:25
41,cv_1,job-1__1_.csv,Word2Vec-GaleShapley-v1,Retenu,65.67,88.84,64.19,58.18,16.31,,,Skills: 88.8% | Experience: 64.2% | Education: 58.2% | Location: 16.3%,2026-05-07 19:23:25
41,cv_2,job-1__1_.csv,Word2Vec-GaleShapley-v1,Retenu,67.41,85.06,51.83,71.49,40.88,,,Skills: 85.1% | Experience: 51.8% | Education: 71.5% | Location: 40.9%,2026-05-07 19:23:25
41,cv_3,job-1__1_.csv,Word2Vec-GaleShapley-v1,A evaluer,53.02,63.13,18.69,86.02,39.29,,,Skills: 63.1% | Experience: 18.7% | Education: 86.0% | Location: 39.3%,2026-05-07 19:23:25
41,cv_4,job-1__1_.csv,Word2Vec-GaleShapley-v1,Ecarté,38.28,52.4,37.31,15.6,32.5,,,Skills: 52.4% | Experience: 37.3% | Education: 15.6% | Location: 32.5%,2026-05-07 19:23:25
41,cv_5,job-1__1_.csv,Word2Vec-GaleShapley-v1,Ecarté,24.22,37.6,18.0,0.0,31.22,,,Skills: 37.6% | Experience: 18.0% | Education: 0.0% | Location: 31.2%,2026-05-07 19:23:25
42,cv_1,job-1__1_.csv,Word2Vec-GaleShapley-v1,Retenu,76.41,93.14,66.61,90.03,29.98,,,Skills: 93.1% | Experience: 66.6% | Education: 90.0% | Location: 30.0%,2026-05-07 19:23:25
42,cv_2,job-1__1_.csv,Word2Vec-GaleShapley-v1,Ecarté,31.37,28.83,56.67,13.31,20.06,,,Skills: 28.8% | Experience: 56.7% | Education: 13.3% | Location: 20.1%,2026-05-07 19:23:25
42,cv_3,job-1__1_.csv,Word2Vec-GaleShapley-v1,A evaluer,43.64,45.91,19.88,88.23,17.73,,,Skills: 45.9% | Experience: 19.9% | Education: 88.2% | Location: 17.7%,2026-05-07 19:23:25
42,cv_4,job-1__1_.csv,Word2Vec-GaleShapley-v1,Ecarté,35.4,66.01,0.0,27.24,23.63,,,Skills: 66.0% | Experience: 0.0% | Education: 27.2% | Location: 23.6%,2026-05-07 19:23:25
42,cv_5,job-1__1_.csv,Word2Vec-GaleShapley-v1,Ecarté,9.08,2.01,26.63,0.0,10.77,,,Skills: 2.0% | Experience: 26.6% | Education: 0.0% | Location: 10.8%,2026-05-07 19:23:25
43,cv_1,job-1__1_.csv,Word2Vec-GaleShapley-v1,A evaluer,53.71,67.05,21.32,90.1,23.59,,,Skills: 67.0% | Experience: 21.3% | Education: 90.1% | Location: 23.6%,2026-05-07 19:23:25
43,cv_2,job-1__1_.csv,Word2Vec-GaleShapley-v1,A evaluer,54.81,80.11,41.67,37.33,32.55,,,Skills: 80.1% | Experience: 41.7% | Education: 37.3% | Location: 32.5%,2026-05-07 19:23:25
43,cv_3,job-1__1_.csv,Word2Vec-GaleShapley-v1,A evaluer,57.98,69.42,26.58,90.58,36.34,,,Skills: 69.4% | Experience: 26.6% | Education: 90.6% | Location: 36.3%,2026-05-07 19:23:25
43,cv_4,job-1__1_.csv,Word2Vec-GaleShapley-v1,A evaluer,44.43,66.55,21.22,45.13,23.17,,,Skills: 66.5% | Experience: 21.2% | Education: 45.1% | Location: 23.2%,2026-05-07 19:23:25
43,cv_5,job-1__1_.csv,Word2Vec-GaleShapley-v1,Ecarté,29.42,31.05,29.7,24.34,31.4,,,Skills: 31.1% | Experience: 29.7% | Education: 24.3% | Location: 31.4%,2026-05-07 19:23:25
44,cv_1,job-1__1_.csv,Word2Vec-GaleShapley-v1,Retenu,72.1,97.37,51.01,84.24,23.7,,,Skills: 97.4% | Experience: 51.0% | Education: 84.2% | Location: 23.7%,2026-05-07 19:23:26
44,cv_2,job-1__1_.csv,Word2Vec-GaleShapley-v1,Ecarté,26.2,20.89,62.36,6.01,7.01,,,Skills: 20.9% | Experience: 62.4% | Education: 6.0% | Location: 7.0%,2026-05-07 19:23:26
44,cv_3,job-1__1_.csv,Word2Vec-GaleShapley-v1,A evaluer,49.41,56.11,51.69,54.47,21.03,,,Skills: 56.1% | Experience: 51.7% | Education: 54.5% | Location: 21.0%,2026-05-07 19:23:26
44,cv_4,job-1__1_.csv,Word2Vec-GaleShapley-v1,Ecarté,20.83,37.12,15.81,10.13,0.0,,,Skills: 37.1% | Experience: 15.8% | Education: 10.1% | Location: 0.0%,2026-05-07 19:23:26
44,cv_5,job-1__1_.csv,Word2Vec-GaleShapley-v1,Ecarté,9.32,0.6,26.0,0.0,17.18,,,Skills: 0.6% | Experience: 26.0% | Education: 0.0% | Location: 17.2%,2026-05-07 19:23:26
45,cv_1,job-1__1_.csv,Word2Vec-GaleShapley-v1,A evaluer,40.25,44.84,41.36,33.17,35.61,,,Skills: 44.8% | Experience: 41.4% | Education: 33.2% | Location: 35.6%,2026-05-07 19:23:26
45,cv_2,job-1__1_.csv,Word2Vec-GaleShapley-v1,Ecarté,33.83,36.6,36.78,35.36,19.47,,,Skills: 36.6% | Experience: 36.8% | Education: 35.4% | Location: 19.5%,2026-05-07 19:23:26
45,cv_3,job-1__1_.csv,Word2Vec-GaleShapley-v1,Ecarté,36.06,7.24,62.94,59.76,36.54,,,Skills: 7.2% | Experience: 62.9% | Education: 59.8% | Location: 36.5%,2026-05-07 19:23:26
45,cv_4,job-1__1_.csv,Word2Vec-GaleShapley-v1,A evaluer,42.05,52.09,20.15,58.93,29.26,,,Skills: 52.1% | Experience: 20.1% | Education: 58.9% | Location: 29.3%,2026-05-07 19:23:26
45,cv_5,job-1__1_.csv,Word2Vec-GaleShapley-v1,Ecarté,29.64,31.72,19.71,39.29,27.78,,,Skills: 31.7% | Experience: 19.7% | Education: 39.3% | Location: 27.8%,2026-05-07 19:23:26
46,cv_1,job-1__1_.csv,Word2Vec-GaleShapley-v1,Retenu,66.93,76.62,63.64,81.62,26.97,,,Skills: 76.6% | Experience: 63.6% | Education: 81.6% | Location: 27.0%,2026-05-07 19:23:26
46,cv_2,job-1__1_.csv,Word2Vec-GaleShapley-v1,A evaluer,43.6,62.3,17.0,57.68,19.32,,,Skills: 62.3% | Experience: 17.0% | Education: 57.7% | Location: 19.3%,2026-05-07 19:23:26
46,cv_3,job-1__1_.csv,Word2Vec-GaleShapley-v1,A evaluer,43.6,62.3,17.0,57.68,19.32,,,Skills: 62.3% | Experience: 17.0% | Education: 57.7% | Location: 19.3%,2026-05-07 19:23:26
46,cv_4,job-1__1_.csv,Word2Vec-GaleShapley-v1,A evaluer,45.5,76.03,13.31,52.42,8.5,,,Skills: 76.0% | Experience: 13.3% | Education: 52.4% | Location: 8.5%,2026-05-07 19:23:26
46,cv_5,job-1__1_.csv,Word2Vec-GaleShapley-v1,Ecarté,38.06,54.91,18.41,38.5,25.26,,,Skills: 54.9% | Experience: 18.4% | Education: 38.5% | Location: 25.3%,2026-05-07 19:23:26
47,cv_1,job-1__1_.csv,Word2Vec-GaleShapley-v1,Retenu,75.25,91.95,87.02,56.04,36.7,,,Skills: 92.0% | Experience: 87.0% | Education: 56.0% | Location: 36.7%,2026-05-07 19:23:26
47,cv_2,job-1__1_.csv,Word2Vec-GaleShapley-v1,A evaluer,41.54,44.42,45.59,34.22,36.9,,,Skills: 44.4% | Experience: 45.6% | Education: 34.2% | Location: 36.9%,2026-05-07 19:23:26
47,cv_3,job-1__1_.csv,Word2Vec-GaleShapley-v1,A evaluer,55.91,89.63,27.04,50.93,20.77,,,Skills: 89.6% | Experience: 27.0% | Education: 50.9% | Location: 20.8%,2026-05-07 19:23:26
47,cv_4,job-1__1_.csv,Word2Vec-GaleShapley-v1,Ecarté,36.51,46.34,30.01,34.65,23.58,,,Skills: 46.3% | Experience: 30.0% | Education: 34.6% | Location: 23.6%,2026-05-07 19:23:26
47,cv_5,job-1__1_.csv,Word2Vec-GaleShapley-v1,Ecarté,23.17,25.73,29.43,0.0,36.77,,,Skills: 25.7% | Experience: 29.4% | Education: 0.0% | Location: 36.8%,2026-05-07 19:23:26
48,cv_1,job-1__1_.csv,Word2Vec-GaleShapley-v1,Retenu,67.8,93.59,42.79,95.14,4.25,,,Skills: 93.6% | Experience: 42.8% | Education: 95.1% | Location: 4.2%,2026-05-07 19:23:26
48,cv_2,job-1__1_.csv,Word2Vec-GaleShapley-v1,A evaluer,42.55,49.36,36.26,68.68,0.0,,,Skills: 49.4% | Experience: 36.3% | Education: 68.7% | Location: 0.0%,2026-05-07 19:23:26
48,cv_3,job-1__1_.csv,Word2Vec-GaleShapley-v1,A evaluer,56.25,80.47,21.03,94.04,0.0,,,Skills: 80.5% | Experience: 21.0% | Education: 94.0% | Location: 0.0%,2026-05-07 19:23:26
48,cv_4,job-1__1_.csv,Word2Vec-GaleShapley-v1,Ecarté,36.15,55.06,0.0,51.52,25.46,,,Skills: 55.1% | Experience: 0.0% | Education: 51.5% | Location: 25.5%,2026-05-07 19:23:26
48,cv_5,job-1__1_.csv,Word2Vec-GaleShapley-v1,Ecarté,4.13,1.93,13.44,0.0,0.0,,,Skills: 1.9% | Experience: 13.4% | Education: 0.0% | Location: 0.0%,2026-05-07 19:23:26
49,cv_1,job-1__1_.csv,Word2Vec-GaleShapley-v1,Retenu,70.21,93.9,69.63,50.1,34.82,,,Skills: 93.9% | Experience: 69.6% | Education: 50.1% | Location: 34.8%,2026-05-07 19:23:26
49,cv_2,job-1__1_.csv,Word2Vec-GaleShapley-v1,A evaluer,59.39,79.36,52.5,57.12,20.66,,,Skills: 79.4% | Experience: 52.5% | Education: 57.1% | Location: 20.7%,2026-05-07 19:23:26
49,cv_3,job-1__1_.csv,Word2Vec-GaleShapley-v1,A evaluer,57.23,91.92,34.52,59.15,0.0,,,Skills: 91.9% | Experience: 34.5% | Education: 59.1% | Location: 0.0%,2026-05-07 19:23:26
49,cv_4,job-1__1_.csv,Word2Vec-GaleShapley-v1,Ecarté,36.9,34.54,31.27,54.18,29.51,,,Skills: 34.5% | Experience: 31.3% | Education: 54.2% | Location: 29.5%,2026-05-07 19:23:26
49,cv_5,job-1__1_.csv,Word2Vec-GaleShapley-v1,Ecarté,30.62,44.92,29.71,0.0,34.85,,,Skills: 44.9% | Experience: 29.7% | Education: 0.0% | Location: 34.9%,2026-05-07 19:23:26
50,cv_1,job-1__1_.csv,Word2Vec-GaleShapley-v1,Ecarté,37.83,13.91,48.63,80.46,26.81,,,Skills: 13.9% | Experience: 48.6% | Education: 80.5% | Location: 26.8%,2026-05-07 19:23:26
50,cv_2,job-1__1_.csv,Word2Vec-GaleShapley-v1,Ecarté,35.95,38.19,59.9,25.94,3.42,,,Skills: 38.2% | Experience: 59.9% | Education: 25.9% | Location: 3.4%,2026-05-07 19:23:26
50,cv_3,job-1__1_.csv,Word2Vec-GaleShapley-v1,A evaluer,48.76,36.52,53.35,86.36,23.6,,,Skills: 36.5% | Experience: 53.4% | Education: 86.4% | Location: 23.6%,2026-05-07 19:23:26
50,cv_4,job-1__1_.csv,Word2Vec-GaleShapley-v1,Ecarté,30.64,31.36,27.94,35.43,26.85,,,Skills: 31.4% | Experience: 27.9% | Education: 35.4% | Location: 26.9%,2026-05-07 19:23:26
50,cv_5,job-1__1_.csv,Word2Vec-GaleShapley-v1,Ecarté,18.0,31.2,12.49,0.0,15.96,,,Skills: 31.2% | Experience: 12.5% | Education: 0.0% | Location: 16.0%,2026-05-07 19:23:26
51,cv_1,job-1__1_.csv,Word2Vec-GaleShapley-v1,A evaluer,46.73,91.95,14.93,19.18,15.86,,,Skills: 92.0% | Experience: 14.9% | Education: 19.2% | Location: 15.9%,2026-05-07 19:23:26
51,cv_2,job-1__1_.csv,Word2Vec-GaleShapley-v1,Ecarté,32.81,62.13,0.0,25.88,18.53,,,Skills: 62.1% | Experience: 0.0% | Education: 25.9% | Location: 18.5%,2026-05-07 19:23:26
51,cv_3,job-1__1_.csv,Word2Vec-GaleShapley-v1,Ecarté,32.86,62.13,0.0,26.12,18.53,,,Skills: 62.1% | Experience: 0.0% | Education: 26.1% | Location: 18.5%,2026-05-07 19:23:26
51,cv_4,job-1__1_.csv,Word2Vec-GaleShapley-v1,Ecarté,28.72,42.57,30.53,7.94,16.45,,,Skills: 42.6% | Experience: 30.5% | Education: 7.9% | Location: 16.4%,2026-05-07 19:23:26
51,cv_5,job-1__1_.csv,Word2Vec-GaleShapley-v1,Ecarté,33.08,49.39,27.52,11.45,27.68,,,Skills: 49.4% | Experience: 27.5% | Education: 11.4% | Location: 27.7%,2026-05-07 19:23:26
52,cv_1,job-1__1_.csv,Word2Vec-GaleShapley-v1,Retenu,65.24,71.32,62.65,81.62,31.52,,,Skills: 71.3% | Experience: 62.6% | Education: 81.6% | Location: 31.5%,2026-05-07 19:23:26
52,cv_2,job-1__1_.csv,Word2Vec-GaleShapley-v1,A evaluer,54.44,52.46,52.92,79.98,28.17,,,Skills: 52.5% | Experience: 52.9% | Education: 80.0% | Location: 28.2%,2026-05-07 19:23:26
52,cv_3,job-1__1_.csv,Word2Vec-GaleShapley-v1,A evaluer,45.38,71.08,29.11,25.88,29.98,,,Skills: 71.1% | Experience: 29.1% | Education: 25.9% | Location: 30.0%,2026-05-07 19:23:26
52,cv_4,job-1__1_.csv,Word2Vec-GaleShapley-v1,A evaluer,45.66,48.07,25.44,80.53,26.43,,,Skills: 48.1% | Experience: 25.4% | Education: 80.5% | Location: 26.4%,2026-05-07 19:23:26
52,cv_5,job-1__1_.csv,Word2Vec-GaleShapley-v1,Ecarté,31.13,31.4,25.94,38.5,29.24,,,Skills: 31.4% | Experience: 25.9% | Education: 38.5% | Location: 29.2%,2026-05-07 19:23:26
53,cv_1,job-1__1_.csv,Word2Vec-GaleShapley-v1,Retenu,68.29,80.54,71.18,55.02,48.47,,,Skills: 80.5% | Experience: 71.2% | Education: 55.0% | Location: 48.5%,2026-05-07 19:23:26
53,cv_2,job-1__1_.csv,Word2Vec-GaleShapley-v1,A evaluer,59.32,75.74,48.2,55.37,39.34,,,Skills: 75.7% | Experience: 48.2% | Education: 55.4% | Location: 39.3%,2026-05-07 19:23:26
53,cv_3,job-1__1_.csv,Word2Vec-GaleShapley-v1,A evaluer,48.36,88.76,15.62,44.77,0.0,,,Skills: 88.8% | Experience: 15.6% | Education: 44.8% | Location: 0.0%,2026-05-07 19:23:26
53,cv_4,job-1__1_.csv,Word2Vec-GaleShapley-v1,Ecarté,33.18,29.65,23.67,54.18,30.47,,,Skills: 29.6% | Experience: 23.7% | Education: 54.2% | Location: 30.5%,2026-05-07 19:23:26
53,cv_5,job-1__1_.csv,Word2Vec-GaleShapley-v1,Ecarté,18.98,16.13,22.52,0.0,46.02,,,Skills: 16.1% | Experience: 22.5% | Education: 0.0% | Location: 46.0%,2026-05-07 19:23:26
54,cv_1,job-1__1_.csv,Word2Vec-GaleShapley-v1,A evaluer,50.91,92.41,9.98,40.0,23.04,,,Skills: 92.4% | Experience: 10.0% | Education: 40.0% | Location: 23.0%,2026-05-07 19:23:27
54,cv_2,job-1__1_.csv,Word2Vec-GaleShapley-v1,Ecarté,36.88,57.2,7.13,61.09,0.0,,,Skills: 57.2% | Experience: 7.1% | Education: 61.1% | Location: 0.0%,2026-05-07 19:23:27
54,cv_3,job-1__1_.csv,Word2Vec-GaleShapley-v1,Ecarté,36.77,65.32,2.71,49.84,0.0,,,Skills: 65.3% | Experience: 2.7% | Education: 49.8% | Location: 0.0%,2026-05-07 19:23:27
54,cv_4,job-1__1_.csv,Word2Vec-GaleShapley-v1,Ecarté,35.87,73.36,3.51,27.01,1.66,,,Skills: 73.4% | Experience: 3.5% | Education: 27.0% | Location: 1.7%,2026-05-07 19:23:27
54,cv_5,job-1__1_.csv,Word2Vec-GaleShapley-v1,Ecarté,30.68,68.25,13.5,0.0,0.0,,,Skills: 68.2% | Experience: 13.5% | Education: 0.0% | Location: 0.0%,2026-05-07 19:23:27
55,cv_1,job-1__1_.csv,Word2Vec-GaleShapley-v1,Retenu,63.18,73.59,43.9,92.79,28.08,,,Skills: 73.6% | Experience: 43.9% | Education: 92.8% | Location: 28.1%,2026-05-07 19:23:27
55,cv_2,job-1__1_.csv,Word2Vec-GaleShapley-v1,Ecarté,39.68,50.31,13.58,74.26,8.75,,,Skills: 50.3% | Experience: 13.6% | Education: 74.3% | Location: 8.8%,2026-05-07 19:23:27
55,cv_3,job-1__1_.csv,Word2Vec-GaleShapley-v1,A evaluer,53.76,94.38,0.0,50.34,39.58,,,Skills: 94.4% | Experience: 0.0% | Education: 50.3% | Location: 39.6%,2026-05-07 19:23:27
55,cv_4,job-1__1_.csv,Word2Vec-GaleShapley-v1,Ecarté,35.88,50.55,12.16,46.9,21.62,,,Skills: 50.5% | Experience: 12.2% | Education: 46.9% | Location: 21.6%,2026-05-07 19:23:27
55,cv_5,job-1__1_.csv,Word2Vec-GaleShapley-v1,Ecarté,12.85,18.78,8.77,0.0,21.0,,,Skills: 18.8% | Experience: 8.8% | Education: 0.0% | Location: 21.0%,2026-05-07 19:23:27
56,cv_1,job-1__1_.csv,Word2Vec-GaleShapley-v1,Retenu,61.14,88.72,53.95,35.51,33.75,,,Skills: 88.7% | Experience: 54.0% | Education: 35.5% | Location: 33.8%,2026-05-07 19:23:27
56,cv_2,job-1__1_.csv,Word2Vec-GaleShapley-v1,Retenu,70.28,95.36,62.34,49.79,43.94,,,Skills: 95.4% | Experience: 62.3% | Education: 49.8% | Location: 43.9%,2026-05-07 19:23:27
56,cv_3,job-1__1_.csv,Word2Vec-GaleShapley-v1,A evaluer,56.37,58.08,62.02,58.34,39.74,,,Skills: 58.1% | Experience: 62.0% | Education: 58.3% | Location: 39.7%,2026-05-07 19:23:27
56,cv_4,job-1__1_.csv,Word2Vec-GaleShapley-v1,Ecarté,35.8,57.61,13.88,29.19,22.97,,,Skills: 57.6% | Experience: 13.9% | Education: 29.2% | Location: 23.0%,2026-05-07 19:23:27
56,cv_5,job-1__1_.csv,Word2Vec-GaleShapley-v1,Ecarté,20.68,27.36,17.49,0.0,35.76,,,Skills: 27.4% | Experience: 17.5% | Education: 0.0% | Location: 35.8%,2026-05-07 19:23:27
57,cv_1,job-1__1_.csv,Word2Vec-GaleShapley-v1,Retenu,62.48,84.75,32.06,96.54,8.38,,,Skills: 84.8% | Experience: 32.1% | Education: 96.5% | Location: 8.4%,2026-05-07 19:23:27
57,cv_2,job-1__1_.csv,Word2Vec-GaleShapley-v1,Ecarté,39.09,59.27,26.43,43.39,0.65,,,Skills: 59.3% | Experience: 26.4% | Education: 43.4% | Location: 0.7%,2026-05-07 19:23:27
57,cv_3,job-1__1_.csv,Word2Vec-GaleShapley-v1,Retenu,65.7,90.96,36.04,93.46,10.77,,,Skills: 91.0% | Experience: 36.0% | Education: 93.5% | Location: 10.8%,2026-05-07 19:23:27
57,cv_4,job-1__1_.csv,Word2Vec-GaleShapley-v1,A evaluer,40.82,59.12,0.0,85.87,0.0,,,Skills: 59.1% | Experience: 0.0% | Education: 85.9% | Location: 0.0%,2026-05-07 19:23:27
57,cv_5,job-1__1_.csv,Word2Vec-GaleShapley-v1,Ecarté,16.63,34.74,10.93,0.0,0.0,,,Skills: 34.7% | Experience: 10.9% | Education: 0.0% | Location: 0.0%,2026-05-07 19:23:27
58,cv_1,job-1__1_.csv,Word2Vec-GaleShapley-v1,Retenu,64.18,57.66,70.85,91.28,34.29,,,Skills: 57.7% | Experience: 70.8% | Education: 91.3% | Location: 34.3%,2026-05-07 19:23:27
58,cv_2,job-1__1_.csv,Word2Vec-GaleShapley-v1,Ecarté,38.86,54.29,13.53,40.53,37.67,,,Skills: 54.3% | Experience: 13.5% | Education: 40.5% | Location: 37.7%,2026-05-07 19:23:27
58,cv_3,job-1__1_.csv,Word2Vec-GaleShapley-v1,A evaluer,46.09,35.26,50.39,70.89,34.72,,,Skills: 35.3% | Experience: 50.4% | Education: 70.9% | Location: 34.7%,2026-05-07 19:23:27
58,cv_4,job-1__1_.csv,Word2Vec-GaleShapley-v1,Ecarté,39.24,60.6,0.0,75.0,0.0,,,Skills: 60.6% | Experience: 0.0% | Education: 75.0% | Location: 0.0%,2026-05-07 19:23:27
58,cv_5,job-1__1_.csv,Word2Vec-GaleShapley-v1,Ecarté,31.24,24.23,31.17,40.95,37.12,,,Skills: 24.2% | Experience: 31.2% | Education: 41.0% | Location: 37.1%,2026-05-07 19:23:27
59,cv_1,job-1__1_.csv,Word2Vec-GaleShapley-v1,A evaluer,44.2,87.05,22.03,17.94,1.88,,,Skills: 87.0% | Experience: 22.0% | Education: 17.9% | Location: 1.9%,2026-05-07 19:23:27
59,cv_2,job-1__1_.csv,Word2Vec-GaleShapley-v1,Retenu,60.89,87.32,42.77,73.92,3.21,,,Skills: 87.3% | Experience: 42.8% | Education: 73.9% | Location: 3.2%,2026-05-07 19:23:27
59,cv_3,job-1__1_.csv,Word2Vec-GaleShapley-v1,A evaluer,45.77,85.86,16.23,34.01,3.8,,,Skills: 85.9% | Experience: 16.2% | Education: 34.0% | Location: 3.8%,2026-05-07 19:23:27
59,cv_4,job-1__1_.csv,Word2Vec-GaleShapley-v1,Retenu,67.2,92.03,46.8,82.26,14.88,,,Skills: 92.0% | Experience: 46.8% | Education: 82.3% | Location: 14.9%,2026-05-07 19:23:27
59,cv_5,job-1__1_.csv,Word2Vec-GaleShapley-v1,Ecarté,16.91,34.32,5.84,0.0,11.45,,,Skills: 34.3% | Experience: 5.8% | Education: 0.0% | Location: 11.4%,2026-05-07 19:23:27
60,cv_1,job-1__1_.csv,Word2Vec-GaleShapley-v1,Retenu,67.07,93.98,51.95,55.02,36.56,,,Skills: 94.0% | Experience: 52.0% | Education: 55.0% | Location: 36.6%,2026-05-07 19:23:27
60,cv_2,job-1__1_.csv,Word2Vec-GaleShapley-v1,A evaluer,48.22,68.34,39.46,39.32,21.03,,,Skills: 68.3% | Experience: 39.5% | Education: 39.3% | Location: 21.0%,2026-05-07 19:23:27
60,cv_3,job-1__1_.csv,Word2Vec-GaleShapley-v1,A evaluer,45.1,76.65,4.08,50.93,21.56,,,Skills: 76.7% | Experience: 4.1% | Education: 50.9% | Location: 21.6%,2026-05-07 19:23:27
60,cv_4,job-1__1_.csv,Word2Vec-GaleShapley-v1,Ecarté,39.91,66.36,0.0,46.0,27.77,,,Skills: 66.4% | Experience: 0.0% | Education: 46.0% | Location: 27.8%,2026-05-07 19:23:27
60,cv_5,job-1__1_.csv,Word2Vec-GaleShapley-v1,Ecarté,31.45,64.78,1.67,0.0,34.11,,,Skills: 64.8% | Experience: 1.7% | Education: 0.0% | Location: 34.1%,2026-05-07 19:23:27
61,cv_1,job-1__1_.csv,Word2Vec-GaleShapley-v1,Retenu,65.58,90.0,25.28,94.64,28.89,,,Skills: 90.0% | Experience: 25.3% | Education: 94.6% | Location: 28.9%,2026-05-07 19:23:27
61,cv_2,job-1__1_.csv,Word2Vec-GaleShapley-v1,Ecarté,36.44,72.37,2.75,8.52,34.03,,,Skills: 72.4% | Experience: 2.8% | Education: 8.5% | Location: 34.0%,2026-05-07 19:23:27
61,cv_3,job-1__1_.csv,Word2Vec-GaleShapley-v1,Ecarté,34.46,48.16,33.47,11.31,30.44,,,Skills: 48.2% | Experience: 33.5% | Education: 11.3% | Location: 30.4%,2026-05-07 19:23:27
61,cv_4,job-1__1_.csv,Word2Vec-GaleShapley-v1,A evaluer,43.51,74.91,25.53,15.19,27.49,,,Skills: 74.9% | Experience: 25.5% | Education: 15.2% | Location: 27.5%,2026-05-07 19:23:27
61,cv_5,job-1__1_.csv,Word2Vec-GaleShapley-v1,Ecarté,21.17,30.34,11.67,6.96,31.48,,,Skills: 30.3% | Experience: 11.7% | Education: 7.0% | Location: 31.5%,2026-05-07 19:23:27
62,cv_1,job-1__1_.csv,Word2Vec-GaleShapley-v1,A evaluer,48.89,57.54,36.65,62.26,28.39,,,Skills: 57.5% | Experience: 36.6% | Education: 62.3% | Location: 28.4%,2026-05-07 19:23:27
62,cv_2,job-1__1_.csv,Word2Vec-GaleShapley-v1,Ecarté,22.04,37.17,0.0,20.77,20.11,,,Skills: 37.2% | Experience: 0.0% | Education: 20.8% | Location: 20.1%,2026-05-07 19:23:27
62,cv_3,job-1__1_.csv,Word2Vec-GaleShapley-v1,A evaluer,45.31,64.22,25.19,46.53,26.77,,,Skills: 64.2% | Experience: 25.2% | Education: 46.5% | Location: 26.8%,2026-05-07 19:23:27
62,cv_4,job-1__1_.csv,Word2Vec-GaleShapley-v1,A evaluer,40.8,71.99,0.0,30.9,38.86,,,Skills: 72.0% | Experience: 0.0% | Education: 30.9% | Location: 38.9%,2026-05-07 19:23:27
62,cv_5,job-1__1_.csv,Word2Vec-GaleShapley-v1,Ecarté,27.4,31.6,10.21,41.93,25.45,,,Skills: 31.6% | Experience: 10.2% | Education: 41.9% | Location: 25.4%,2026-05-07 19:23:27
63,cv_1,job-1__1_.csv,Word2Vec-GaleShapley-v1,A evaluer,50.23,62.92,59.07,28.21,30.99,,,Skills: 62.9% | Experience: 59.1% | Education: 28.2% | Location: 31.0%,2026-05-07 19:23:27
63,cv_2,job-1__1_.csv,Word2Vec-GaleShapley-v1,Ecarté,34.89,75.37,0.0,0.0,31.61,,,Skills: 75.4% | Experience: 0.0% | Education: 0.0% | Location: 31.6%,2026-05-07 19:23:27
63,cv_3,job-1__1_.csv,Word2Vec-GaleShapley-v1,Ecarté,34.89,75.37,0.0,0.0,31.61,,,Skills: 75.4% | Experience: 0.0% | Education: 0.0% | Location: 31.6%,2026-05-07 19:23:27
63,cv_4,job-1__1_.csv,Word2Vec-GaleShapley-v1,Ecarté,18.11,37.17,0.0,0.0,21.58,,,Skills: 37.2% | Experience: 0.0% | Education: 0.0% | Location: 21.6%,2026-05-07 19:23:27
63,cv_5,job-1__1_.csv,Word2Vec-GaleShapley-v1,Ecarté,33.24,73.46,0.0,0.0,25.71,,,Skills: 73.5% | Experience: 0.0% | Education: 0.0% | Location: 25.7%,2026-05-07 19:23:27
64,cv_1,job-1__1_.csv,Word2Vec-GaleShapley-v1,Retenu,73.38,83.55,71.77,81.62,37.99,,,Skills: 83.5% | Experience: 71.8% | Education: 81.6% | Location: 38.0%,2026-05-07 19:23:27
64,cv_2,job-1__1_.csv,Word2Vec-GaleShapley-v1,A evaluer,56.44,43.61,81.16,67.4,34.84,,,Skills: 43.6% | Experience: 81.2% | Education: 67.4% | Location: 34.8%,2026-05-07 19:23:27
64,cv_3,job-1__1_.csv,Word2Vec-GaleShapley-v1,A evaluer,48.18,77.72,9.54,48.95,32.75,,,Skills: 77.7% | Experience: 9.5% | Education: 49.0% | Location: 32.8%,2026-05-07 19:23:28
64,cv_4,job-1__1_.csv,Word2Vec-GaleShapley-v1,Ecarté,38.26,66.63,3.06,36.17,24.06,,,Skills: 66.6% | Experience: 3.1% | Education: 36.2% | Location: 24.1%,2026-05-07 19:23:28
64,cv_5,job-1__1_.csv,Word2Vec-GaleShapley-v1,Ecarté,18.11,28.09,11.22,0.0,27.12,,,Skills: 28.1% | Experience: 11.2% | Education: 0.0% | Location: 27.1%,2026-05-07 19:23:28
65,cv_1,job-1__1_.csv,Word2Vec-GaleShapley-v1,Retenu,67.93,76.34,68.25,70.52,41.5,,,Skills: 76.3% | Experience: 68.2% | Education: 70.5% | Location: 41.5%,2026-05-07 19:23:28
65,cv_2,job-1__1_.csv,Word2Vec-GaleShapley-v1,A evaluer,54.8,72.39,25.94,78.04,25.0,,,Skills: 72.4% | Experience: 25.9% | Education: 78.0% | Location: 25.0%,2026-05-07 19:23:28
65,cv_3,job-1__1_.csv,Word2Vec-GaleShapley-v1,A evaluer,45.46,53.43,20.45,72.45,29.93,,,Skills: 53.4% | Experience: 20.4% | Education: 72.5% | Location: 29.9%,2026-05-07 19:23:28
65,cv_4,job-1__1_.csv,Word2Vec-GaleShapley-v1,Ecarté,34.33,32.64,13.36,71.62,24.08,,,Skills: 32.6% | Experience: 13.4% | Education: 71.6% | Location: 24.1%,2026-05-07 19:23:28
65,cv_5,job-1__1_.csv,Word2Vec-GaleShapley-v1,Ecarté,16.13,15.82,19.08,0.0,33.52,,,Skills: 15.8% | Experience: 19.1% | Education: 0.0% | Location: 33.5%,2026-05-07 19:23:28
66,cv_1,job-1__1_.csv,Word2Vec-GaleShapley-v1,A evaluer,49.39,77.15,14.16,45.37,39.45,,,Skills: 77.2% | Experience: 14.2% | Education: 45.4% | Location: 39.5%,2026-05-07 19:23:28
66,cv_2,job-1__1_.csv,Word2Vec-GaleShapley-v1,Ecarté,37.84,72.35,0.0,16.38,37.52,,,Skills: 72.3% | Experience: 0.0% | Education: 16.4% | Location: 37.5%,2026-05-07 19:23:28
66,cv_3,job-1__1_.csv,Word2Vec-GaleShapley-v1,Ecarté,39.57,83.65,0.0,6.72,31.76,,,Skills: 83.7% | Experience: 0.0% | Education: 6.7% | Location: 31.8%,2026-05-07 19:23:28
66,cv_4,job-1__1_.csv,Word2Vec-GaleShapley-v1,Ecarté,22.12,32.44,0.0,23.89,29.11,,,Skills: 32.4% | Experience: 0.0% | Education: 23.9% | Location: 29.1%,2026-05-07 19:23:28
66,cv_5,job-1__1_.csv,Word2Vec-GaleShapley-v1,Ecarté,14.19,21.64,0.0,0.0,36.91,,,Skills: 21.6% | Experience: 0.0% | Education: 0.0% | Location: 36.9%,2026-05-07 19:23:28
67,cv_1,job-1__1_.csv,Word2Vec-GaleShapley-v1,A evaluer,57.75,95.61,26.52,40.32,32.09,,,Skills: 95.6% | Experience: 26.5% | Education: 40.3% | Location: 32.1%,2026-05-07 19:23:28
67,cv_2,job-1__1_.csv,Word2Vec-GaleShapley-v1,Ecarté,34.16,62.9,0.0,23.89,28.12,,,Skills: 62.9% | Experience: 0.0% | Education: 23.9% | Location: 28.1%,2026-05-07 19:23:28
67,cv_3,job-1__1_.csv,Word2Vec-GaleShapley-v1,Ecarté,34.16,62.9,0.0,23.89,28.12,,,Skills: 62.9% | Experience: 0.0% | Education: 23.9% | Location: 28.1%,2026-05-07 19:23:28
67,cv_4,job-1__1_.csv,Word2Vec-GaleShapley-v1,Ecarté,19.63,24.43,0.0,30.05,25.63,,,Skills: 24.4% | Experience: 0.0% | Education: 30.1% | Location: 25.6%,2026-05-07 19:23:28
67,cv_5,job-1__1_.csv,Word2Vec-GaleShapley-v1,Ecarté,16.81,28.82,0.0,0.0,35.21,,,Skills: 28.8% | Experience: 0.0% | Education: 0.0% | Location: 35.2%,2026-05-07 19:23:28
68,cv_1,job-1__1_.csv,Word2Vec-GaleShapley-v1,Retenu,62.05,93.6,33.2,55.55,34.68,,,Skills: 93.6% | Experience: 33.2% | Education: 55.5% | Location: 34.7%,2026-05-07 19:23:28
68,cv_2,job-1__1_.csv,Word2Vec-GaleShapley-v1,A evaluer,48.98,58.84,44.16,45.79,34.98,,,Skills: 58.8% | Experience: 44.2% | Education: 45.8% | Location: 35.0%,2026-05-07 19:23:28
68,cv_3,job-1__1_.csv,Word2Vec-GaleShapley-v1,A evaluer,48.17,86.32,2.36,52.83,16.55,,,Skills: 86.3% | Experience: 2.4% | Education: 52.8% | Location: 16.6%,2026-05-07 19:23:28
68,cv_4,job-1__1_.csv,Word2Vec-GaleShapley-v1,A evaluer,55.84,79.64,31.53,55.57,33.25,,,Skills: 79.6% | Experience: 31.5% | Education: 55.6% | Location: 33.2%,2026-05-07 19:23:28
68,cv_5,job-1__1_.csv,Word2Vec-GaleShapley-v1,Ecarté,18.7,29.07,10.81,0.0,29.14,,,Skills: 29.1% | Experience: 10.8% | Education: 0.0% | Location: 29.1%,2026-05-07 19:23:28
69,cv_1,job-1__1_.csv,Word2Vec-GaleShapley-v1,Retenu,63.04,83.0,52.22,53.9,40.04,,,Skills: 83.0% | Experience: 52.2% | Education: 53.9% | Location: 40.0%,2026-05-07 19:23:28
69,cv_2,job-1__1_.csv,Word2Vec-GaleShapley-v1,A evaluer,46.2,68.21,25.55,31.5,41.49,,,Skills: 68.2% | Experience: 25.6% | Education: 31.5% | Location: 41.5%,2026-05-07 19:23:28
69,cv_3,job-1__1_.csv,Word2Vec-GaleShapley-v1,Ecarté,26.48,45.86,0.0,23.83,22.44,,,Skills: 45.9% | Experience: 0.0% | Education: 23.8% | Location: 22.4%,2026-05-07 19:23:28
69,cv_4,job-1__1_.csv,Word2Vec-GaleShapley-v1,Ecarté,15.36,22.8,3.1,27.3,0.0,,,Skills: 22.8% | Experience: 3.1% | Education: 27.3% | Location: 0.0%,2026-05-07 19:23:28
69,cv_5,job-1__1_.csv,Word2Vec-GaleShapley-v1,Ecarté,13.6,21.78,0.55,0.0,31.64,,,Skills: 21.8% | Experience: 0.6% | Education: 0.0% | Location: 31.6%,2026-05-07 19:23:28
70,cv_1,job-1__1_.csv,Word2Vec-GaleShapley-v1,A evaluer,49.2,47.69,30.84,92.79,25.72,,,Skills: 47.7% | Experience: 30.8% | Education: 92.8% | Location: 25.7%,2026-05-07 19:23:28
70,cv_2,job-1__1_.csv,Word2Vec-GaleShapley-v1,A evaluer,42.45,39.15,17.44,92.31,26.46,,,Skills: 39.1% | Experience: 17.4% | Education: 92.3% | Location: 26.5%,2026-05-07 19:23:28
70,cv_3,job-1__1_.csv,Word2Vec-GaleShapley-v1,A evaluer,42.3,29.61,30.01,93.87,27.84,,,Skills: 29.6% | Experience: 30.0% | Education: 93.9% | Location: 27.8%,2026-05-07 19:23:28
70,cv_4,job-1__1_.csv,Word2Vec-GaleShapley-v1,Ecarté,34.75,47.36,8.92,49.4,24.64,,,Skills: 47.4% | Experience: 8.9% | Education: 49.4% | Location: 24.6%,2026-05-07 19:23:28
70,cv_5,job-1__1_.csv,Word2Vec-GaleShapley-v1,Ecarté,5.45,5.72,0.0,0.0,21.1,,,Skills: 5.7% | Experience: 0.0% | Education: 0.0% | Location: 21.1%,2026-05-07 19:23:28
71,cv_1,job-1__1_.csv,Word2Vec-GaleShapley-v1,Retenu,65.67,85.99,33.82,89.71,32.52,,,Skills: 86.0% | Experience: 33.8% | Education: 89.7% | Location: 32.5%,2026-05-07 19:23:28
71,cv_2,job-1__1_.csv,Word2Vec-GaleShapley-v1,A evaluer,42.29,78.84,9.21,27.13,20.18,,,Skills: 78.8% | Experience: 9.2% | Education: 27.1% | Location: 20.2%,2026-05-07 19:23:28
71,cv_3,job-1__1_.csv,Word2Vec-GaleShapley-v1,Ecarté,38.42,70.05,11.38,37.19,0.81,,,Skills: 70.0% | Experience: 11.4% | Education: 37.2% | Location: 0.8%,2026-05-07 19:23:28
71,cv_4,job-1__1_.csv,Word2Vec-GaleShapley-v1,Ecarté,34.46,52.78,20.43,29.23,15.95,,,Skills: 52.8% | Experience: 20.4% | Education: 29.2% | Location: 15.9%,2026-05-07 19:23:28
71,cv_5,job-1__1_.csv,Word2Vec-GaleShapley-v1,Ecarté,32.7,72.04,0.0,0.0,25.91,,,Skills: 72.0% | Experience: 0.0% | Education: 0.0% | Location: 25.9%,2026-05-07 19:23:28
72,cv_1,job-1__1_.csv,Word2Vec-GaleShapley-v1,A evaluer,56.52,64.35,49.19,55.76,48.87,,,Skills: 64.3% | Experience: 49.2% | Education: 55.8% | Location: 48.9%,2026-05-07 19:23:28
72,cv_2,job-1__1_.csv,Word2Vec-GaleShapley-v1,A evaluer,56.3,90.14,26.76,57.22,14.05,,,Skills: 90.1% | Experience: 26.8% | Education: 57.2% | Location: 14.1%,2026-05-07 19:23:28
72,cv_3,job-1__1_.csv,Word2Vec-GaleShapley-v1,A evaluer,59.21,92.15,32.59,50.72,27.04,,,Skills: 92.2% | Experience: 32.6% | Education: 50.7% | Location: 27.0%,2026-05-07 19:23:28
72,cv_4,job-1__1_.csv,Word2Vec-GaleShapley-v1,A evaluer,40.76,72.26,11.1,24.31,28.12,,,Skills: 72.3% | Experience: 11.1% | Education: 24.3% | Location: 28.1%,2026-05-07 19:23:28
72,cv_5,job-1__1_.csv,Word2Vec-GaleShapley-v1,Ecarté,21.19,27.27,19.75,0.0,35.61,,,Skills: 27.3% | Experience: 19.8% | Education: 0.0% | Location: 35.6%,2026-05-07 19:23:28
73,cv_1,job-1__1_.csv,Word2Vec-GaleShapley-v1,Retenu,61.89,81.71,37.91,79.98,24.86,,,Skills: 81.7% | Experience: 37.9% | Education: 80.0% | Location: 24.9%,2026-05-07 19:23:28
73,cv_2,job-1__1_.csv,Word2Vec-GaleShapley-v1,A evaluer,50.1,93.35,13.46,34.04,17.22,,,Skills: 93.3% | Experience: 13.5% | Education: 34.0% | Location: 17.2%,2026-05-07 19:23:28
73,cv_3,job-1__1_.csv,Word2Vec-GaleShapley-v1,A evaluer,57.89,63.95,58.73,67.4,27.66,,,Skills: 64.0% | Experience: 58.7% | Education: 67.4% | Location: 27.7%,2026-05-07 19:23:28
73,cv_4,job-1__1_.csv,Word2Vec-GaleShapley-v1,A evaluer,45.63,90.12,5.3,26.27,20.03,,,Skills: 90.1% | Experience: 5.3% | Education: 26.3% | Location: 20.0%,2026-05-07 19:23:28
73,cv_5,job-1__1_.csv,Word2Vec-GaleShapley-v1,Ecarté,15.62,32.15,0.0,0.0,18.42,,,Skills: 32.1% | Experience: 0.0% | Education: 0.0% | Location: 18.4%,2026-05-07 19:23:28
74,cv_1,job-1__1_.csv,Word2Vec-GaleShapley-v1,A evaluer,59.75,61.74,53.67,81.62,35.42,,,Skills: 61.7% | Experience: 53.7% | Education: 81.6% | Location: 35.4%,2026-05-07 19:23:28
74,cv_2,job-1__1_.csv,Word2Vec-GaleShapley-v1,Ecarté,31.11,49.22,7.49,25.88,29.15,,,Skills: 49.2% | Experience: 7.5% | Education: 25.9% | Location: 29.1%,2026-05-07 19:23:28
74,cv_3,job-1__1_.csv,Word2Vec-GaleShapley-v1,A evaluer,48.94,90.56,21.37,12.95,31.91,,,Skills: 90.6% | Experience: 21.4% | Education: 12.9% | Location: 31.9%,2026-05-07 19:23:28
74,cv_4,job-1__1_.csv,Word2Vec-GaleShapley-v1,A evaluer,41.18,74.9,12.87,25.85,18.91,,,Skills: 74.9% | Experience: 12.9% | Education: 25.9% | Location: 18.9%,2026-05-07 19:23:28
74,cv_5,job-1__1_.csv,Word2Vec-GaleShapley-v1,Ecarté,22.55,22.73,4.77,38.5,30.44,,,Skills: 22.7% | Experience: 4.8% | Education: 38.5% | Location: 30.4%,2026-05-07 19:23:28
75,cv_1,job-1__1_.csv,Word2Vec-GaleShapley-v1,A evaluer,52.18,88.17,26.51,18.14,44.39,,,Skills: 88.2% | Experience: 26.5% | Education: 18.1% | Location: 44.4%,2026-05-07 19:23:28
75,cv_2,job-1__1_.csv,Word2Vec-GaleShapley-v1,A evaluer,49.74,83.42,29.83,16.39,37.57,,,Skills: 83.4% | Experience: 29.8% | Education: 16.4% | Location: 37.6%,2026-05-07 19:23:28
75,cv_3,job-1__1_.csv,Word2Vec-GaleShapley-v1,A evaluer,45.29,78.79,16.59,23.65,32.61,,,Skills: 78.8% | Experience: 16.6% | Education: 23.6% | Location: 32.6%,2026-05-07 19:23:28
75,cv_4,job-1__1_.csv,Word2Vec-GaleShapley-v1,A evaluer,45.9,60.34,26.89,44.93,40.38,,,Skills: 60.3% | Experience: 26.9% | Education: 44.9% | Location: 40.4%,2026-05-07 19:23:28
75,cv_5,job-1__1_.csv,Word2Vec-GaleShapley-v1,Ecarté,30.94,58.18,11.66,0.0,31.68,,,Skills: 58.2% | Experience: 11.7% | Education: 0.0% | Location: 31.7%,2026-05-07 19:23:28
76,cv_1,job-1__1_.csv,Word2Vec-GaleShapley-v1,Retenu,63.73,80.37,72.99,40.88,34.42,,,Skills: 80.4% | Experience: 73.0% | Education: 40.9% | Location: 34.4%,2026-05-07 19:23:28
76,cv_2,job-1__1_.csv,Word2Vec-GaleShapley-v1,A evaluer,42.67,77.13,20.49,21.78,15.62,,,Skills: 77.1% | Experience: 20.5% | Education: 21.8% | Location: 15.6%,2026-05-07 19:23:28
76,cv_3,job-1__1_.csv,Word2Vec-GaleShapley-v1,A evaluer,55.32,87.61,43.75,32.4,19.04,,,Skills: 87.6% | Experience: 43.8% | Education: 32.4% | Location: 19.0%,2026-05-07 19:23:28
76,cv_4,job-1__1_.csv,Word2Vec-GaleShapley-v1,Ecarté,29.97,55.17,12.5,11.9,15.99,,,Skills: 55.2% | Experience: 12.5% | Education: 11.9% | Location: 16.0%,2026-05-07 19:23:28
76,cv_5,job-1__1_.csv,Word2Vec-GaleShapley-v1,Ecarté,19.92,23.03,24.93,0.0,29.83,,,Skills: 23.0% | Experience: 24.9% | Education: 0.0% | Location: 29.8%,2026-05-07 19:23:29
77,cv_1,job-1__1_.csv,Word2Vec-GaleShapley-v1,Retenu,61.69,57.5,67.64,86.79,29.47,,,Skills: 57.5% | Experience: 67.6% | Education: 86.8% | Location: 29.5%,2026-05-07 19:23:29
77,cv_2,job-1__1_.csv,Word2Vec-GaleShapley-v1,A evaluer,49.76,82.09,25.55,34.41,24.37,,,Skills: 82.1% | Experience: 25.6% | Education: 34.4% | Location: 24.4%,2026-05-07 19:23:29
77,cv_3,job-1__1_.csv,Word2Vec-GaleShapley-v1,A evaluer,43.35,41.83,20.81,94.21,17.18,,,Skills: 41.8% | Experience: 20.8% | Education: 94.2% | Location: 17.2%,2026-05-07 19:23:29
77,cv_4,job-1__1_.csv,Word2Vec-GaleShapley-v1,Ecarté,30.92,48.6,0.0,49.73,10.24,,,Skills: 48.6% | Experience: 0.0% | Education: 49.7% | Location: 10.2%,2026-05-07 19:23:29
77,cv_5,job-1__1_.csv,Word2Vec-GaleShapley-v1,Ecarté,29.18,21.23,26.0,53.04,23.85,,,Skills: 21.2% | Experience: 26.0% | Education: 53.0% | Location: 23.9%,2026-05-07 19:23:29
78,cv_1,job-1__1_.csv,Word2Vec-GaleShapley-v1,Retenu,62.27,82.57,48.59,55.55,39.92,,,Skills: 82.6% | Experience: 48.6% | Education: 55.5% | Location: 39.9%,2026-05-07 19:23:29
78,cv_2,job-1__1_.csv,Word2Vec-GaleShapley-v1,Retenu,60.26,89.33,38.05,50.72,32.45,,,Skills: 89.3% | Experience: 38.0% | Education: 50.7% | Location: 32.5%,2026-05-07 19:23:29
78,cv_3,job-1__1_.csv,Word2Vec-GaleShapley-v1,A evaluer,56.26,88.96,26.49,50.93,25.81,,,Skills: 89.0% | Experience: 26.5% | Education: 50.9% | Location: 25.8%,2026-05-07 19:23:29
78,cv_4,job-1__1_.csv,Word2Vec-GaleShapley-v1,A evaluer,53.75,83.39,29.33,37.87,36.59,,,Skills: 83.4% | Experience: 29.3% | Education: 37.9% | Location: 36.6%,2026-05-07 19:23:29
78,cv_5,job-1__1_.csv,Word2Vec-GaleShapley-v1,Ecarté,21.31,23.36,25.53,0.0,37.2,,,Skills: 23.4% | Experience: 25.5% | Education: 0.0% | Location: 37.2%,2026-05-07 19:23:29
79,cv_1,job-1__1_.csv,Word2Vec-GaleShapley-v1,Retenu,66.73,87.69,30.28,94.64,34.36,,,Skills: 87.7% | Experience: 30.3% | Education: 94.6% | Location: 34.4%,2026-05-07 19:23:29
79,cv_2,job-1__1_.csv,Word2Vec-GaleShapley-v1,Retenu,66.48,88.82,27.34,93.46,36.17,,,Skills: 88.8% | Experience: 27.3% | Education: 93.5% | Location: 36.2%,2026-05-07 19:23:29
79,cv_3,job-1__1_.csv,Word2Vec-GaleShapley-v1,A evaluer,46.94,66.95,50.67,11.31,34.85,,,Skills: 67.0% | Experience: 50.7% | Education: 11.3% | Location: 34.9%,2026-05-07 19:23:29
79,cv_4,job-1__1_.csv,Word2Vec-GaleShapley-v1,A evaluer,51.07,75.28,18.86,54.52,35.58,,,Skills: 75.3% | Experience: 18.9% | Education: 54.5% | Location: 35.6%,2026-05-07 19:23:29
79,cv_5,job-1__1_.csv,Word2Vec-GaleShapley-v1,Ecarté,24.62,31.68,21.2,6.96,35.03,,,Skills: 31.7% | Experience: 21.2% | Education: 7.0% | Location: 35.0%,2026-05-07 19:23:29
80,cv_1,job-1__1_.csv,Word2Vec-GaleShapley-v1,A evaluer,55.43,89.53,9.88,47.24,51.3,,,Skills: 89.5% | Experience: 9.9% | Education: 47.2% | Location: 51.3%,2026-05-07 19:23:29
80,cv_2,job-1__1_.csv,Word2Vec-GaleShapley-v1,Retenu,62.62,79.04,43.59,70.42,40.18,,,Skills: 79.0% | Experience: 43.6% | Education: 70.4% | Location: 40.2%,2026-05-07 19:23:29
80,cv_3,job-1__1_.csv,Word2Vec-GaleShapley-v1,A evaluer,52.01,74.52,20.8,62.23,30.37,,,Skills: 74.5% | Experience: 20.8% | Education: 62.2% | Location: 30.4%,2026-05-07 19:23:29
80,cv_4,job-1__1_.csv,Word2Vec-GaleShapley-v1,A evaluer,41.64,66.59,21.12,24.82,31.72,,,Skills: 66.6% | Experience: 21.1% | Education: 24.8% | Location: 31.7%,2026-05-07 19:23:29
80,cv_5,job-1__1_.csv,Word2Vec-GaleShapley-v1,Ecarté,31.23,59.52,15.15,0.0,24.23,,,Skills: 59.5% | Experience: 15.2% | Education: 0.0% | Location: 24.2%,2026-05-07 19:23:29
81,cv_1,job-1__1_.csv,Word2Vec-GaleShapley-v1,Retenu,64.43,74.76,52.33,75.2,42.67,,,Skills: 74.8% | Experience: 52.3% | Education: 75.2% | Location: 42.7%,2026-05-07 19:23:29
81,cv_2,job-1__1_.csv,Word2Vec-GaleShapley-v1,A evaluer,51.07,71.64,12.6,81.52,19.74,,,Skills: 71.6% | Experience: 12.6% | Education: 81.5% | Location: 19.7%,2026-05-07 19:23:29
81,cv_3,job-1__1_.csv,Word2Vec-GaleShapley-v1,A evaluer,53.73,75.4,14.67,78.21,28.4,,,Skills: 75.4% | Experience: 14.7% | Education: 78.2% | Location: 28.4%,2026-05-07 19:23:29
81,cv_4,job-1__1_.csv,Word2Vec-GaleShapley-v1,A evaluer,41.99,63.49,14.44,41.61,31.05,,,Skills: 63.5% | Experience: 14.4% | Education: 41.6% | Location: 31.1%,2026-05-07 19:23:29
81,cv_5,job-1__1_.csv,Word2Vec-GaleShapley-v1,Ecarté,24.13,47.94,3.15,0.0,27.75,,,Skills: 47.9% | Experience: 3.1% | Education: 0.0% | Location: 27.8%,2026-05-07 19:23:29
82,cv_1,job-1__1_.csv,Word2Vec-GaleShapley-v1,Retenu,64.24,93.48,21.89,90.03,22.44,,,Skills: 93.5% | Experience: 21.9% | Education: 90.0% | Location: 22.4%,2026-05-07 19:23:29
82,cv_2,job-1__1_.csv,Word2Vec-GaleShapley-v1,Ecarté,31.17,61.02,0.0,25.35,11.3,,,Skills: 61.0% | Experience: 0.0% | Education: 25.4% | Location: 11.3%,2026-05-07 19:23:29
82,cv_3,job-1__1_.csv,Word2Vec-GaleShapley-v1,Ecarté,28.44,52.98,0.0,31.1,6.85,,,Skills: 53.0% | Experience: 0.0% | Education: 31.1% | Location: 6.8%,2026-05-07 19:23:29
82,cv_4,job-1__1_.csv,Word2Vec-GaleShapley-v1,Ecarté,16.84,31.85,0.58,12.44,9.75,,,Skills: 31.9% | Experience: 0.6% | Education: 12.4% | Location: 9.8%,2026-05-07 19:23:29
82,cv_5,job-1__1_.csv,Word2Vec-GaleShapley-v1,Ecarté,1.24,0.0,0.0,0.0,8.24,,,Skills: 0.0% | Experience: 0.0% | Education: 0.0% | Location: 8.2%,2026-05-07 19:23:29
83,cv_1,job-1__1_.csv,Word2Vec-GaleShapley-v1,Ecarté,19.32,24.69,9.56,35.25,0.0,,,Skills: 24.7% | Experience: 9.6% | Education: 35.2% | Location: 0.0%,2026-05-07 19:23:29
83,cv_2,job-1__1_.csv,Word2Vec-GaleShapley-v1,A evaluer,55.32,65.04,50.8,67.4,20.85,,,Skills: 65.0% | Experience: 50.8% | Education: 67.4% | Location: 20.9%,2026-05-07 19:23:29
83,cv_3,job-1__1_.csv,Word2Vec-GaleShapley-v1,A evaluer,45.14,81.31,0.0,48.95,18.82,,,Skills: 81.3% | Experience: 0.0% | Education: 49.0% | Location: 18.8%,2026-05-07 19:23:29
83,cv_4,job-1__1_.csv,Word2Vec-GaleShapley-v1,Ecarté,35.74,73.06,0.0,25.85,8.98,,,Skills: 73.1% | Experience: 0.0% | Education: 25.9% | Location: 9.0%,2026-05-07 19:23:29
83,cv_5,job-1__1_.csv,Word2Vec-GaleShapley-v1,Ecarté,11.13,20.19,0.0,0.0,20.38,,,Skills: 20.2% | Experience: 0.0% | Education: 0.0% | Location: 20.4%,2026-05-07 19:23:29
84,cv_1,job-1__1_.csv,Word2Vec-GaleShapley-v1,Retenu,66.77,83.48,46.52,89.71,25.34,,,Skills: 83.5% | Experience: 46.5% | Education: 89.7% | Location: 25.3%,2026-05-07 19:23:29
84,cv_2,job-1__1_.csv,Word2Vec-GaleShapley-v1,A evaluer,44.43,66.98,31.89,40.06,11.05,,,Skills: 67.0% | Experience: 31.9% | Education: 40.1% | Location: 11.1%,2026-05-07 19:23:29
84,cv_3,job-1__1_.csv,Word2Vec-GaleShapley-v1,A evaluer,52.0,61.24,27.72,88.84,18.69,,,Skills: 61.2% | Experience: 27.7% | Education: 88.8% | Location: 18.7%,2026-05-07 19:23:29
84,cv_4,job-1__1_.csv,Word2Vec-GaleShapley-v1,A evaluer,41.45,56.04,18.52,57.68,19.1,,,Skills: 56.0% | Experience: 18.5% | Education: 57.7% | Location: 19.1%,2026-05-07 19:23:29
84,cv_5,job-1__1_.csv,Word2Vec-GaleShapley-v1,Ecarté,19.05,32.34,12.19,0.0,20.47,,,Skills: 32.3% | Experience: 12.2% | Education: 0.0% | Location: 20.5%,2026-05-07 19:23:29
85,cv_1,job-1__1_.csv,Word2Vec-GaleShapley-v1,Ecarté,31.69,58.47,0.0,41.51,0.0,,,Skills: 58.5% | Experience: 0.0% | Education: 41.5% | Location: 0.0%,2026-05-07 19:23:29
85,cv_2,job-1__1_.csv,Word2Vec-GaleShapley-v1,A evaluer,45.16,59.24,25.68,49.53,34.24,,,Skills: 59.2% | Experience: 25.7% | Education: 49.5% | Location: 34.2%,2026-05-07 19:23:29
85,cv_3,job-1__1_.csv,Word2Vec-GaleShapley-v1,Ecarté,23.72,46.94,0.0,24.7,0.0,,,Skills: 46.9% | Experience: 0.0% | Education: 24.7% | Location: 0.0%,2026-05-07 19:23:29
85,cv_4,job-1__1_.csv,Word2Vec-GaleShapley-v1,A evaluer,43.97,82.09,16.4,19.7,20.65,,,Skills: 82.1% | Experience: 16.4% | Education: 19.7% | Location: 20.6%,2026-05-07 19:23:29
85,cv_5,job-1__1_.csv,Word2Vec-GaleShapley-v1,Ecarté,12.14,12.14,7.94,0.0,35.31,,,Skills: 12.1% | Experience: 7.9% | Education: 0.0% | Location: 35.3%,2026-05-07 19:23:29
86,cv_1,job-1__1_.csv,Word2Vec-GaleShapley-v1,A evaluer,55.57,70.9,44.6,52.68,36.84,,,Skills: 70.9% | Experience: 44.6% | Education: 52.7% | Location: 36.8%,2026-05-07 19:23:29
86,cv_2,job-1__1_.csv,Word2Vec-GaleShapley-v1,A evaluer,52.74,87.66,20.93,39.67,30.08,,,Skills: 87.7% | Experience: 20.9% | Education: 39.7% | Location: 30.1%,2026-05-07 19:23:29
86,cv_3,job-1__1_.csv,Word2Vec-GaleShapley-v1,A evaluer,58.54,72.36,56.09,47.98,39.85,,,Skills: 72.4% | Experience: 56.1% | Education: 48.0% | Location: 39.9%,2026-05-07 19:23:29
86,cv_4,job-1__1_.csv,Word2Vec-GaleShapley-v1,Ecarté,27.88,31.88,16.8,35.61,25.38,,,Skills: 31.9% | Experience: 16.8% | Education: 35.6% | Location: 25.4%,2026-05-07 19:23:29
86,cv_5,job-1__1_.csv,Word2Vec-GaleShapley-v1,Ecarté,30.2,58.07,8.71,0.0,31.97,,,Skills: 58.1% | Experience: 8.7% | Education: 0.0% | Location: 32.0%,2026-05-07 19:23:29
87,cv_1,job-1__1_.csv,Word2Vec-GaleShapley-v1,A evaluer,50.54,94.55,23.3,12.44,29.41,,,Skills: 94.5% | Experience: 23.3% | Education: 12.4% | Location: 29.4%,2026-05-07 19:23:29
87,cv_2,job-1__1_.csv,Word2Vec-GaleShapley-v1,Ecarté,33.86,71.62,0.0,12.57,18.0,,,Skills: 71.6% | Experience: 0.0% | Education: 12.6% | Location: 18.0%,2026-05-07 19:23:29
87,cv_3,job-1__1_.csv,Word2Vec-GaleShapley-v1,Ecarté,25.93,60.38,0.0,8.9,0.0,,,Skills: 60.4% | Experience: 0.0% | Education: 8.9% | Location: 0.0%,2026-05-07 19:23:29
87,cv_4,job-1__1_.csv,Word2Vec-GaleShapley-v1,A evaluer,48.17,69.31,13.85,64.44,27.3,,,Skills: 69.3% | Experience: 13.8% | Education: 64.4% | Location: 27.3%,2026-05-07 19:23:29
87,cv_5,job-1__1_.csv,Word2Vec-GaleShapley-v1,Ecarté,33.06,70.15,6.26,0.0,22.91,,,Skills: 70.2% | Experience: 6.3% | Education: 0.0% | Location: 22.9%,2026-05-07 19:23:29
88,cv_1,job-1__1_.csv,Word2Vec-GaleShapley-v1,Retenu,66.71,85.63,60.86,57.77,37.93,,,Skills: 85.6% | Experience: 60.9% | Education: 57.8% | Location: 37.9%,2026-05-07 19:23:29
88,cv_2,job-1__1_.csv,Word2Vec-GaleShapley-v1,A evaluer,41.36,73.44,12.52,25.89,24.48,,,Skills: 73.4% | Experience: 12.5% | Education: 25.9% | Location: 24.5%,2026-05-07 19:23:29
88,cv_3,job-1__1_.csv,Word2Vec-GaleShapley-v1,Ecarté,35.35,42.27,19.13,43.24,33.43,,,Skills: 42.3% | Experience: 19.1% | Education: 43.2% | Location: 33.4%,2026-05-07 19:23:29
88,cv_4,job-1__1_.csv,Word2Vec-GaleShapley-v1,A evaluer,52.86,67.72,35.65,55.99,37.75,,,Skills: 67.7% | Experience: 35.6% | Education: 56.0% | Location: 37.8%,2026-05-07 19:23:29
88,cv_5,job-1__1_.csv,Word2Vec-GaleShapley-v1,Ecarté,34.24,39.52,22.37,36.47,37.0,,,Skills: 39.5% | Experience: 22.4% | Education: 36.5% | Location: 37.0%,2026-05-07 19:23:29
89,cv_1,job-1__1_.csv,Word2Vec-GaleShapley-v1,Retenu,69.37,91.42,73.47,40.86,41.73,,,Skills: 91.4% | Experience: 73.5% | Education: 40.9% | Location: 41.7%,2026-05-07 19:23:29
89,cv_2,job-1__1_.csv,Word2Vec-GaleShapley-v1,A evaluer,46.28,59.93,47.92,18.47,44.24,,,Skills: 59.9% | Experience: 47.9% | Education: 18.5% | Location: 44.2%,2026-05-07 19:23:29
89,cv_3,job-1__1_.csv,Word2Vec-GaleShapley-v1,A evaluer,55.47,68.15,39.76,61.85,39.33,,,Skills: 68.2% | Experience: 39.8% | Education: 61.9% | Location: 39.3%,2026-05-07 19:23:29
89,cv_4,job-1__1_.csv,Word2Vec-GaleShapley-v1,Retenu,61.22,69.57,32.78,95.6,40.48,,,Skills: 69.6% | Experience: 32.8% | Education: 95.6% | Location: 40.5%,2026-05-07 19:23:29
89,cv_5,job-1__1_.csv,Word2Vec-GaleShapley-v1,Ecarté,32.2,52.88,22.94,0.0,35.44,,,Skills: 52.9% | Experience: 22.9% | Education: 0.0% | Location: 35.4%,2026-05-07 19:23:29
90,cv_1,job-1__1_.csv,Word2Vec-GaleShapley-v1,Ecarté,38.29,77.23,13.87,19.67,0.0,,,Skills: 77.2% | Experience: 13.9% | Education: 19.7% | Location: 0.0%,2026-05-07 19:23:29
90,cv_2,job-1__1_.csv,Word2Vec-GaleShapley-v1,A evaluer,41.73,76.24,12.53,24.27,21.66,,,Skills: 76.2% | Experience: 12.5% | Education: 24.3% | Location: 21.7%,2026-05-07 19:23:29
90,cv_3,job-1__1_.csv,Word2Vec-GaleShapley-v1,Ecarté,34.06,41.32,15.63,44.61,31.37,,,Skills: 41.3% | Experience: 15.6% | Education: 44.6% | Location: 31.4%,2026-05-07 19:23:29
90,cv_4,job-1__1_.csv,Word2Vec-GaleShapley-v1,Ecarté,21.28,17.97,18.47,23.64,31.62,,,Skills: 18.0% | Experience: 18.5% | Education: 23.6% | Location: 31.6%,2026-05-07 19:23:29
90,cv_5,job-1__1_.csv,Word2Vec-GaleShapley-v1,Ecarté,17.78,30.88,2.01,0.0,32.84,,,Skills: 30.9% | Experience: 2.0% | Education: 0.0% | Location: 32.8%,2026-05-07 19:23:29
91,cv_1,job-1__1_.csv,Word2Vec-GaleShapley-v1,Retenu,68.66,81.13,47.92,89.84,41.74,,,Skills: 81.1% | Experience: 47.9% | Education: 89.8% | Location: 41.7%,2026-05-07 19:23:29
91,cv_2,job-1__1_.csv,Word2Vec-GaleShapley-v1,A evaluer,57.36,91.15,22.61,63.81,16.55,,,Skills: 91.2% | Experience: 22.6% | Education: 63.8% | Location: 16.6%,2026-05-07 19:23:29
91,cv_3,job-1__1_.csv,Word2Vec-GaleShapley-v1,Retenu,61.62,69.86,48.43,90.27,23.43,,,Skills: 69.9% | Experience: 48.4% | Education: 90.3% | Location: 23.4%,2026-05-07 19:23:29
91,cv_4,job-1__1_.csv,Word2Vec-GaleShapley-v1,A evaluer,48.76,85.83,17.62,50.09,0.0,,,Skills: 85.8% | Experience: 17.6% | Education: 50.1% | Location: 0.0%,2026-05-07 19:23:29
91,cv_5,job-1__1_.csv,Word2Vec-GaleShapley-v1,Ecarté,19.51,35.02,5.06,0.0,28.26,,,Skills: 35.0% | Experience: 5.1% | Education: 0.0% | Location: 28.3%,2026-05-07 19:23:29
92,cv_1,job-1__1_.csv,Word2Vec-GaleShapley-v1,A evaluer,56.63,78.99,45.19,45.0,31.6,,,Skills: 79.0% | Experience: 45.2% | Education: 45.0% | Location: 31.6%,2026-05-07 19:23:29
92,cv_2,job-1__1_.csv,Word2Vec-GaleShapley-v1,A evaluer,52.45,54.86,66.44,47.33,29.53,,,Skills: 54.9% | Experience: 66.4% | Education: 47.3% | Location: 29.5%,2026-05-07 19:23:29
92,cv_3,job-1__1_.csv,Word2Vec-GaleShapley-v1,Ecarté,26.55,57.14,0.0,7.21,15.04,,,Skills: 57.1% | Experience: 0.0% | Education: 7.2% | Location: 15.0%,2026-05-07 19:23:29
92,cv_4,job-1__1_.csv,Word2Vec-GaleShapley-v1,Ecarté,32.4,62.3,7.08,12.44,21.5,,,Skills: 62.3% | Experience: 7.1% | Education: 12.4% | Location: 21.5%,2026-05-07 19:23:29
92,cv_5,job-1__1_.csv,Word2Vec-GaleShapley-v1,Ecarté,38.45,80.67,10.41,0.0,23.88,,,Skills: 80.7% | Experience: 10.4% | Education: 0.0% | Location: 23.9%,2026-05-07 19:23:29
93,cv_1,job-1__1_.csv,Word2Vec-GaleShapley-v1,Retenu,61.4,92.69,55.82,30.19,28.85,,,Skills: 92.7% | Experience: 55.8% | Education: 30.2% | Location: 28.9%,2026-05-07 19:23:29
93,cv_2,job-1__1_.csv,Word2Vec-GaleShapley-v1,A evaluer,53.09,93.55,25.79,22.79,31.12,,,Skills: 93.5% | Experience: 25.8% | Education: 22.8% | Location: 31.1%,2026-05-07 19:23:29
93,cv_3,job-1__1_.csv,Word2Vec-GaleShapley-v1,A evaluer,56.42,90.83,52.22,17.28,23.86,,,Skills: 90.8% | Experience: 52.2% | Education: 17.3% | Location: 23.9%,2026-05-07 19:23:29
93,cv_4,job-1__1_.csv,Word2Vec-GaleShapley-v1,A evaluer,41.18,71.51,7.19,14.77,52.15,,,Skills: 71.5% | Experience: 7.2% | Education: 14.8% | Location: 52.1%,2026-05-07 19:23:29
93,cv_5,job-1__1_.csv,Word2Vec-GaleShapley-v1,Ecarté,20.68,26.92,22.22,0.0,29.08,,,Skills: 26.9% | Experience: 22.2% | Education: 0.0% | Location: 29.1%,2026-05-07 19:23:29
94,cv_1,job-1__1_.csv,Word2Vec-GaleShapley-v1,A evaluer,54.46,86.53,46.16,5.95,47.47,,,Skills: 86.5% | Experience: 46.2% | Education: 6.0% | Location: 47.5%,2026-05-07 19:23:29
94,cv_2,job-1__1_.csv,Word2Vec-GaleShapley-v1,A evaluer,40.48,45.41,33.81,41.81,36.7,,,Skills: 45.4% | Experience: 33.8% | Education: 41.8% | Location: 36.7%,2026-05-07 19:23:29
94,cv_3,job-1__1_.csv,Word2Vec-GaleShapley-v1,Ecarté,37.21,46.64,42.58,14.43,33.46,,,Skills: 46.6% | Experience: 42.6% | Education: 14.4% | Location: 33.5%,2026-05-07 19:23:29
94,cv_4,job-1__1_.csv,Word2Vec-GaleShapley-v1,Ecarté,35.5,55.76,16.36,23.21,29.76,,,Skills: 55.8% | Experience: 16.4% | Education: 23.2% | Location: 29.8%,2026-05-07 19:23:29
94,cv_5,job-1__1_.csv,Word2Vec-GaleShapley-v1,Ecarté,22.33,31.15,18.86,0.0,34.34,,,Skills: 31.1% | Experience: 18.9% | Education: 0.0% | Location: 34.3%,2026-05-07 19:23:29
95,cv_1,job-1__1_.csv,Word2Vec-GaleShapley-v1,Retenu,61.69,91.54,43.94,47.48,30.62,,,Skills: 91.5% | Experience: 43.9% | Education: 47.5% | Location: 30.6%,2026-05-07 19:23:29
95,cv_2,job-1__1_.csv,Word2Vec-GaleShapley-v1,Retenu,63.89,88.32,30.42,85.65,25.54,,,Skills: 88.3% | Experience: 30.4% | Education: 85.7% | Location: 25.5%,2026-05-07 19:23:29
95,cv_3,job-1__1_.csv,Word2Vec-GaleShapley-v1,A evaluer,48.58,75.83,0.4,89.09,2.17,,,Skills: 75.8% | Experience: 0.4% | Education: 89.1% | Location: 2.2%,2026-05-07 19:23:29
95,cv_4,job-1__1_.csv,Word2Vec-GaleShapley-v1,A evaluer,44.91,48.99,35.99,69.68,15.89,,,Skills: 49.0% | Experience: 36.0% | Education: 69.7% | Location: 15.9%,2026-05-07 19:23:29
95,cv_5,job-1__1_.csv,Word2Vec-GaleShapley-v1,Ecarté,31.12,59.9,16.97,0.0,19.46,,,Skills: 59.9% | Experience: 17.0% | Education: 0.0% | Location: 19.5%,2026-05-07 19:23:29
96,cv_1,job-1__1_.csv,Word2Vec-GaleShapley-v1,Retenu,63.57,75.24,50.23,79.97,32.79,,,Skills: 75.2% | Experience: 50.2% | Education: 80.0% | Location: 32.8%,2026-05-07 19:23:29
96,cv_2,job-1__1_.csv,Word2Vec-GaleShapley-v1,A evaluer,55.11,79.74,13.22,86.35,17.57,,,Skills: 79.7% | Experience: 13.2% | Education: 86.3% | Location: 17.6%,2026-05-07 19:23:29
96,cv_3,job-1__1_.csv,Word2Vec-GaleShapley-v1,A evaluer,47.72,72.71,12.75,49.47,37.0,,,Skills: 72.7% | Experience: 12.8% | Education: 49.5% | Location: 37.0%,2026-05-07 19:23:29
96,cv_4,job-1__1_.csv,Word2Vec-GaleShapley-v1,A evaluer,41.91,77.78,14.16,31.22,6.74,,,Skills: 77.8% | Experience: 14.2% | Education: 31.2% | Location: 6.7%,2026-05-07 19:23:29
96,cv_5,job-1__1_.csv,Word2Vec-GaleShapley-v1,Ecarté,18.5,39.47,0.0,0.0,18.1,,,Skills: 39.5% | Experience: 0.0% | Education: 0.0% | Location: 18.1%,2026-05-07 19:23:29
97,cv_1,job-1__1_.csv,Word2Vec-GaleShapley-v1,Retenu,70.48,88.66,46.33,90.67,35.34,,,Skills: 88.7% | Experience: 46.3% | Education: 90.7% | Location: 35.3%,2026-05-07 19:23:29
97,cv_2,job-1__1_.csv,Word2Vec-GaleShapley-v1,A evaluer,44.47,63.29,5.28,59.77,39.19,,,Skills: 63.3% | Experience: 5.3% | Education: 59.8% | Location: 39.2%,2026-05-07 19:23:29
97,cv_3,job-1__1_.csv,Word2Vec-GaleShapley-v1,A evaluer,48.12,78.62,5.38,55.01,28.84,,,Skills: 78.6% | Experience: 5.4% | Education: 55.0% | Location: 28.8%,2026-05-07 19:23:29
97,cv_4,job-1__1_.csv,Word2Vec-GaleShapley-v1,A evaluer,45.26,91.97,0.0,42.34,0.0,,,Skills: 92.0% | Experience: 0.0% | Education: 42.3% | Location: 0.0%,2026-05-07 19:23:29
97,cv_5,job-1__1_.csv,Word2Vec-GaleShapley-v1,Ecarté,16.03,31.93,0.0,0.0,21.72,,,Skills: 31.9% | Experience: 0.0% | Education: 0.0% | Location: 21.7%,2026-05-07 19:23:29
98,cv_1,job-1__1_.csv,Word2Vec-GaleShapley-v1,Retenu,72.61,85.3,86.05,56.04,38.45,,,Skills: 85.3% | Experience: 86.0% | Education: 56.0% | Location: 38.5%,2026-05-07 19:23:29
98,cv_2,job-1__1_.csv,Word2Vec-GaleShapley-v1,A evaluer,51.23,85.2,14.36,57.22,14.11,,,Skills: 85.2% | Experience: 14.4% | Education: 57.2% | Location: 14.1%,2026-05-07 19:23:29
98,cv_3,job-1__1_.csv,Word2Vec-GaleShapley-v1,A evaluer,47.19,77.51,2.59,53.74,31.91,,,Skills: 77.5% | Experience: 2.6% | Education: 53.7% | Location: 31.9%,2026-05-07 19:23:29
98,cv_4,job-1__1_.csv,Word2Vec-GaleShapley-v1,Ecarté,37.98,53.73,22.93,34.65,25.53,,,Skills: 53.7% | Experience: 22.9% | Education: 34.6% | Location: 25.5%,2026-05-07 19:23:29
98,cv_5,job-1__1_.csv,Word2Vec-GaleShapley-v1,Ecarté,20.27,25.3,18.84,0.0,36.27,,,Skills: 25.3% | Experience: 18.8% | Education: 0.0% | Location: 36.3%,2026-05-07 19:23:29
99,cv_1,job-1__1_.csv,Word2Vec-GaleShapley-v1,Retenu,62.11,72.4,49.85,69.74,44.92,,,Skills: 72.4% | Experience: 49.9% | Education: 69.7% | Location: 44.9%,2026-05-07 19:23:29
99,cv_2,job-1__1_.csv,Word2Vec-GaleShapley-v1,A evaluer,58.25,53.35,72.58,67.4,35.21,,,Skills: 53.4% | Experience: 72.6% | Education: 67.4% | Location: 35.2%,2026-05-07 19:23:29
99,cv_3,job-1__1_.csv,Word2Vec-GaleShapley-v1,A evaluer,46.17,73.81,12.06,41.61,35.37,,,Skills: 73.8% | Experience: 12.1% | Education: 41.6% | Location: 35.4%,2026-05-07 19:23:29
99,cv_4,job-1__1_.csv,Word2Vec-GaleShapley-v1,Ecarté,36.95,59.04,0.0,50.8,21.16,,,Skills: 59.0% | Experience: 0.0% | Education: 50.8% | Location: 21.2%,2026-05-07 19:23:29
99,cv_5,job-1__1_.csv,Word2Vec-GaleShapley-v1,Ecarté,23.42,41.44,7.84,0.0,32.58,,,Skills: 41.4% | Experience: 7.8% | Education: 0.0% | Location: 32.6%,2026-05-07 19:23:29
100,cv_1,job-1__1_.csv,Word2Vec-GaleShapley-v1,A evaluer,53.98,79.22,32.37,50.51,27.29,,,Skills: 79.2% | Experience: 32.4% | Education: 50.5% | Location: 27.3%,2026-05-07 19:23:29
100,cv_2,job-1__1_.csv,Word2Vec-GaleShapley-v1,Ecarté,35.68,48.21,15.36,37.44,33.8,,,Skills: 48.2% | Experience: 15.4% | Education: 37.4% | Location: 33.8%,2026-05-07 19:23:29
100,cv_3,job-1__1_.csv,Word2Vec-GaleShapley-v1,Ecarté,22.52,19.98,19.44,48.33,0.0,,,Skills: 20.0% | Experience: 19.4% | Education: 48.3% | Location: 0.0%,2026-05-07 19:23:29
100,cv_4,job-1__1_.csv,Word2Vec-GaleShapley-v1,Ecarté,38.36,62.61,14.2,36.07,17.03,,,Skills: 62.6% | Experience: 14.2% | Education: 36.1% | Location: 17.0%,2026-05-07 19:23:29
100,cv_5,job-1__1_.csv,Word2Vec-GaleShapley-v1,Ecarté,12.43,20.83,0.0,0.0,27.33,,,Skills: 20.8% | Experience: 0.0% | Education: 0.0% | Location: 27.3%,2026-05-07 19:23:29
101,cv_1,job-1__1_.csv,Word2Vec-GaleShapley-v1,Retenu,69.84,82.03,76.16,55.02,46.58,,,Skills: 82.0% | Experience: 76.2% | Education: 55.0% | Location: 46.6%,2026-05-07 19:23:29
101,cv_2,job-1__1_.csv,Word2Vec-GaleShapley-v1,A evaluer,52.33,88.76,0.0,47.39,48.99,,,Skills: 88.8% | Experience: 0.0% | Education: 47.4% | Location: 49.0%,2026-05-07 19:23:29
101,cv_3,job-1__1_.csv,Word2Vec-GaleShapley-v1,A evaluer,46.27,92.04,0.0,20.65,35.48,,,Skills: 92.0% | Experience: 0.0% | Education: 20.6% | Location: 35.5%,2026-05-07 19:23:29
101,cv_4,job-1__1_.csv,Word2Vec-GaleShapley-v1,A evaluer,43.39,69.16,0.0,45.25,44.49,,,Skills: 69.2% | Experience: 0.0% | Education: 45.2% | Location: 44.5%,2026-05-07 19:23:29
101,cv_5,job-1__1_.csv,Word2Vec-GaleShapley-v1,Ecarté,17.79,28.62,0.0,0.0,42.25,,,Skills: 28.6% | Experience: 0.0% | Education: 0.0% | Location: 42.2%,2026-05-07 19:23:29
102,cv_1,job-1__1_.csv,Word2Vec-GaleShapley-v1,Retenu,68.3,92.84,60.21,49.57,41.33,,,Skills: 92.8% | Experience: 60.2% | Education: 49.6% | Location: 41.3%,2026-05-07 19:23:29
102,cv_2,job-1__1_.csv,Word2Vec-GaleShapley-v1,Ecarté,32.03,55.6,18.94,15.8,12.65,,,Skills: 55.6% | Experience: 18.9% | Education: 15.8% | Location: 12.7%,2026-05-07 19:23:29
102,cv_3,job-1__1_.csv,Word2Vec-GaleShapley-v1,Ecarté,32.03,55.6,18.94,15.8,12.65,,,Skills: 55.6% | Experience: 18.9% | Education: 15.8% | Location: 12.7%,2026-05-07 19:23:30
102,cv_4,job-1__1_.csv,Word2Vec-GaleShapley-v1,Ecarté,31.38,52.99,1.03,30.72,25.23,,,Skills: 53.0% | Experience: 1.0% | Education: 30.7% | Location: 25.2%,2026-05-07 19:23:30
102,cv_5,job-1__1_.csv,Word2Vec-GaleShapley-v1,Ecarté,4.16,0.6,0.0,0.0,26.15,,,Skills: 0.6% | Experience: 0.0% | Education: 0.0% | Location: 26.1%,2026-05-07 19:23:30
103,cv_1,job-1__1_.csv,Word2Vec-GaleShapley-v1,A evaluer,48.85,86.57,27.45,10.35,35.24,,,Skills: 86.6% | Experience: 27.4% | Education: 10.3% | Location: 35.2%,2026-05-07 19:23:30
103,cv_2,job-1__1_.csv,Word2Vec-GaleShapley-v1,A evaluer,49.37,82.01,6.54,61.54,17.51,,,Skills: 82.0% | Experience: 6.5% | Education: 61.5% | Location: 17.5%,2026-05-07 19:23:30
103,cv_3,job-1__1_.csv,Word2Vec-GaleShapley-v1,A evaluer,44.9,78.52,0.0,52.83,19.52,,,Skills: 78.5% | Experience: 0.0% | Education: 52.8% | Location: 19.5%,2026-05-07 19:23:30
103,cv_4,job-1__1_.csv,Word2Vec-GaleShapley-v1,Ecarté,36.43,59.79,0.0,45.25,23.12,,,Skills: 59.8% | Experience: 0.0% | Education: 45.2% | Location: 23.1%,2026-05-07 19:23:30
103,cv_5,job-1__1_.csv,Word2Vec-GaleShapley-v1,Ecarté,14.76,27.16,0.0,0.0,25.94,,,Skills: 27.2% | Experience: 0.0% | Education: 0.0% | Location: 25.9%,2026-05-07 19:23:30
104,cv_1,job-1__1_.csv,Word2Vec-GaleShapley-v1,Retenu,68.37,99.27,21.43,96.54,26.64,,,Skills: 99.3% | Experience: 21.4% | Education: 96.5% | Location: 26.6%,2026-05-07 19:23:30
104,cv_2,job-1__1_.csv,Word2Vec-GaleShapley-v1,Ecarté,26.76,45.29,12.86,8.24,25.18,,,Skills: 45.3% | Experience: 12.9% | Education: 8.2% | Location: 25.2%,2026-05-07 19:23:30
104,cv_3,job-1__1_.csv,Word2Vec-GaleShapley-v1,Ecarté,35.1,75.07,0.0,12.57,17.06,,,Skills: 75.1% | Experience: 0.0% | Education: 12.6% | Location: 17.1%,2026-05-07 19:23:30
104,cv_4,job-1__1_.csv,Word2Vec-GaleShapley-v1,A evaluer,41.8,36.34,14.4,100.0,24.4,,,Skills: 36.3% | Experience: 14.4% | Education: 100.0% | Location: 24.4%,2026-05-07 19:23:30
104,cv_5,job-1__1_.csv,Word2Vec-GaleShapley-v1,Ecarté,5.24,3.57,0.0,0.0,25.4,,,Skills: 3.6% | Experience: 0.0% | Education: 0.0% | Location: 25.4%,2026-05-07 19:23:30
105,cv_1,job-1__1_.csv,Word2Vec-GaleShapley-v1,A evaluer,48.96,94.63,0.0,21.12,45.9,,,Skills: 94.6% | Experience: 0.0% | Education: 21.1% | Location: 45.9%,2026-05-07 19:23:30
105,cv_2,job-1__1_.csv,Word2Vec-GaleShapley-v1,Ecarté,31.11,51.79,0.0,27.05,33.24,,,Skills: 51.8% | Experience: 0.0% | Education: 27.1% | Location: 33.2%,2026-05-07 19:23:30
105,cv_3,job-1__1_.csv,Word2Vec-GaleShapley-v1,A evaluer,48.82,42.55,83.54,34.84,26.29,,,Skills: 42.5% | Experience: 83.5% | Education: 34.8% | Location: 26.3%,2026-05-07 19:23:30
105,cv_4,job-1__1_.csv,Word2Vec-GaleShapley-v1,Ecarté,36.5,70.73,0.0,26.26,19.69,,,Skills: 70.7% | Experience: 0.0% | Education: 26.3% | Location: 19.7%,2026-05-07 19:23:30
105,cv_5,job-1__1_.csv,Word2Vec-GaleShapley-v1,Ecarté,31.18,70.15,0.0,0.0,20.81,,,Skills: 70.2% | Experience: 0.0% | Education: 0.0% | Location: 20.8%,2026-05-07 19:23:30
106,cv_1,job-1__1_.csv,Word2Vec-GaleShapley-v1,Retenu,60.16,81.24,34.65,65.62,39.16,,,Skills: 81.2% | Experience: 34.6% | Education: 65.6% | Location: 39.2%,2026-05-07 19:23:30
106,cv_2,job-1__1_.csv,Word2Vec-GaleShapley-v1,A evaluer,55.73,82.59,9.48,85.13,21.97,,,Skills: 82.6% | Experience: 9.5% | Education: 85.1% | Location: 22.0%,2026-05-07 19:23:30
106,cv_3,job-1__1_.csv,Word2Vec-GaleShapley-v1,A evaluer,51.2,90.23,0.0,57.35,24.26,,,Skills: 90.2% | Experience: 0.0% | Education: 57.4% | Location: 24.3%,2026-05-07 19:23:30
106,cv_4,job-1__1_.csv,Word2Vec-GaleShapley-v1,Ecarté,35.73,63.11,0.0,28.24,32.28,,,Skills: 63.1% | Experience: 0.0% | Education: 28.2% | Location: 32.3%,2026-05-07 19:23:30
106,cv_5,job-1__1_.csv,Word2Vec-GaleShapley-v1,Ecarté,23.04,47.47,0.0,0.0,27.02,,,Skills: 47.5% | Experience: 0.0% | Education: 0.0% | Location: 27.0%,2026-05-07 19:23:30
107,cv_1,job-1__1_.csv,Word2Vec-GaleShapley-v1,A evaluer,56.72,93.83,48.23,18.21,23.25,,,Skills: 93.8% | Experience: 48.2% | Education: 18.2% | Location: 23.2%,2026-05-07 19:23:30
107,cv_2,job-1__1_.csv,Word2Vec-GaleShapley-v1,A evaluer,45.37,93.33,0.0,24.61,20.8,,,Skills: 93.3% | Experience: 0.0% | Education: 24.6% | Location: 20.8%,2026-05-07 19:23:30
107,cv_3,job-1__1_.csv,Word2Vec-GaleShapley-v1,A evaluer,48.37,91.72,14.29,19.12,28.56,,,Skills: 91.7% | Experience: 14.3% | Education: 19.1% | Location: 28.6%,2026-05-07 19:23:30
107,cv_4,job-1__1_.csv,Word2Vec-GaleShapley-v1,Ecarté,36.49,69.35,0.0,21.45,29.71,,,Skills: 69.3% | Experience: 0.0% | Education: 21.4% | Location: 29.7%,2026-05-07 19:23:30
107,cv_5,job-1__1_.csv,Word2Vec-GaleShapley-v1,Ecarté,15.03,25.31,0.0,0.0,32.72,,,Skills: 25.3% | Experience: 0.0% | Education: 0.0% | Location: 32.7%,2026-05-07 19:23:30
108,cv_1,job-1__1_.csv,Word2Vec-GaleShapley-v1,A evaluer,45.01,96.13,0.0,10.0,30.38,,,Skills: 96.1% | Experience: 0.0% | Education: 10.0% | Location: 30.4%,2026-05-07 19:23:30
108,cv_2,job-1__1_.csv,Word2Vec-GaleShapley-v1,Ecarté,34.35,51.59,26.59,24.02,15.05,,,Skills: 51.6% | Experience: 26.6% | Education: 24.0% | Location: 15.1%,2026-05-07 19:23:30
108,cv_3,job-1__1_.csv,Word2Vec-GaleShapley-v1,Ecarté,39.13,73.45,24.28,2.8,20.78,,,Skills: 73.5% | Experience: 24.3% | Education: 2.8% | Location: 20.8%,2026-05-07 19:23:30
108,cv_4,job-1__1_.csv,Word2Vec-GaleShapley-v1,Ecarté,22.74,47.06,0.0,7.72,15.81,,,Skills: 47.1% | Experience: 0.0% | Education: 7.7% | Location: 15.8%,2026-05-07 19:23:30
108,cv_5,job-1__1_.csv,Word2Vec-GaleShapley-v1,Ecarté,34.76,78.05,0.0,0.0,23.62,,,Skills: 78.0% | Experience: 0.0% | Education: 0.0% | Location: 23.6%,2026-05-07 19:23:30
109,cv_1,job-1__1_.csv,Word2Vec-GaleShapley-v1,Retenu,75.31,91.79,66.28,90.03,26.81,,,Skills: 91.8% | Experience: 66.3% | Education: 90.0% | Location: 26.8%,2026-05-07 19:23:30
109,cv_2,job-1__1_.csv,Word2Vec-GaleShapley-v1,Ecarté,33.97,74.6,6.52,8.52,5.31,,,Skills: 74.6% | Experience: 6.5% | Education: 8.5% | Location: 5.3%,2026-05-07 19:23:30
109,cv_3,job-1__1_.csv,Word2Vec-GaleShapley-v1,Ecarté,36.1,82.22,0.0,12.57,4.64,,,Skills: 82.2% | Experience: 0.0% | Education: 12.6% | Location: 4.6%,2026-05-07 19:23:30
109,cv_4,job-1__1_.csv,Word2Vec-GaleShapley-v1,A evaluer,53.44,76.81,16.89,80.17,16.37,,,Skills: 76.8% | Experience: 16.9% | Education: 80.2% | Location: 16.4%,2026-05-07 19:23:30
109,cv_5,job-1__1_.csv,Word2Vec-GaleShapley-v1,Ecarté,6.77,12.82,0.0,0.0,10.97,,,Skills: 12.8% | Experience: 0.0% | Education: 0.0% | Location: 11.0%,2026-05-07 19:23:30
110,cv_1,job-1__1_.csv,Word2Vec-GaleShapley-v1,Retenu,62.75,68.43,53.16,88.95,28.63,,,Skills: 68.4% | Experience: 53.2% | Education: 89.0% | Location: 28.6%,2026-05-07 19:23:30
110,cv_2,job-1__1_.csv,Word2Vec-GaleShapley-v1,A evaluer,53.89,64.33,32.02,85.9,19.8,,,Skills: 64.3% | Experience: 32.0% | Education: 85.9% | Location: 19.8%,2026-05-07 19:23:30
110,cv_3,job-1__1_.csv,Word2Vec-GaleShapley-v1,Ecarté,16.79,12.34,0.0,45.65,18.14,,,Skills: 12.3% | Experience: 0.0% | Education: 45.6% | Location: 18.1%,2026-05-07 19:23:30
110,cv_4,job-1__1_.csv,Word2Vec-GaleShapley-v1,Ecarté,28.45,38.86,8.26,37.32,22.49,,,Skills: 38.9% | Experience: 8.3% | Education: 37.3% | Location: 22.5%,2026-05-07 19:23:30
110,cv_5,job-1__1_.csv,Word2Vec-GaleShapley-v1,Ecarté,8.67,12.34,0.0,0.0,24.88,,,Skills: 12.3% | Experience: 0.0% | Education: 0.0% | Location: 24.9%,2026-05-07 19:23:30
111,cv_1,job-1__1_.csv,Word2Vec-GaleShapley-v1,Retenu,60.03,71.87,36.99,86.79,31.18,,,Skills: 71.9% | Experience: 37.0% | Education: 86.8% | Location: 31.2%,2026-05-07 19:23:30
111,cv_2,job-1__1_.csv,Word2Vec-GaleShapley-v1,A evaluer,41.89,68.13,11.62,45.07,18.15,,,Skills: 68.1% | Experience: 11.6% | Education: 45.1% | Location: 18.1%,2026-05-07 19:23:30
111,cv_3,job-1__1_.csv,Word2Vec-GaleShapley-v1,Ecarté,39.43,72.1,0.0,43.44,12.67,,,Skills: 72.1% | Experience: 0.0% | Education: 43.4% | Location: 12.7%,2026-05-07 19:23:30
111,cv_4,job-1__1_.csv,Word2Vec-GaleShapley-v1,A evaluer,40.86,57.41,22.34,38.01,31.41,,,Skills: 57.4% | Experience: 22.3% | Education: 38.0% | Location: 31.4%,2026-05-07 19:23:30
111,cv_5,job-1__1_.csv,Word2Vec-GaleShapley-v1,Ecarté,9.11,18.79,0.0,0.0,10.62,,,Skills: 18.8% | Experience: 0.0% | Education: 0.0% | Location: 10.6%,2026-05-07 19:23:30
112,cv_1,job-1__1_.csv,Word2Vec-GaleShapley-v1,Ecarté,32.23,70.57,0.0,20.03,0.0,,,Skills: 70.6% | Experience: 0.0% | Education: 20.0% | Location: 0.0%,2026-05-07 19:23:30
112,cv_2,job-1__1_.csv,Word2Vec-GaleShapley-v1,A evaluer,50.53,71.93,28.31,49.1,32.38,,,Skills: 71.9% | Experience: 28.3% | Education: 49.1% | Location: 32.4%,2026-05-07 19:23:30
112,cv_3,job-1__1_.csv,Word2Vec-GaleShapley-v1,A evaluer,42.54,83.94,19.93,19.92,0.0,,,Skills: 83.9% | Experience: 19.9% | Education: 19.9% | Location: 0.0%,2026-05-07 19:23:30
112,cv_4,job-1__1_.csv,Word2Vec-GaleShapley-v1,Ecarté,13.99,12.79,10.28,5.99,34.01,,,Skills: 12.8% | Experience: 10.3% | Education: 6.0% | Location: 34.0%,2026-05-07 19:23:30
112,cv_5,job-1__1_.csv,Word2Vec-GaleShapley-v1,Ecarté,18.25,30.89,0.0,0.0,39.31,,,Skills: 30.9% | Experience: 0.0% | Education: 0.0% | Location: 39.3%,2026-05-07 19:23:30
113,cv_1,job-1__1_.csv,Word2Vec-GaleShapley-v1,Retenu,68.1,77.5,62.36,82.82,33.0,,,Skills: 77.5% | Experience: 62.4% | Education: 82.8% | Location: 33.0%,2026-05-07 19:23:30
113,cv_2,job-1__1_.csv,Word2Vec-GaleShapley-v1,Retenu,63.37,90.32,41.54,69.91,19.18,,,Skills: 90.3% | Experience: 41.5% | Education: 69.9% | Location: 19.2%,2026-05-07 19:23:30
113,cv_3,job-1__1_.csv,Word2Vec-GaleShapley-v1,A evaluer,41.72,63.92,0.0,53.95,35.75,,,Skills: 63.9% | Experience: 0.0% | Education: 54.0% | Location: 35.8%,2026-05-07 19:23:30
113,cv_4,job-1__1_.csv,Word2Vec-GaleShapley-v1,A evaluer,48.9,78.82,0.0,68.86,24.02,,,Skills: 78.8% | Experience: 0.0% | Education: 68.9% | Location: 24.0%,2026-05-07 19:23:30
113,cv_5,job-1__1_.csv,Word2Vec-GaleShapley-v1,Ecarté,10.81,20.24,0.0,0.0,18.12,,,Skills: 20.2% | Experience: 0.0% | Education: 0.0% | Location: 18.1%,2026-05-07 19:23:30
114,cv_1,job-1__1_.csv,Word2Vec-GaleShapley-v1,Retenu,61.7,65.97,85.41,43.46,35.13,,,Skills: 66.0% | Experience: 85.4% | Education: 43.5% | Location: 35.1%,2026-05-07 19:23:30
114,cv_2,job-1__1_.csv,Word2Vec-GaleShapley-v1,A evaluer,59.36,77.0,50.58,53.46,34.82,,,Skills: 77.0% | Experience: 50.6% | Education: 53.5% | Location: 34.8%,2026-05-07 19:23:30
114,cv_3,job-1__1_.csv,Word2Vec-GaleShapley-v1,A evaluer,42.79,82.98,0.0,24.74,31.02,,,Skills: 83.0% | Experience: 0.0% | Education: 24.7% | Location: 31.0%,2026-05-07 19:23:30
114,cv_4,job-1__1_.csv,Word2Vec-GaleShapley-v1,A evaluer,42.08,83.87,5.72,12.97,30.07,,,Skills: 83.9% | Experience: 5.7% | Education: 13.0% | Location: 30.1%,2026-05-07 19:23:30
114,cv_5,job-1__1_.csv,Word2Vec-GaleShapley-v1,Ecarté,19.69,38.55,0.0,0.0,28.45,,,Skills: 38.5% | Experience: 0.0% | Education: 0.0% | Location: 28.4%,2026-05-07 19:23:30
115,cv_1,job-1__1_.csv,Word2Vec-GaleShapley-v1,Ecarté,34.36,57.4,0.0,35.17,29.08,,,Skills: 57.4% | Experience: 0.0% | Education: 35.2% | Location: 29.1%,2026-05-07 19:23:30
115,cv_2,job-1__1_.csv,Word2Vec-GaleShapley-v1,Ecarté,38.19,66.31,13.62,23.56,23.67,,,Skills: 66.3% | Experience: 13.6% | Education: 23.6% | Location: 23.7%,2026-05-07 19:23:30
115,cv_3,job-1__1_.csv,Word2Vec-GaleShapley-v1,Ecarté,38.19,66.31,13.62,23.56,23.67,,,Skills: 66.3% | Experience: 13.6% | Education: 23.6% | Location: 23.7%,2026-05-07 19:23:30
115,cv_4,job-1__1_.csv,Word2Vec-GaleShapley-v1,A evaluer,42.0,55.01,0.0,75.58,32.5,,,Skills: 55.0% | Experience: 0.0% | Education: 75.6% | Location: 32.5%,2026-05-07 19:23:30
115,cv_5,job-1__1_.csv,Word2Vec-GaleShapley-v1,Ecarté,26.58,31.45,0.0,46.44,31.38,,,Skills: 31.4% | Experience: 0.0% | Education: 46.4% | Location: 31.4%,2026-05-07 19:23:30
116,cv_1,job-1__1_.csv,Word2Vec-GaleShapley-v1,Retenu,68.16,82.59,65.88,58.02,47.02,,,Skills: 82.6% | Experience: 65.9% | Education: 58.0% | Location: 47.0%,2026-05-07 19:23:30
116,cv_2,job-1__1_.csv,Word2Vec-GaleShapley-v1,A evaluer,52.47,75.37,0.0,77.01,46.13,,,Skills: 75.4% | Experience: 0.0% | Education: 77.0% | Location: 46.1%,2026-05-07 19:23:30
116,cv_3,job-1__1_.csv,Word2Vec-GaleShapley-v1,A evaluer,55.61,94.69,0.0,65.04,31.51,,,Skills: 94.7% | Experience: 0.0% | Education: 65.0% | Location: 31.5%,2026-05-07 19:23:30
116,cv_4,job-1__1_.csv,Word2Vec-GaleShapley-v1,A evaluer,40.33,47.81,32.08,42.69,31.0,,,Skills: 47.8% | Experience: 32.1% | Education: 42.7% | Location: 31.0%,2026-05-07 19:23:30
116,cv_5,job-1__1_.csv,Word2Vec-GaleShapley-v1,Ecarté,31.36,63.23,0.0,0.0,40.42,,,Skills: 63.2% | Experience: 0.0% | Education: 0.0% | Location: 40.4%,2026-05-07 19:23:30
117,cv_1,job-1__1_.csv,Word2Vec-GaleShapley-v1,Ecarté,31.84,40.01,41.5,5.47,29.12,,,Skills: 40.0% | Experience: 41.5% | Education: 5.5% | Location: 29.1%,2026-05-07 19:23:30
117,cv_2,job-1__1_.csv,Word2Vec-GaleShapley-v1,Ecarté,31.56,65.3,0.0,8.42,25.07,,,Skills: 65.3% | Experience: 0.0% | Education: 8.4% | Location: 25.1%,2026-05-07 19:23:30
117,cv_3,job-1__1_.csv,Word2Vec-GaleShapley-v1,A evaluer,41.55,53.52,45.18,13.31,41.25,,,Skills: 53.5% | Experience: 45.2% | Education: 13.3% | Location: 41.2%,2026-05-07 19:23:30
117,cv_4,job-1__1_.csv,Word2Vec-GaleShapley-v1,Ecarté,15.29,18.48,0.0,7.2,43.04,,,Skills: 18.5% | Experience: 0.0% | Education: 7.2% | Location: 43.0%,2026-05-07 19:23:30
117,cv_5,job-1__1_.csv,Word2Vec-GaleShapley-v1,Ecarté,24.62,41.92,0.0,6.96,43.04,,,Skills: 41.9% | Experience: 0.0% | Education: 7.0% | Location: 43.0%,2026-05-07 19:23:30
118,cv_1,job-1__1_.csv,Word2Vec-GaleShapley-v1,A evaluer,55.69,89.78,49.69,10.52,35.01,,,Skills: 89.8% | Experience: 49.7% | Education: 10.5% | Location: 35.0%,2026-05-07 19:23:30
118,cv_2,job-1__1_.csv,Word2Vec-GaleShapley-v1,Ecarté,25.27,29.36,0.0,43.06,32.74,,,Skills: 29.4% | Experience: 0.0% | Education: 43.1% | Location: 32.7%,2026-05-07 19:23:30
118,cv_3,job-1__1_.csv,Word2Vec-GaleShapley-v1,Ecarté,30.55,12.58,38.5,52.36,36.12,,,Skills: 12.6% | Experience: 38.5% | Education: 52.4% | Location: 36.1%,2026-05-07 19:23:30
118,cv_4,job-1__1_.csv,Word2Vec-GaleShapley-v1,Ecarté,20.34,18.57,19.15,24.81,21.06,,,Skills: 18.6% | Experience: 19.1% | Education: 24.8% | Location: 21.1%,2026-05-07 19:23:30
118,cv_5,job-1__1_.csv,Word2Vec-GaleShapley-v1,A evaluer,44.13,100.0,0.0,0.0,27.54,,,Skills: 100.0% | Experience: 0.0% | Education: 0.0% | Location: 27.5%,2026-05-07 19:23:30
119,cv_1,job-1__1_.csv,Word2Vec-GaleShapley-v1,Retenu,67.85,91.27,28.11,90.6,41.27,,,Skills: 91.3% | Experience: 28.1% | Education: 90.6% | Location: 41.3%,2026-05-07 19:23:30
119,cv_2,job-1__1_.csv,Word2Vec-GaleShapley-v1,A evaluer,47.45,65.0,24.97,49.94,34.78,,,Skills: 65.0% | Experience: 25.0% | Education: 49.9% | Location: 34.8%,2026-05-07 19:23:30
119,cv_3,job-1__1_.csv,Word2Vec-GaleShapley-v1,A evaluer,50.68,74.54,0.0,87.76,22.09,,,Skills: 74.5% | Experience: 0.0% | Education: 87.8% | Location: 22.1%,2026-05-07 19:23:30
119,cv_4,job-1__1_.csv,Word2Vec-GaleShapley-v1,Ecarté,36.88,51.88,4.64,55.41,25.9,,,Skills: 51.9% | Experience: 4.6% | Education: 55.4% | Location: 25.9%,2026-05-07 19:23:30
119,cv_5,job-1__1_.csv,Word2Vec-GaleShapley-v1,Ecarté,31.01,67.91,0.0,0.0,25.62,,,Skills: 67.9% | Experience: 0.0% | Education: 0.0% | Location: 25.6%,2026-05-07 19:23:30
120,cv_1,job-1__1_.csv,Word2Vec-GaleShapley-v1,Retenu,78.05,88.25,76.6,90.65,36.47,,,Skills: 88.2% | Experience: 76.6% | Education: 90.7% | Location: 36.5%,2026-05-07 19:23:30
120,cv_2,job-1__1_.csv,Word2Vec-GaleShapley-v1,A evaluer,47.14,70.08,0.3,78.62,22.04,,,Skills: 70.1% | Experience: 0.3% | Education: 78.6% | Location: 22.0%,2026-05-07 19:23:30
120,cv_3,job-1__1_.csv,Word2Vec-GaleShapley-v1,Ecarté,36.12,65.26,0.0,41.01,12.07,,,Skills: 65.3% | Experience: 0.0% | Education: 41.0% | Location: 12.1%,2026-05-07 19:23:30
120,cv_4,job-1__1_.csv,Word2Vec-GaleShapley-v1,Ecarté,35.91,55.2,0.0,48.23,27.86,,,Skills: 55.2% | Experience: 0.0% | Education: 48.2% | Location: 27.9%,2026-05-07 19:23:30
120,cv_5,job-1__1_.csv,Word2Vec-GaleShapley-v1,Ecarté,3.56,0.0,0.0,0.0,23.76,,,Skills: 0.0% | Experience: 0.0% | Education: 0.0% | Location: 23.8%,2026-05-07 19:23:30
121,cv_1,job-1__1_.csv,Word2Vec-GaleShapley-v1,Retenu,64.57,86.0,69.59,29.56,45.73,,,Skills: 86.0% | Experience: 69.6% | Education: 29.6% | Location: 45.7%,2026-05-07 19:23:30
121,cv_2,job-1__1_.csv,Word2Vec-GaleShapley-v1,A evaluer,51.83,74.21,22.21,74.75,10.95,,,Skills: 74.2% | Experience: 22.2% | Education: 74.8% | Location: 10.9%,2026-05-07 19:23:30
121,cv_3,job-1__1_.csv,Word2Vec-GaleShapley-v1,Ecarté,36.58,43.35,0.0,61.57,46.17,,,Skills: 43.4% | Experience: 0.0% | Education: 61.6% | Location: 46.2%,2026-05-07 19:23:30
121,cv_4,job-1__1_.csv,Word2Vec-GaleShapley-v1,Ecarté,24.07,26.52,0.0,31.55,47.71,,,Skills: 26.5% | Experience: 0.0% | Education: 31.6% | Location: 47.7%,2026-05-07 19:23:30
121,cv_5,job-1__1_.csv,Word2Vec-GaleShapley-v1,Ecarté,14.28,20.48,0.0,0.0,40.59,,,Skills: 20.5% | Experience: 0.0% | Education: 0.0% | Location: 40.6%,2026-05-07 19:23:30
122,cv_1,job-1__1_.csv,Word2Vec-GaleShapley-v1,Retenu,79.98,92.43,74.86,92.91,38.04,,,Skills: 92.4% | Experience: 74.9% | Education: 92.9% | Location: 38.0%,2026-05-07 19:23:30
122,cv_2,job-1__1_.csv,Word2Vec-GaleShapley-v1,Ecarté,32.24,59.83,0.0,17.87,31.53,,,Skills: 59.8% | Experience: 0.0% | Education: 17.9% | Location: 31.5%,2026-05-07 19:23:30
122,cv_3,job-1__1_.csv,Word2Vec-GaleShapley-v1,Ecarté,37.76,67.21,0.0,30.76,31.52,,,Skills: 67.2% | Experience: 0.0% | Education: 30.8% | Location: 31.5%,2026-05-07 19:23:30
122,cv_4,job-1__1_.csv,Word2Vec-GaleShapley-v1,Ecarté,24.8,50.62,12.43,7.21,0.0,,,Skills: 50.6% | Experience: 12.4% | Education: 7.2% | Location: 0.0%,2026-05-07 19:23:30
122,cv_5,job-1__1_.csv,Word2Vec-GaleShapley-v1,A evaluer,51.41,80.55,0.0,68.48,36.61,,,Skills: 80.5% | Experience: 0.0% | Education: 68.5% | Location: 36.6%,2026-05-07 19:23:30
123,cv_1,job-1__1_.csv,Word2Vec-GaleShapley-v1,Ecarté,30.32,44.92,0.0,44.84,22.59,,,Skills: 44.9% | Experience: 0.0% | Education: 44.8% | Location: 22.6%,2026-05-07 19:23:30
123,cv_2,job-1__1_.csv,Word2Vec-GaleShapley-v1,A evaluer,48.05,48.76,55.75,59.52,18.04,,,Skills: 48.8% | Experience: 55.8% | Education: 59.5% | Location: 18.0%,2026-05-07 19:23:30
123,cv_3,job-1__1_.csv,Word2Vec-GaleShapley-v1,A evaluer,46.53,40.07,44.47,80.85,21.46,,,Skills: 40.1% | Experience: 44.5% | Education: 80.8% | Location: 21.5%,2026-05-07 19:23:30
123,cv_4,job-1__1_.csv,Word2Vec-GaleShapley-v1,Ecarté,38.28,56.37,13.46,45.03,22.38,,,Skills: 56.4% | Experience: 13.5% | Education: 45.0% | Location: 22.4%,2026-05-07 19:23:30
123,cv_5,job-1__1_.csv,Word2Vec-GaleShapley-v1,Ecarté,37.83,59.13,16.57,50.18,0.0,,,Skills: 59.1% | Experience: 16.6% | Education: 50.2% | Location: 0.0%,2026-05-07 19:23:30
124,cv_1,job-1__1_.csv,Word2Vec-GaleShapley-v1,A evaluer,41.97,90.78,0.0,20.21,10.77,,,Skills: 90.8% | Experience: 0.0% | Education: 20.2% | Location: 10.8%,2026-05-07 19:23:30
124,cv_2,job-1__1_.csv,Word2Vec-GaleShapley-v1,A evaluer,47.65,54.36,41.92,50.97,34.86,,,Skills: 54.4% | Experience: 41.9% | Education: 51.0% | Location: 34.9%,2026-05-07 19:23:30
124,cv_3,job-1__1_.csv,Word2Vec-GaleShapley-v1,Ecarté,38.18,75.52,0.0,21.59,24.33,,,Skills: 75.5% | Experience: 0.0% | Education: 21.6% | Location: 24.3%,2026-05-07 19:23:30
124,cv_4,job-1__1_.csv,Word2Vec-GaleShapley-v1,Ecarté,34.28,64.92,17.53,4.64,20.0,,,Skills: 64.9% | Experience: 17.5% | Education: 4.6% | Location: 20.0%,2026-05-07 19:23:30
124,cv_5,job-1__1_.csv,Word2Vec-GaleShapley-v1,Ecarté,29.24,62.22,0.0,0.0,29.03,,,Skills: 62.2% | Experience: 0.0% | Education: 0.0% | Location: 29.0%,2026-05-07 19:23:30
125,cv_1,job-1__1_.csv,Word2Vec-GaleShapley-v1,A evaluer,45.29,27.51,36.69,96.73,38.44,,,Skills: 27.5% | Experience: 36.7% | Education: 96.7% | Location: 38.4%,2026-05-07 19:23:30
125,cv_2,job-1__1_.csv,Word2Vec-GaleShapley-v1,Ecarté,32.02,11.58,40.67,75.18,14.58,,,Skills: 11.6% | Experience: 40.7% | Education: 75.2% | Location: 14.6%,2026-05-07 19:23:30
125,cv_3,job-1__1_.csv,Word2Vec-GaleShapley-v1,Ecarté,23.07,19.0,0.0,59.17,24.22,,,Skills: 19.0% | Experience: 0.0% | Education: 59.2% | Location: 24.2%,2026-05-07 19:23:30
125,cv_4,job-1__1_.csv,Word2Vec-GaleShapley-v1,Ecarté,24.36,31.24,0.0,36.05,31.03,,,Skills: 31.2% | Experience: 0.0% | Education: 36.0% | Location: 31.0%,2026-05-07 19:23:30
125,cv_5,job-1__1_.csv,Word2Vec-GaleShapley-v1,Ecarté,16.12,0.0,0.0,55.32,33.72,,,Skills: 0.0% | Experience: 0.0% | Education: 55.3% | Location: 33.7%,2026-05-07 19:23:30
126,cv_1,job-1__1_.csv,Word2Vec-GaleShapley-v1,Retenu,65.12,81.42,77.42,43.05,30.57,,,Skills: 81.4% | Experience: 77.4% | Education: 43.0% | Location: 30.6%,2026-05-07 19:23:30
126,cv_2,job-1__1_.csv,Word2Vec-GaleShapley-v1,Ecarté,27.65,48.9,0.0,15.24,33.62,,,Skills: 48.9% | Experience: 0.0% | Education: 15.2% | Location: 33.6%,2026-05-07 19:23:30
126,cv_3,job-1__1_.csv,Word2Vec-GaleShapley-v1,Ecarté,19.06,32.12,0.0,14.33,22.28,,,Skills: 32.1% | Experience: 0.0% | Education: 14.3% | Location: 22.3%,2026-05-07 19:23:30
126,cv_4,job-1__1_.csv,Word2Vec-GaleShapley-v1,Ecarté,9.52,7.94,0.0,11.24,27.29,,,Skills: 7.9% | Experience: 0.0% | Education: 11.2% | Location: 27.3%,2026-05-07 19:23:30
126,cv_5,job-1__1_.csv,Word2Vec-GaleShapley-v1,Ecarté,37.19,82.7,0.0,0.0,27.41,,,Skills: 82.7% | Experience: 0.0% | Education: 0.0% | Location: 27.4%,2026-05-07 19:23:30
127,cv_1,job-1__1_.csv,Word2Vec-GaleShapley-v1,Retenu,70.35,92.79,43.03,97.13,20.35,,,Skills: 92.8% | Experience: 43.0% | Education: 97.1% | Location: 20.4%,2026-05-07 19:23:30
127,cv_2,job-1__1_.csv,Word2Vec-GaleShapley-v1,Ecarté,16.85,28.57,0.0,10.03,22.8,,,Skills: 28.6% | Experience: 0.0% | Education: 10.0% | Location: 22.8%,2026-05-07 19:23:30
127,cv_3,job-1__1_.csv,Word2Vec-GaleShapley-v1,A evaluer,45.94,90.09,0.0,26.48,30.73,,,Skills: 90.1% | Experience: 0.0% | Education: 26.5% | Location: 30.7%,2026-05-07 19:23:30
127,cv_4,job-1__1_.csv,Word2Vec-GaleShapley-v1,A evaluer,56.86,95.13,5.97,67.47,25.46,,,Skills: 95.1% | Experience: 6.0% | Education: 67.5% | Location: 25.5%,2026-05-07 19:23:30
127,cv_5,job-1__1_.csv,Word2Vec-GaleShapley-v1,Ecarté,15.46,28.57,0.0,0.0,26.9,,,Skills: 28.6% | Experience: 0.0% | Education: 0.0% | Location: 26.9%,2026-05-07 19:23:30
128,cv_1,job-1__1_.csv,Word2Vec-GaleShapley-v1,A evaluer,44.47,81.67,0.0,21.08,50.58,,,Skills: 81.7% | Experience: 0.0% | Education: 21.1% | Location: 50.6%,2026-05-07 19:23:30
128,cv_2,job-1__1_.csv,Word2Vec-GaleShapley-v1,A evaluer,43.78,78.22,9.25,29.07,29.1,,,Skills: 78.2% | Experience: 9.2% | Education: 29.1% | Location: 29.1%,2026-05-07 19:23:30
128,cv_3,job-1__1_.csv,Word2Vec-GaleShapley-v1,Ecarté,39.19,80.61,0.0,23.95,14.38,,,Skills: 80.6% | Experience: 0.0% | Education: 23.9% | Location: 14.4%,2026-05-07 19:23:30
128,cv_4,job-1__1_.csv,Word2Vec-GaleShapley-v1,Ecarté,39.08,73.47,0.0,19.91,38.05,,,Skills: 73.5% | Experience: 0.0% | Education: 19.9% | Location: 38.0%,2026-05-07 19:23:30
128,cv_5,job-1__1_.csv,Word2Vec-GaleShapley-v1,Ecarté,27.7,62.24,0.0,0.0,18.69,,,Skills: 62.2% | Experience: 0.0% | Education: 0.0% | Location: 18.7%,2026-05-07 19:23:30
129,cv_1,job-1__1_.csv,Word2Vec-GaleShapley-v1,A evaluer,42.02,72.84,0.0,48.77,20.86,,,Skills: 72.8% | Experience: 0.0% | Education: 48.8% | Location: 20.9%,2026-05-07 19:23:30
129,cv_2,job-1__1_.csv,Word2Vec-GaleShapley-v1,A evaluer,45.17,53.31,46.16,43.16,24.5,,,Skills: 53.3% | Experience: 46.2% | Education: 43.2% | Location: 24.5%,2026-05-07 19:23:30
129,cv_3,job-1__1_.csv,Word2Vec-GaleShapley-v1,A evaluer,53.86,71.37,49.56,50.3,19.11,,,Skills: 71.4% | Experience: 49.6% | Education: 50.3% | Location: 19.1%,2026-05-07 19:23:30
129,cv_4,job-1__1_.csv,Word2Vec-GaleShapley-v1,Ecarté,30.91,62.93,6.63,20.39,0.0,,,Skills: 62.9% | Experience: 6.6% | Education: 20.4% | Location: 0.0%,2026-05-07 19:23:31
129,cv_5,job-1__1_.csv,Word2Vec-GaleShapley-v1,Ecarté,20.19,27.41,0.0,28.5,23.5,,,Skills: 27.4% | Experience: 0.0% | Education: 28.5% | Location: 23.5%,2026-05-07 19:23:31
130,cv_1,job-1__1_.csv,Word2Vec-GaleShapley-v1,Retenu,63.14,75.31,60.4,64.31,33.71,,,Skills: 75.3% | Experience: 60.4% | Education: 64.3% | Location: 33.7%,2026-05-07 19:23:31
130,cv_2,job-1__1_.csv,Word2Vec-GaleShapley-v1,A evaluer,48.55,70.15,7.53,41.31,68.98,,,Skills: 70.2% | Experience: 7.5% | Education: 41.3% | Location: 69.0%,2026-05-07 19:23:31
130,cv_3,job-1__1_.csv,Word2Vec-GaleShapley-v1,Retenu,62.26,76.97,34.92,67.99,60.97,,,Skills: 77.0% | Experience: 34.9% | Education: 68.0% | Location: 61.0%,2026-05-07 19:23:31
130,cv_4,job-1__1_.csv,Word2Vec-GaleShapley-v1,Ecarté,29.66,39.44,0.0,32.15,49.69,,,Skills: 39.4% | Experience: 0.0% | Education: 32.1% | Location: 49.7%,2026-05-07 19:23:31
130,cv_5,job-1__1_.csv,Word2Vec-GaleShapley-v1,Ecarté,32.41,55.49,0.0,0.0,68.08,,,Skills: 55.5% | Experience: 0.0% | Education: 0.0% | Location: 68.1%,2026-05-07 19:23:31
131,cv_1,job-1__1_.csv,Word2Vec-GaleShapley-v1,A evaluer,59.5,76.58,35.16,81.29,25.46,,,Skills: 76.6% | Experience: 35.2% | Education: 81.3% | Location: 25.5%,2026-05-07 19:23:31
131,cv_2,job-1__1_.csv,Word2Vec-GaleShapley-v1,A evaluer,41.16,50.83,0.0,82.69,28.58,,,Skills: 50.8% | Experience: 0.0% | Education: 82.7% | Location: 28.6%,2026-05-07 19:23:31
131,cv_3,job-1__1_.csv,Word2Vec-GaleShapley-v1,A evaluer,45.84,54.2,43.98,56.45,12.5,,,Skills: 54.2% | Experience: 44.0% | Education: 56.5% | Location: 12.5%,2026-05-07 19:23:31
131,cv_4,job-1__1_.csv,Word2Vec-GaleShapley-v1,Ecarté,20.21,21.52,0.0,45.84,16.21,,,Skills: 21.5% | Experience: 0.0% | Education: 45.8% | Location: 16.2%,2026-05-07 19:23:31
131,cv_5,job-1__1_.csv,Word2Vec-GaleShapley-v1,Ecarté,4.0,2.94,0.0,0.0,18.85,,,Skills: 2.9% | Experience: 0.0% | Education: 0.0% | Location: 18.9%,2026-05-07 19:23:31
132,cv_1,job-1__1_.csv,Word2Vec-GaleShapley-v1,Ecarté,35.53,37.34,0.0,79.84,30.85,,,Skills: 37.3% | Experience: 0.0% | Education: 79.8% | Location: 30.9%,2026-05-07 19:23:31
132,cv_2,job-1__1_.csv,Word2Vec-GaleShapley-v1,Ecarté,19.36,0.33,30.0,47.32,15.1,,,Skills: 0.3% | Experience: 30.0% | Education: 47.3% | Location: 15.1%,2026-05-07 19:23:31
132,cv_3,job-1__1_.csv,Word2Vec-GaleShapley-v1,A evaluer,40.87,25.06,37.5,90.27,22.77,,,Skills: 25.1% | Experience: 37.5% | Education: 90.3% | Location: 22.8%,2026-05-07 19:23:31
132,cv_4,job-1__1_.csv,Word2Vec-GaleShapley-v1,Ecarté,19.27,11.62,6.99,49.26,20.18,,,Skills: 11.6% | Experience: 7.0% | Education: 49.3% | Location: 20.2%,2026-05-07 19:23:31
132,cv_5,job-1__1_.csv,Word2Vec-GaleShapley-v1,Ecarté,14.08,27.74,0.0,0.0,19.89,,,Skills: 27.7% | Experience: 0.0% | Education: 0.0% | Location: 19.9%,2026-05-07 19:23:31
133,cv_1,job-1__1_.csv,Word2Vec-GaleShapley-v1,Retenu,64.31,79.69,67.39,52.68,33.69,,,Skills: 79.7% | Experience: 67.4% | Education: 52.7% | Location: 33.7%,2026-05-07 19:23:31
133,cv_2,job-1__1_.csv,Word2Vec-GaleShapley-v1,Ecarté,36.05,53.38,0.0,59.2,19.05,,,Skills: 53.4% | Experience: 0.0% | Education: 59.2% | Location: 19.1%,2026-05-07 19:23:31
133,cv_3,job-1__1_.csv,Word2Vec-GaleShapley-v1,A evaluer,49.31,71.56,38.99,30.44,32.31,,,Skills: 71.6% | Experience: 39.0% | Education: 30.4% | Location: 32.3%,2026-05-07 19:23:31
133,cv_4,job-1__1_.csv,Word2Vec-GaleShapley-v1,Ecarté,36.08,63.93,0.0,40.7,15.77,,,Skills: 63.9% | Experience: 0.0% | Education: 40.7% | Location: 15.8%,2026-05-07 19:23:31
133,cv_5,job-1__1_.csv,Word2Vec-GaleShapley-v1,Ecarté,11.92,21.48,0.0,0.0,22.19,,,Skills: 21.5% | Experience: 0.0% | Education: 0.0% | Location: 22.2%,2026-05-07 19:23:31
134,cv_1,job-1__1_.csv,Word2Vec-GaleShapley-v1,A evaluer,48.22,89.34,28.77,17.94,11.33,,,Skills: 89.3% | Experience: 28.8% | Education: 17.9% | Location: 11.3%,2026-05-07 19:23:31
134,cv_2,job-1__1_.csv,Word2Vec-GaleShapley-v1,A evaluer,40.61,87.46,0.0,20.04,10.78,,,Skills: 87.5% | Experience: 0.0% | Education: 20.0% | Location: 10.8%,2026-05-07 19:23:31
134,cv_3,job-1__1_.csv,Word2Vec-GaleShapley-v1,A evaluer,54.22,82.97,14.52,73.92,17.48,,,Skills: 83.0% | Experience: 14.5% | Education: 73.9% | Location: 17.5%,2026-05-07 19:23:31
134,cv_4,job-1__1_.csv,Word2Vec-GaleShapley-v1,A evaluer,52.56,82.62,0.0,78.77,25.08,,,Skills: 82.6% | Experience: 0.0% | Education: 78.8% | Location: 25.1%,2026-05-07 19:23:31
134,cv_5,job-1__1_.csv,Word2Vec-GaleShapley-v1,Ecarté,20.59,43.04,0.0,0.0,22.52,,,Skills: 43.0% | Experience: 0.0% | Education: 0.0% | Location: 22.5%,2026-05-07 19:23:31
135,cv_1,job-1__1_.csv,Word2Vec-GaleShapley-v1,Retenu,61.47,88.49,65.54,11.31,49.53,,,Skills: 88.5% | Experience: 65.5% | Education: 11.3% | Location: 49.5%,2026-05-07 19:23:31
135,cv_2,job-1__1_.csv,Word2Vec-GaleShapley-v1,Ecarté,37.01,42.8,55.51,5.47,32.78,,,Skills: 42.8% | Experience: 55.5% | Education: 5.5% | Location: 32.8%,2026-05-07 19:23:31
135,cv_3,job-1__1_.csv,Word2Vec-GaleShapley-v1,A evaluer,45.11,90.84,0.0,7.58,48.36,,,Skills: 90.8% | Experience: 0.0% | Education: 7.6% | Location: 48.4%,2026-05-07 19:23:31
135,cv_4,job-1__1_.csv,Word2Vec-GaleShapley-v1,Retenu,63.67,87.84,11.31,93.46,46.76,,,Skills: 87.8% | Experience: 11.3% | Education: 93.5% | Location: 46.8%,2026-05-07 19:23:31
135,cv_5,job-1__1_.csv,Word2Vec-GaleShapley-v1,Ecarté,22.12,36.61,0.0,0.0,49.84,,,Skills: 36.6% | Experience: 0.0% | Education: 0.0% | Location: 49.8%,2026-05-07 19:23:31
136,cv_1,job-1__1_.csv,Word2Vec-GaleShapley-v1,A evaluer,51.42,87.55,0.0,55.55,35.27,,,Skills: 87.5% | Experience: 0.0% | Education: 55.5% | Location: 35.3%,2026-05-07 19:23:31
136,cv_2,job-1__1_.csv,Word2Vec-GaleShapley-v1,A evaluer,56.47,86.62,26.04,48.55,37.37,,,Skills: 86.6% | Experience: 26.0% | Education: 48.5% | Location: 37.4%,2026-05-07 19:23:31
136,cv_3,job-1__1_.csv,Word2Vec-GaleShapley-v1,Ecarté,35.03,52.83,2.03,37.44,39.36,,,Skills: 52.8% | Experience: 2.0% | Education: 37.4% | Location: 39.4%,2026-05-07 19:23:31
136,cv_4,job-1__1_.csv,Word2Vec-GaleShapley-v1,A evaluer,46.2,74.84,0.0,55.57,34.35,,,Skills: 74.8% | Experience: 0.0% | Education: 55.6% | Location: 34.4%,2026-05-07 19:23:31
136,cv_5,job-1__1_.csv,Word2Vec-GaleShapley-v1,Ecarté,11.51,17.2,0.0,0.0,30.86,,,Skills: 17.2% | Experience: 0.0% | Education: 0.0% | Location: 30.9%,2026-05-07 19:23:31
137,cv_1,job-1__1_.csv,Word2Vec-GaleShapley-v1,Retenu,65.34,80.62,38.75,92.78,32.29,,,Skills: 80.6% | Experience: 38.8% | Education: 92.8% | Location: 32.3%,2026-05-07 19:23:31
137,cv_2,job-1__1_.csv,Word2Vec-GaleShapley-v1,A evaluer,47.63,66.88,0.0,80.01,32.5,,,Skills: 66.9% | Experience: 0.0% | Education: 80.0% | Location: 32.5%,2026-05-07 19:23:31
137,cv_3,job-1__1_.csv,Word2Vec-GaleShapley-v1,A evaluer,42.91,73.38,5.14,45.62,20.99,,,Skills: 73.4% | Experience: 5.1% | Education: 45.6% | Location: 21.0%,2026-05-07 19:23:31
137,cv_4,job-1__1_.csv,Word2Vec-GaleShapley-v1,Ecarté,39.25,67.24,0.0,33.97,37.04,,,Skills: 67.2% | Experience: 0.0% | Education: 34.0% | Location: 37.0%,2026-05-07 19:23:31
137,cv_5,job-1__1_.csv,Word2Vec-GaleShapley-v1,Ecarté,16.85,33.35,0.0,0.0,23.42,,,Skills: 33.4% | Experience: 0.0% | Education: 0.0% | Location: 23.4%,2026-05-07 19:23:31
138,cv_1,job-1__1_.csv,Word2Vec-GaleShapley-v1,Ecarté,24.78,34.38,19.95,22.05,10.87,,,Skills: 34.4% | Experience: 19.9% | Education: 22.1% | Location: 10.9%,2026-05-07 19:23:31
138,cv_2,job-1__1_.csv,Word2Vec-GaleShapley-v1,A evaluer,52.2,73.44,38.89,46.81,24.9,,,Skills: 73.4% | Experience: 38.9% | Education: 46.8% | Location: 24.9%,2026-05-07 19:23:31
138,cv_3,job-1__1_.csv,Word2Vec-GaleShapley-v1,Ecarté,38.96,55.57,1.29,57.68,32.51,,,Skills: 55.6% | Experience: 1.3% | Education: 57.7% | Location: 32.5%,2026-05-07 19:23:31
138,cv_4,job-1__1_.csv,Word2Vec-GaleShapley-v1,Ecarté,36.8,63.16,0.0,41.5,21.58,,,Skills: 63.2% | Experience: 0.0% | Education: 41.5% | Location: 21.6%,2026-05-07 19:23:31
138,cv_5,job-1__1_.csv,Word2Vec-GaleShapley-v1,Ecarté,9.95,15.48,0.0,0.0,25.06,,,Skills: 15.5% | Experience: 0.0% | Education: 0.0% | Location: 25.1%,2026-05-07 19:23:31
139,cv_1,job-1__1_.csv,Word2Vec-GaleShapley-v1,Retenu,65.82,84.79,42.86,69.74,48.3,,,Skills: 84.8% | Experience: 42.9% | Education: 69.7% | Location: 48.3%,2026-05-07 19:23:31
139,cv_2,job-1__1_.csv,Word2Vec-GaleShapley-v1,Retenu,64.65,92.96,28.21,78.58,31.31,,,Skills: 93.0% | Experience: 28.2% | Education: 78.6% | Location: 31.3%,2026-05-07 19:23:31
139,cv_3,job-1__1_.csv,Word2Vec-GaleShapley-v1,A evaluer,42.24,63.29,0.0,47.96,48.9,,,Skills: 63.3% | Experience: 0.0% | Education: 48.0% | Location: 48.9%,2026-05-07 19:23:31
139,cv_4,job-1__1_.csv,Word2Vec-GaleShapley-v1,Ecarté,37.94,62.55,0.0,30.58,45.34,,,Skills: 62.5% | Experience: 0.0% | Education: 30.6% | Location: 45.3%,2026-05-07 19:23:31
139,cv_5,job-1__1_.csv,Word2Vec-GaleShapley-v1,Ecarté,15.71,22.83,0.0,0.0,43.84,,,Skills: 22.8% | Experience: 0.0% | Education: 0.0% | Location: 43.8%,2026-05-07 19:23:31
140,cv_1,job-1__1_.csv,Word2Vec-GaleShapley-v1,Retenu,67.69,98.07,24.37,96.54,20.42,,,Skills: 98.1% | Experience: 24.4% | Education: 96.5% | Location: 20.4%,2026-05-07 19:23:31
140,cv_2,job-1__1_.csv,Word2Vec-GaleShapley-v1,Ecarté,1.44,1.76,1.08,2.35,0.0,,,Skills: 1.8% | Experience: 1.1% | Education: 2.4% | Location: 0.0%,2026-05-07 19:23:31
140,cv_3,job-1__1_.csv,Word2Vec-GaleShapley-v1,A evaluer,40.3,40.62,14.34,88.23,18.78,,,Skills: 40.6% | Experience: 14.3% | Education: 88.2% | Location: 18.8%,2026-05-07 19:23:31
140,cv_4,job-1__1_.csv,Word2Vec-GaleShapley-v1,Retenu,60.49,65.49,58.84,87.69,13.64,,,Skills: 65.5% | Experience: 58.8% | Education: 87.7% | Location: 13.6%,2026-05-07 19:23:31
140,cv_5,job-1__1_.csv,Word2Vec-GaleShapley-v1,Ecarté,2.86,1.93,0.0,0.0,13.95,,,Skills: 1.9% | Experience: 0.0% | Education: 0.0% | Location: 13.9%,2026-05-07 19:23:31
141,cv_1,job-1__1_.csv,Word2Vec-GaleShapley-v1,Retenu,71.22,82.57,55.89,90.03,41.4,,,Skills: 82.6% | Experience: 55.9% | Education: 90.0% | Location: 41.4%,2026-05-07 19:23:31
141,cv_2,job-1__1_.csv,Word2Vec-GaleShapley-v1,A evaluer,45.38,87.52,15.61,8.24,32.17,,,Skills: 87.5% | Experience: 15.6% | Education: 8.2% | Location: 32.2%,2026-05-07 19:23:31
141,cv_3,job-1__1_.csv,Word2Vec-GaleShapley-v1,A evaluer,40.92,82.77,0.0,12.66,35.18,,,Skills: 82.8% | Experience: 0.0% | Education: 12.7% | Location: 35.2%,2026-05-07 19:23:31
141,cv_4,job-1__1_.csv,Word2Vec-GaleShapley-v1,Ecarté,36.67,55.5,0.0,68.63,4.97,,,Skills: 55.5% | Experience: 0.0% | Education: 68.6% | Location: 5.0%,2026-05-07 19:23:31
141,cv_5,job-1__1_.csv,Word2Vec-GaleShapley-v1,Ecarté,23.32,49.31,0.0,0.0,23.95,,,Skills: 49.3% | Experience: 0.0% | Education: 0.0% | Location: 23.9%,2026-05-07 19:23:31
142,cv_1,job-1__1_.csv,Word2Vec-GaleShapley-v1,A evaluer,47.91,87.38,0.0,36.26,38.05,,,Skills: 87.4% | Experience: 0.0% | Education: 36.3% | Location: 38.0%,2026-05-07 19:23:31
142,cv_2,job-1__1_.csv,Word2Vec-GaleShapley-v1,A evaluer,47.67,83.98,0.0,47.25,30.87,,,Skills: 84.0% | Experience: 0.0% | Education: 47.2% | Location: 30.9%,2026-05-07 19:23:31
142,cv_3,job-1__1_.csv,Word2Vec-GaleShapley-v1,A evaluer,51.65,90.84,33.61,4.79,39.71,,,Skills: 90.8% | Experience: 33.6% | Education: 4.8% | Location: 39.7%,2026-05-07 19:23:31
142,cv_4,job-1__1_.csv,Word2Vec-GaleShapley-v1,Ecarté,16.69,25.34,0.0,8.7,32.07,,,Skills: 25.3% | Experience: 0.0% | Education: 8.7% | Location: 32.1%,2026-05-07 19:23:31
142,cv_5,job-1__1_.csv,Word2Vec-GaleShapley-v1,Ecarté,12.08,17.07,0.0,0.0,35.01,,,Skills: 17.1% | Experience: 0.0% | Education: 0.0% | Location: 35.0%,2026-05-07 19:23:31
143,cv_1,job-1__1_.csv,Word2Vec-GaleShapley-v1,Retenu,75.86,93.49,60.55,88.65,37.32,,,Skills: 93.5% | Experience: 60.5% | Education: 88.7% | Location: 37.3%,2026-05-07 19:23:31
143,cv_2,job-1__1_.csv,Word2Vec-GaleShapley-v1,A evaluer,53.3,87.37,0.03,76.45,20.39,,,Skills: 87.4% | Experience: 0.0% | Education: 76.5% | Location: 20.4%,2026-05-07 19:23:31
143,cv_3,job-1__1_.csv,Word2Vec-GaleShapley-v1,A evaluer,44.11,86.79,0.0,37.1,13.19,,,Skills: 86.8% | Experience: 0.0% | Education: 37.1% | Location: 13.2%,2026-05-07 19:23:31
143,cv_4,job-1__1_.csv,Word2Vec-GaleShapley-v1,A evaluer,47.14,78.62,0.0,56.89,28.73,,,Skills: 78.6% | Experience: 0.0% | Education: 56.9% | Location: 28.7%,2026-05-07 19:23:31
143,cv_5,job-1__1_.csv,Word2Vec-GaleShapley-v1,Ecarté,11.41,17.98,0.0,0.0,28.15,,,Skills: 18.0% | Experience: 0.0% | Education: 0.0% | Location: 28.1%,2026-05-07 19:23:31
144,cv_1,job-1__1_.csv,Word2Vec-GaleShapley-v1,A evaluer,52.9,97.61,0.0,41.93,36.47,,,Skills: 97.6% | Experience: 0.0% | Education: 41.9% | Location: 36.5%,2026-05-07 19:23:31
144,cv_2,job-1__1_.csv,Word2Vec-GaleShapley-v1,A evaluer,48.85,84.36,0.0,48.08,36.6,,,Skills: 84.4% | Experience: 0.0% | Education: 48.1% | Location: 36.6%,2026-05-07 19:23:31
144,cv_3,job-1__1_.csv,Word2Vec-GaleShapley-v1,Ecarté,31.69,42.46,30.3,7.24,37.89,,,Skills: 42.5% | Experience: 30.3% | Education: 7.2% | Location: 37.9%,2026-05-07 19:23:31
144,cv_4,job-1__1_.csv,Word2Vec-GaleShapley-v1,Ecarté,25.25,25.22,0.0,48.84,35.94,,,Skills: 25.2% | Experience: 0.0% | Education: 48.8% | Location: 35.9%,2026-05-07 19:23:31
144,cv_5,job-1__1_.csv,Word2Vec-GaleShapley-v1,Ecarté,15.07,25.75,0.0,0.0,31.79,,,Skills: 25.8% | Experience: 0.0% | Education: 0.0% | Location: 31.8%,2026-05-07 19:23:31
145,cv_1,job-1__1_.csv,Word2Vec-GaleShapley-v1,Retenu,66.61,74.56,86.45,39.78,48.1,,,Skills: 74.6% | Experience: 86.5% | Education: 39.8% | Location: 48.1%,2026-05-07 19:23:31
145,cv_2,job-1__1_.csv,Word2Vec-GaleShapley-v1,Ecarté,33.03,61.29,0.0,22.7,26.47,,,Skills: 61.3% | Experience: 0.0% | Education: 22.7% | Location: 26.5%,2026-05-07 19:23:31
145,cv_3,job-1__1_.csv,Word2Vec-GaleShapley-v1,A evaluer,52.25,91.75,25.79,13.33,42.89,,,Skills: 91.8% | Experience: 25.8% | Education: 13.3% | Location: 42.9%,2026-05-07 19:23:31
145,cv_4,job-1__1_.csv,Word2Vec-GaleShapley-v1,A evaluer,43.94,77.02,22.99,17.37,26.1,,,Skills: 77.0% | Experience: 23.0% | Education: 17.4% | Location: 26.1%,2026-05-07 19:23:31
145,cv_5,job-1__1_.csv,Word2Vec-GaleShapley-v1,Ecarté,14.48,19.68,0.0,0.0,44.08,,,Skills: 19.7% | Experience: 0.0% | Education: 0.0% | Location: 44.1%,2026-05-07 19:23:31
146,cv_1,job-1__1_.csv,Word2Vec-GaleShapley-v1,A evaluer,43.17,26.19,37.55,92.79,31.67,,,Skills: 26.2% | Experience: 37.5% | Education: 92.8% | Location: 31.7%,2026-05-07 19:23:31
146,cv_2,job-1__1_.csv,Word2Vec-GaleShapley-v1,Ecarté,26.93,48.0,0.0,29.43,12.26,,,Skills: 48.0% | Experience: 0.0% | Education: 29.4% | Location: 12.3%,2026-05-07 19:23:31
146,cv_3,job-1__1_.csv,Word2Vec-GaleShapley-v1,Ecarté,28.45,19.69,0.0,84.64,24.3,,,Skills: 19.7% | Experience: 0.0% | Education: 84.6% | Location: 24.3%,2026-05-07 19:23:31
146,cv_4,job-1__1_.csv,Word2Vec-GaleShapley-v1,Ecarté,31.88,46.98,0.0,51.56,18.51,,,Skills: 47.0% | Experience: 0.0% | Education: 51.6% | Location: 18.5%,2026-05-07 19:23:31
146,cv_5,job-1__1_.csv,Word2Vec-GaleShapley-v1,Ecarté,3.51,0.0,0.0,0.0,23.43,,,Skills: 0.0% | Experience: 0.0% | Education: 0.0% | Location: 23.4%,2026-05-07 19:23:31
147,cv_1,job-1__1_.csv,Word2Vec-GaleShapley-v1,A evaluer,49.06,26.33,62.57,89.84,32.81,,,Skills: 26.3% | Experience: 62.6% | Education: 89.8% | Location: 32.8%,2026-05-07 19:23:31
147,cv_2,job-1__1_.csv,Word2Vec-GaleShapley-v1,Ecarté,15.62,4.2,0.0,53.02,22.26,,,Skills: 4.2% | Experience: 0.0% | Education: 53.0% | Location: 22.3%,2026-05-07 19:23:31
147,cv_3,job-1__1_.csv,Word2Vec-GaleShapley-v1,Ecarté,23.04,5.32,0.0,92.8,15.7,,,Skills: 5.3% | Experience: 0.0% | Education: 92.8% | Location: 15.7%,2026-05-07 19:23:31
147,cv_4,job-1__1_.csv,Word2Vec-GaleShapley-v1,Ecarté,19.2,15.87,11.22,45.6,6.19,,,Skills: 15.9% | Experience: 11.2% | Education: 45.6% | Location: 6.2%,2026-05-07 19:23:31
147,cv_5,job-1__1_.csv,Word2Vec-GaleShapley-v1,Ecarté,12.68,26.68,0.0,0.0,13.39,,,Skills: 26.7% | Experience: 0.0% | Education: 0.0% | Location: 13.4%,2026-05-07 19:23:31
148,cv_1,job-1__1_.csv,Word2Vec-GaleShapley-v1,Retenu,69.0,74.23,64.94,89.84,34.02,,,Skills: 74.2% | Experience: 64.9% | Education: 89.8% | Location: 34.0%,2026-05-07 19:23:31
148,cv_2,job-1__1_.csv,Word2Vec-GaleShapley-v1,A evaluer,48.11,88.21,0.0,44.09,26.69,,,Skills: 88.2% | Experience: 0.0% | Education: 44.1% | Location: 26.7%,2026-05-07 19:23:31
148,cv_3,job-1__1_.csv,Word2Vec-GaleShapley-v1,A evaluer,46.79,94.79,0.0,25.11,25.7,,,Skills: 94.8% | Experience: 0.0% | Education: 25.1% | Location: 25.7%,2026-05-07 19:23:31
148,cv_4,job-1__1_.csv,Word2Vec-GaleShapley-v1,Ecarté,36.72,64.66,0.0,42.62,15.56,,,Skills: 64.7% | Experience: 0.0% | Education: 42.6% | Location: 15.6%,2026-05-07 19:23:31
148,cv_5,job-1__1_.csv,Word2Vec-GaleShapley-v1,Ecarté,9.66,15.76,0.0,0.0,22.37,,,Skills: 15.8% | Experience: 0.0% | Education: 0.0% | Location: 22.4%,2026-05-07 19:23:31
149,cv_1,job-1__1_.csv,Word2Vec-GaleShapley-v1,A evaluer,58.02,85.86,36.36,47.87,33.42,,,Skills: 85.9% | Experience: 36.4% | Education: 47.9% | Location: 33.4%,2026-05-07 19:23:31
149,cv_2,job-1__1_.csv,Word2Vec-GaleShapley-v1,A evaluer,54.7,95.97,23.3,28.25,32.28,,,Skills: 96.0% | Experience: 23.3% | Education: 28.2% | Location: 32.3%,2026-05-07 19:23:31
149,cv_3,job-1__1_.csv,Word2Vec-GaleShapley-v1,A evaluer,51.49,92.03,38.29,13.22,16.4,,,Skills: 92.0% | Experience: 38.3% | Education: 13.2% | Location: 16.4%,2026-05-07 19:23:31
149,cv_4,job-1__1_.csv,Word2Vec-GaleShapley-v1,Ecarté,26.14,36.21,11.01,23.97,27.39,,,Skills: 36.2% | Experience: 11.0% | Education: 24.0% | Location: 27.4%,2026-05-07 19:23:31
149,cv_5,job-1__1_.csv,Word2Vec-GaleShapley-v1,Ecarté,14.01,24.89,0.0,0.0,27.05,,,Skills: 24.9% | Experience: 0.0% | Education: 0.0% | Location: 27.1%,2026-05-07 19:23:31
150,cv_1,job-1__1_.csv,Word2Vec-GaleShapley-v1,Retenu,63.96,66.26,48.18,98.45,38.15,,,Skills: 66.3% | Experience: 48.2% | Education: 98.5% | Location: 38.1%,2026-05-07 19:23:31
150,cv_2,job-1__1_.csv,Word2Vec-GaleShapley-v1,A evaluer,52.52,76.72,28.89,56.27,22.37,,,Skills: 76.7% | Experience: 28.9% | Education: 56.3% | Location: 22.4%,2026-05-07 19:23:31
150,cv_3,job-1__1_.csv,Word2Vec-GaleShapley-v1,Ecarté,38.64,52.53,4.97,71.68,13.69,,,Skills: 52.5% | Experience: 5.0% | Education: 71.7% | Location: 13.7%,2026-05-07 19:23:31
150,cv_4,job-1__1_.csv,Word2Vec-GaleShapley-v1,Ecarté,24.29,24.09,6.02,47.72,24.02,,,Skills: 24.1% | Experience: 6.0% | Education: 47.7% | Location: 24.0%,2026-05-07 19:23:31
150,cv_5,job-1__1_.csv,Word2Vec-GaleShapley-v1,Ecarté,12.84,21.64,0.0,0.0,27.91,,,Skills: 21.6% | Experience: 0.0% | Education: 0.0% | Location: 27.9%,2026-05-07 19:23:31
151,cv_1,job-1__1_.csv,Word2Vec-GaleShapley-v1,A evaluer,45.3,83.37,10.67,15.87,40.72,,,Skills: 83.4% | Experience: 10.7% | Education: 15.9% | Location: 40.7%,2026-05-07 19:23:31
151,cv_2,job-1__1_.csv,Word2Vec-GaleShapley-v1,A evaluer,57.05,86.37,11.67,84.35,18.11,,,Skills: 86.4% | Experience: 11.7% | Education: 84.3% | Location: 18.1%,2026-05-07 19:23:31
151,cv_3,job-1__1_.csv,Word2Vec-GaleShapley-v1,A evaluer,46.08,70.24,24.09,35.09,32.96,,,Skills: 70.2% | Experience: 24.1% | Education: 35.1% | Location: 33.0%,2026-05-07 19:23:31
151,cv_4,job-1__1_.csv,Word2Vec-GaleShapley-v1,Ecarté,34.72,60.79,0.0,32.11,26.53,,,Skills: 60.8% | Experience: 0.0% | Education: 32.1% | Location: 26.5%,2026-05-07 19:23:31
151,cv_5,job-1__1_.csv,Word2Vec-GaleShapley-v1,Ecarté,13.94,23.65,0.0,0.0,29.9,,,Skills: 23.6% | Experience: 0.0% | Education: 0.0% | Location: 29.9%,2026-05-07 19:23:31
152,cv_1,job-1__1_.csv,Word2Vec-GaleShapley-v1,A evaluer,50.31,87.09,0.0,48.71,38.21,,,Skills: 87.1% | Experience: 0.0% | Education: 48.7% | Location: 38.2%,2026-05-07 19:23:31
152,cv_2,job-1__1_.csv,Word2Vec-GaleShapley-v1,Ecarté,37.47,60.69,0.0,55.63,13.8,,,Skills: 60.7% | Experience: 0.0% | Education: 55.6% | Location: 13.8%,2026-05-07 19:23:31
152,cv_3,job-1__1_.csv,Word2Vec-GaleShapley-v1,Ecarté,37.81,67.22,0.0,47.93,8.93,,,Skills: 67.2% | Experience: 0.0% | Education: 47.9% | Location: 8.9%,2026-05-07 19:23:31
152,cv_4,job-1__1_.csv,Word2Vec-GaleShapley-v1,A evaluer,47.5,68.08,40.99,50.09,0.0,,,Skills: 68.1% | Experience: 41.0% | Education: 50.1% | Location: 0.0%,2026-05-07 19:23:31
152,cv_5,job-1__1_.csv,Word2Vec-GaleShapley-v1,Ecarté,32.46,76.12,0.0,0.0,13.38,,,Skills: 76.1% | Experience: 0.0% | Education: 0.0% | Location: 13.4%,2026-05-07 19:23:31
153,cv_1,job-1__1_.csv,Word2Vec-GaleShapley-v1,A evaluer,58.39,90.83,58.68,18.17,25.0,,,Skills: 90.8% | Experience: 58.7% | Education: 18.2% | Location: 25.0%,2026-05-07 19:23:31
153,cv_2,job-1__1_.csv,Word2Vec-GaleShapley-v1,A evaluer,49.89,77.31,41.69,11.33,41.88,,,Skills: 77.3% | Experience: 41.7% | Education: 11.3% | Location: 41.9%,2026-05-07 19:23:31
153,cv_3,job-1__1_.csv,Word2Vec-GaleShapley-v1,A evaluer,46.91,80.47,0.0,47.95,34.21,,,Skills: 80.5% | Experience: 0.0% | Education: 48.0% | Location: 34.2%,2026-05-07 19:23:31
153,cv_4,job-1__1_.csv,Word2Vec-GaleShapley-v1,A evaluer,47.22,84.01,14.51,14.58,47.17,,,Skills: 84.0% | Experience: 14.5% | Education: 14.6% | Location: 47.2%,2026-05-07 19:23:31
153,cv_5,job-1__1_.csv,Word2Vec-GaleShapley-v1,Ecarté,19.59,38.06,0.0,0.0,29.11,,,Skills: 38.1% | Experience: 0.0% | Education: 0.0% | Location: 29.1%,2026-05-07 19:23:31
154,cv_1,job-1__1_.csv,Word2Vec-GaleShapley-v1,A evaluer,49.31,95.21,13.21,27.99,15.53,,,Skills: 95.2% | Experience: 13.2% | Education: 28.0% | Location: 15.5%,2026-05-07 19:23:31
154,cv_2,job-1__1_.csv,Word2Vec-GaleShapley-v1,Ecarté,17.04,24.86,0.0,28.71,9.02,,,Skills: 24.9% | Experience: 0.0% | Education: 28.7% | Location: 9.0%,2026-05-07 19:23:32
154,cv_3,job-1__1_.csv,Word2Vec-GaleShapley-v1,A evaluer,57.53,91.15,39.66,48.81,9.28,,,Skills: 91.2% | Experience: 39.7% | Education: 48.8% | Location: 9.3%,2026-05-07 19:23:32
154,cv_4,job-1__1_.csv,Word2Vec-GaleShapley-v1,Ecarté,27.53,60.51,0.36,11.75,5.9,,,Skills: 60.5% | Experience: 0.4% | Education: 11.8% | Location: 5.9%,2026-05-07 19:23:32
154,cv_5,job-1__1_.csv,Word2Vec-GaleShapley-v1,Ecarté,13.14,24.86,0.0,0.0,21.31,,,Skills: 24.9% | Experience: 0.0% | Education: 0.0% | Location: 21.3%,2026-05-07 19:23:32
155,cv_1,job-1__1_.csv,Word2Vec-GaleShapley-v1,Retenu,62.98,54.69,73.15,86.55,36.73,,,Skills: 54.7% | Experience: 73.2% | Education: 86.5% | Location: 36.7%,2026-05-07 19:23:32
155,cv_2,job-1__1_.csv,Word2Vec-GaleShapley-v1,Ecarté,15.81,3.5,24.37,41.57,0.0,,,Skills: 3.5% | Experience: 24.4% | Education: 41.6% | Location: 0.0%,2026-05-07 19:23:32
155,cv_3,job-1__1_.csv,Word2Vec-GaleShapley-v1,Ecarté,25.47,41.68,0.0,44.01,0.0,,,Skills: 41.7% | Experience: 0.0% | Education: 44.0% | Location: 0.0%,2026-05-07 19:23:32
155,cv_4,job-1__1_.csv,Word2Vec-GaleShapley-v1,Ecarté,26.89,33.01,0.0,41.11,36.45,,,Skills: 33.0% | Experience: 0.0% | Education: 41.1% | Location: 36.5%,2026-05-07 19:23:32
155,cv_5,job-1__1_.csv,Word2Vec-GaleShapley-v1,Ecarté,6.13,2.87,0.0,0.0,33.19,,,Skills: 2.9% | Experience: 0.0% | Education: 0.0% | Location: 33.2%,2026-05-07 19:23:32
156,cv_1,job-1__1_.csv,Word2Vec-GaleShapley-v1,Retenu,70.19,73.81,68.2,89.84,37.64,,,Skills: 73.8% | Experience: 68.2% | Education: 89.8% | Location: 37.6%,2026-05-07 19:23:32
156,cv_2,job-1__1_.csv,Word2Vec-GaleShapley-v1,A evaluer,47.64,87.75,1.55,47.93,17.1,,,Skills: 87.8% | Experience: 1.6% | Education: 47.9% | Location: 17.1%,2026-05-07 19:23:32
156,cv_3,job-1__1_.csv,Word2Vec-GaleShapley-v1,A evaluer,40.94,60.95,0.0,50.34,43.25,,,Skills: 61.0% | Experience: 0.0% | Education: 50.3% | Location: 43.2%,2026-05-07 19:23:32
156,cv_4,job-1__1_.csv,Word2Vec-GaleShapley-v1,Ecarté,34.44,65.95,0.0,40.31,0.0,,,Skills: 66.0% | Experience: 0.0% | Education: 40.3% | Location: 0.0%,2026-05-07 19:23:32
156,cv_5,job-1__1_.csv,Word2Vec-GaleShapley-v1,Ecarté,13.97,25.61,0.0,0.0,24.81,,,Skills: 25.6% | Experience: 0.0% | Education: 0.0% | Location: 24.8%,2026-05-07 19:23:32
157,cv_1,job-1__1_.csv,Word2Vec-GaleShapley-v1,A evaluer,59.72,76.2,49.78,50.64,44.44,,,Skills: 76.2% | Experience: 49.8% | Education: 50.6% | Location: 44.4%,2026-05-07 19:23:32
157,cv_2,job-1__1_.csv,Word2Vec-GaleShapley-v1,A evaluer,53.72,89.37,33.9,17.07,40.55,,,Skills: 89.4% | Experience: 33.9% | Education: 17.1% | Location: 40.5%,2026-05-07 19:23:32
157,cv_3,job-1__1_.csv,Word2Vec-GaleShapley-v1,A evaluer,48.03,82.85,24.57,28.92,19.73,,,Skills: 82.8% | Experience: 24.6% | Education: 28.9% | Location: 19.7%,2026-05-07 19:23:32
157,cv_4,job-1__1_.csv,Word2Vec-GaleShapley-v1,A evaluer,40.94,75.33,19.35,12.1,23.66,,,Skills: 75.3% | Experience: 19.4% | Education: 12.1% | Location: 23.7%,2026-05-07 19:23:32
157,cv_5,job-1__1_.csv,Word2Vec-GaleShapley-v1,Ecarté,9.45,10.85,0.0,0.0,34.08,,,Skills: 10.8% | Experience: 0.0% | Education: 0.0% | Location: 34.1%,2026-05-07 19:23:32
158,cv_1,job-1__1_.csv,Word2Vec-GaleShapley-v1,A evaluer,43.73,64.53,20.6,39.23,32.79,,,Skills: 64.5% | Experience: 20.6% | Education: 39.2% | Location: 32.8%,2026-05-07 19:23:32
158,cv_2,job-1__1_.csv,Word2Vec-GaleShapley-v1,A evaluer,50.77,82.91,22.14,38.57,29.07,,,Skills: 82.9% | Experience: 22.1% | Education: 38.6% | Location: 29.1%,2026-05-07 19:23:32
158,cv_3,job-1__1_.csv,Word2Vec-GaleShapley-v1,Ecarté,32.5,68.03,15.75,6.75,0.0,,,Skills: 68.0% | Experience: 15.8% | Education: 6.8% | Location: 0.0%,2026-05-07 19:23:32
158,cv_4,job-1__1_.csv,Word2Vec-GaleShapley-v1,Ecarté,16.79,31.68,0.0,3.96,22.16,,,Skills: 31.7% | Experience: 0.0% | Education: 4.0% | Location: 22.2%,2026-05-07 19:23:32
158,cv_5,job-1__1_.csv,Word2Vec-GaleShapley-v1,Ecarté,10.22,17.71,0.0,0.0,20.93,,,Skills: 17.7% | Experience: 0.0% | Education: 0.0% | Location: 20.9%,2026-05-07 19:23:32
159,cv_1,job-1__1_.csv,Word2Vec-GaleShapley-v1,Ecarté,34.48,55.58,30.15,5.47,24.1,,,Skills: 55.6% | Experience: 30.1% | Education: 5.5% | Location: 24.1%,2026-05-07 19:23:32
159,cv_2,job-1__1_.csv,Word2Vec-GaleShapley-v1,A evaluer,41.01,42.27,30.94,52.19,39.5,,,Skills: 42.3% | Experience: 30.9% | Education: 52.2% | Location: 39.5%,2026-05-07 19:23:32
159,cv_3,job-1__1_.csv,Word2Vec-GaleShapley-v1,Retenu,60.53,89.15,10.94,84.25,35.23,,,Skills: 89.2% | Experience: 10.9% | Education: 84.2% | Location: 35.2%,2026-05-07 19:23:32
159,cv_4,job-1__1_.csv,Word2Vec-GaleShapley-v1,Ecarté,37.34,71.2,0.0,12.01,43.04,,,Skills: 71.2% | Experience: 0.0% | Education: 12.0% | Location: 43.0%,2026-05-07 19:23:32
159,cv_5,job-1__1_.csv,Word2Vec-GaleShapley-v1,Ecarté,21.39,41.58,0.0,0.0,31.74,,,Skills: 41.6% | Experience: 0.0% | Education: 0.0% | Location: 31.7%,2026-05-07 19:23:32
160,cv_1,job-1__1_.csv,Word2Vec-GaleShapley-v1,A evaluer,52.45,56.93,55.96,49.0,39.28,,,Skills: 56.9% | Experience: 56.0% | Education: 49.0% | Location: 39.3%,2026-05-07 19:23:32
160,cv_2,job-1__1_.csv,Word2Vec-GaleShapley-v1,A evaluer,44.07,53.04,29.3,47.91,39.66,,,Skills: 53.0% | Experience: 29.3% | Education: 47.9% | Location: 39.7%,2026-05-07 19:23:32
160,cv_3,job-1__1_.csv,Word2Vec-GaleShapley-v1,Ecarté,36.46,73.53,2.7,11.98,26.54,,,Skills: 73.5% | Experience: 2.7% | Education: 12.0% | Location: 26.5%,2026-05-07 19:23:32
160,cv_4,job-1__1_.csv,Word2Vec-GaleShapley-v1,Ecarté,28.2,52.57,0.0,11.53,32.47,,,Skills: 52.6% | Experience: 0.0% | Education: 11.5% | Location: 32.5%,2026-05-07 19:23:32
160,cv_5,job-1__1_.csv,Word2Vec-GaleShapley-v1,Ecarté,9.16,10.76,0.0,0.0,32.38,,,Skills: 10.8% | Experience: 0.0% | Education: 0.0% | Location: 32.4%,2026-05-07 19:23:32
161,cv_1,job-1__1_.csv,Word2Vec-GaleShapley-v1,A evaluer,43.99,50.36,36.11,52.77,28.46,,,Skills: 50.4% | Experience: 36.1% | Education: 52.8% | Location: 28.5%,2026-05-07 19:23:32
161,cv_2,job-1__1_.csv,Word2Vec-GaleShapley-v1,Ecarté,34.01,62.13,0.0,27.92,23.83,,,Skills: 62.1% | Experience: 0.0% | Education: 27.9% | Location: 23.8%,2026-05-07 19:23:32
161,cv_3,job-1__1_.csv,Word2Vec-GaleShapley-v1,A evaluer,43.99,52.49,40.49,38.07,35.06,,,Skills: 52.5% | Experience: 40.5% | Education: 38.1% | Location: 35.1%,2026-05-07 19:23:32
161,cv_4,job-1__1_.csv,Word2Vec-GaleShapley-v1,Ecarté,14.32,13.78,7.48,16.81,23.83,,,Skills: 13.8% | Experience: 7.5% | Education: 16.8% | Location: 23.8%,2026-05-07 19:23:32
161,cv_5,job-1__1_.csv,Word2Vec-GaleShapley-v1,Ecarté,20.37,21.53,0.0,36.98,29.07,,,Skills: 21.5% | Experience: 0.0% | Education: 37.0% | Location: 29.1%,2026-05-07 19:23:32
162,cv_1,job-1__1_.csv,Word2Vec-GaleShapley-v1,Ecarté,26.2,25.65,33.28,20.81,23.06,,,Skills: 25.6% | Experience: 33.3% | Education: 20.8% | Location: 23.1%,2026-05-07 19:23:32
162,cv_2,job-1__1_.csv,Word2Vec-GaleShapley-v1,Ecarté,19.27,13.25,0.0,45.8,32.07,,,Skills: 13.2% | Experience: 0.0% | Education: 45.8% | Location: 32.1%,2026-05-07 19:23:32
162,cv_3,job-1__1_.csv,Word2Vec-GaleShapley-v1,Ecarté,25.22,33.32,19.66,26.31,11.45,,,Skills: 33.3% | Experience: 19.7% | Education: 26.3% | Location: 11.4%,2026-05-07 19:23:32
162,cv_4,job-1__1_.csv,Word2Vec-GaleShapley-v1,Ecarté,24.82,33.13,5.75,32.67,23.97,,,Skills: 33.1% | Experience: 5.8% | Education: 32.7% | Location: 24.0%,2026-05-07 19:23:32
162,cv_5,job-1__1_.csv,Word2Vec-GaleShapley-v1,Ecarté,25.04,56.41,0.0,0.0,16.53,,,Skills: 56.4% | Experience: 0.0% | Education: 0.0% | Location: 16.5%,2026-05-07 19:23:32
163,cv_1,job-1__1_.csv,Word2Vec-GaleShapley-v1,Retenu,66.24,69.15,68.82,89.84,22.72,,,Skills: 69.2% | Experience: 68.8% | Education: 89.8% | Location: 22.7%,2026-05-07 19:23:32
163,cv_2,job-1__1_.csv,Word2Vec-GaleShapley-v1,Ecarté,39.76,68.98,0.0,44.09,22.34,,,Skills: 69.0% | Experience: 0.0% | Education: 44.1% | Location: 22.3%,2026-05-07 19:23:32
163,cv_3,job-1__1_.csv,Word2Vec-GaleShapley-v1,A evaluer,46.79,82.03,0.0,53.02,22.46,,,Skills: 82.0% | Experience: 0.0% | Education: 53.0% | Location: 22.5%,2026-05-07 19:23:32
163,cv_4,job-1__1_.csv,Word2Vec-GaleShapley-v1,A evaluer,43.5,66.44,0.0,76.39,10.95,,,Skills: 66.4% | Experience: 0.0% | Education: 76.4% | Location: 10.9%,2026-05-07 19:23:32
163,cv_5,job-1__1_.csv,Word2Vec-GaleShapley-v1,Ecarté,10.2,20.26,0.0,0.0,13.97,,,Skills: 20.3% | Experience: 0.0% | Education: 0.0% | Location: 14.0%,2026-05-07 19:23:32
164,cv_1,job-1__1_.csv,Word2Vec-GaleShapley-v1,Ecarté,32.92,30.84,43.68,29.53,25.03,,,Skills: 30.8% | Experience: 43.7% | Education: 29.5% | Location: 25.0%,2026-05-07 19:23:32
164,cv_2,job-1__1_.csv,Word2Vec-GaleShapley-v1,Ecarté,37.54,64.8,0.0,39.61,24.67,,,Skills: 64.8% | Experience: 0.0% | Education: 39.6% | Location: 24.7%,2026-05-07 19:23:32
164,cv_3,job-1__1_.csv,Word2Vec-GaleShapley-v1,Ecarté,39.66,69.87,0.0,50.01,11.38,,,Skills: 69.9% | Experience: 0.0% | Education: 50.0% | Location: 11.4%,2026-05-07 19:23:32
164,cv_4,job-1__1_.csv,Word2Vec-GaleShapley-v1,Retenu,62.42,78.98,35.88,83.55,34.34,,,Skills: 79.0% | Experience: 35.9% | Education: 83.5% | Location: 34.3%,2026-05-07 19:23:32
164,cv_5,job-1__1_.csv,Word2Vec-GaleShapley-v1,Ecarté,32.58,46.61,0.0,39.57,40.12,,,Skills: 46.6% | Experience: 0.0% | Education: 39.6% | Location: 40.1%,2026-05-07 19:23:32
165,cv_1,job-1__1_.csv,Word2Vec-GaleShapley-v1,A evaluer,51.22,95.54,0.0,40.14,33.19,,,Skills: 95.5% | Experience: 0.0% | Education: 40.1% | Location: 33.2%,2026-05-07 19:23:32
165,cv_2,job-1__1_.csv,Word2Vec-GaleShapley-v1,Ecarté,32.73,45.62,14.76,23.01,41.29,,,Skills: 45.6% | Experience: 14.8% | Education: 23.0% | Location: 41.3%,2026-05-07 19:23:32
165,cv_3,job-1__1_.csv,Word2Vec-GaleShapley-v1,Ecarté,26.03,43.47,0.0,9.6,44.81,,,Skills: 43.5% | Experience: 0.0% | Education: 9.6% | Location: 44.8%,2026-05-07 19:23:32
165,cv_4,job-1__1_.csv,Word2Vec-GaleShapley-v1,Ecarté,36.26,77.04,0.0,5.91,28.39,,,Skills: 77.0% | Experience: 0.0% | Education: 5.9% | Location: 28.4%,2026-05-07 19:23:32
165,cv_5,job-1__1_.csv,Word2Vec-GaleShapley-v1,Ecarté,12.53,21.02,0.0,0.0,27.49,,,Skills: 21.0% | Experience: 0.0% | Education: 0.0% | Location: 27.5%,2026-05-07 19:23:32
166,cv_1,job-1__1_.csv,Word2Vec-GaleShapley-v1,Retenu,64.22,79.52,64.35,52.68,38.6,,,Skills: 79.5% | Experience: 64.3% | Education: 52.7% | Location: 38.6%,2026-05-07 19:23:32
166,cv_2,job-1__1_.csv,Word2Vec-GaleShapley-v1,A evaluer,41.02,59.17,21.9,36.89,30.01,,,Skills: 59.2% | Experience: 21.9% | Education: 36.9% | Location: 30.0%,2026-05-07 19:23:32
166,cv_3,job-1__1_.csv,Word2Vec-GaleShapley-v1,A evaluer,46.37,84.88,22.55,10.35,31.4,,,Skills: 84.9% | Experience: 22.6% | Education: 10.3% | Location: 31.4%,2026-05-07 19:23:32
166,cv_4,job-1__1_.csv,Word2Vec-GaleShapley-v1,A evaluer,42.51,76.57,0.86,42.96,20.53,,,Skills: 76.6% | Experience: 0.9% | Education: 43.0% | Location: 20.5%,2026-05-07 19:23:32
166,cv_5,job-1__1_.csv,Word2Vec-GaleShapley-v1,Ecarté,16.26,30.99,0.0,0.0,25.74,,,Skills: 31.0% | Experience: 0.0% | Education: 0.0% | Location: 25.7%,2026-05-07 19:23:32
167,cv_1,job-1__1_.csv,Word2Vec-GaleShapley-v1,A evaluer,42.45,85.04,0.0,29.42,16.98,,,Skills: 85.0% | Experience: 0.0% | Education: 29.4% | Location: 17.0%,2026-05-07 19:23:32
167,cv_2,job-1__1_.csv,Word2Vec-GaleShapley-v1,A evaluer,43.11,70.4,22.98,30.88,20.18,,,Skills: 70.4% | Experience: 23.0% | Education: 30.9% | Location: 20.2%,2026-05-07 19:23:32
167,cv_3,job-1__1_.csv,Word2Vec-GaleShapley-v1,A evaluer,46.38,87.25,23.67,16.89,14.58,,,Skills: 87.2% | Experience: 23.7% | Education: 16.9% | Location: 14.6%,2026-05-07 19:23:32
167,cv_4,job-1__1_.csv,Word2Vec-GaleShapley-v1,Ecarté,25.49,45.0,1.94,21.07,18.6,,,Skills: 45.0% | Experience: 1.9% | Education: 21.1% | Location: 18.6%,2026-05-07 19:23:32
167,cv_5,job-1__1_.csv,Word2Vec-GaleShapley-v1,Ecarté,23.27,29.28,0.0,33.76,32.07,,,Skills: 29.3% | Experience: 0.0% | Education: 33.8% | Location: 32.1%,2026-05-07 19:23:32
168,cv_1,job-1__1_.csv,Word2Vec-GaleShapley-v1,A evaluer,59.29,74.66,53.66,55.02,33.37,,,Skills: 74.7% | Experience: 53.7% | Education: 55.0% | Location: 33.4%,2026-05-07 19:23:32
168,cv_2,job-1__1_.csv,Word2Vec-GaleShapley-v1,Retenu,64.82,93.51,52.83,45.52,34.04,,,Skills: 93.5% | Experience: 52.8% | Education: 45.5% | Location: 34.0%,2026-05-07 19:23:32
168,cv_3,job-1__1_.csv,Word2Vec-GaleShapley-v1,A evaluer,51.54,80.01,19.13,50.97,30.42,,,Skills: 80.0% | Experience: 19.1% | Education: 51.0% | Location: 30.4%,2026-05-07 19:23:32
168,cv_4,job-1__1_.csv,Word2Vec-GaleShapley-v1,Ecarté,22.77,20.4,19.79,48.33,0.0,,,Skills: 20.4% | Experience: 19.8% | Education: 48.3% | Location: 0.0%,2026-05-07 19:23:32
168,cv_5,job-1__1_.csv,Word2Vec-GaleShapley-v1,Ecarté,12.76,21.03,0.0,0.0,29.01,,,Skills: 21.0% | Experience: 0.0% | Education: 0.0% | Location: 29.0%,2026-05-07 19:23:32
169,cv_1,job-1__1_.csv,Word2Vec-GaleShapley-v1,A evaluer,52.33,57.69,56.21,52.68,31.11,,,Skills: 57.7% | Experience: 56.2% | Education: 52.7% | Location: 31.1%,2026-05-07 19:23:32
169,cv_2,job-1__1_.csv,Word2Vec-GaleShapley-v1,Ecarté,32.57,48.42,0.0,50.72,20.37,,,Skills: 48.4% | Experience: 0.0% | Education: 50.7% | Location: 20.4%,2026-05-07 19:23:32
169,cv_3,job-1__1_.csv,Word2Vec-GaleShapley-v1,A evaluer,41.72,56.7,13.65,61.54,22.12,,,Skills: 56.7% | Experience: 13.7% | Education: 61.5% | Location: 22.1%,2026-05-07 19:23:32
169,cv_4,job-1__1_.csv,Word2Vec-GaleShapley-v1,Ecarté,26.2,42.79,0.0,21.41,31.98,,,Skills: 42.8% | Experience: 0.0% | Education: 21.4% | Location: 32.0%,2026-05-07 19:23:32
169,cv_5,job-1__1_.csv,Word2Vec-GaleShapley-v1,A evaluer,41.27,93.1,0.0,0.0,26.9,,,Skills: 93.1% | Experience: 0.0% | Education: 0.0% | Location: 26.9%,2026-05-07 19:23:32
170,cv_1,job-1__1_.csv,Word2Vec-GaleShapley-v1,A evaluer,58.43,96.22,46.03,8.25,45.24,,,Skills: 96.2% | Experience: 46.0% | Education: 8.2% | Location: 45.2%,2026-05-07 19:23:32
170,cv_2,job-1__1_.csv,Word2Vec-GaleShapley-v1,Ecarté,33.27,37.42,20.6,32.32,44.56,,,Skills: 37.4% | Experience: 20.6% | Education: 32.3% | Location: 44.6%,2026-05-07 19:23:32
170,cv_3,job-1__1_.csv,Word2Vec-GaleShapley-v1,Ecarté,27.89,39.08,1.23,26.43,44.46,,,Skills: 39.1% | Experience: 1.2% | Education: 26.4% | Location: 44.5%,2026-05-07 19:23:32
170,cv_4,job-1__1_.csv,Word2Vec-GaleShapley-v1,Ecarté,15.7,17.54,5.59,16.67,26.35,,,Skills: 17.5% | Experience: 5.6% | Education: 16.7% | Location: 26.4%,2026-05-07 19:23:32
170,cv_5,job-1__1_.csv,Word2Vec-GaleShapley-v1,A evaluer,43.36,94.95,0.0,0.0,35.87,,,Skills: 95.0% | Experience: 0.0% | Education: 0.0% | Location: 35.9%,2026-05-07 19:23:32
171,cv_1,job-1__1_.csv,Word2Vec-GaleShapley-v1,Retenu,63.93,74.11,81.12,39.27,41.03,,,Skills: 74.1% | Experience: 81.1% | Education: 39.3% | Location: 41.0%,2026-05-07 19:23:32
171,cv_2,job-1__1_.csv,Word2Vec-GaleShapley-v1,A evaluer,40.42,82.41,0.0,15.68,28.8,,,Skills: 82.4% | Experience: 0.0% | Education: 15.7% | Location: 28.8%,2026-05-07 19:23:32
171,cv_3,job-1__1_.csv,Word2Vec-GaleShapley-v1,A evaluer,49.45,92.86,16.02,22.9,24.81,,,Skills: 92.9% | Experience: 16.0% | Education: 22.9% | Location: 24.8%,2026-05-07 19:23:32
171,cv_4,job-1__1_.csv,Word2Vec-GaleShapley-v1,A evaluer,48.89,88.09,9.49,29.26,36.21,,,Skills: 88.1% | Experience: 9.5% | Education: 29.3% | Location: 36.2%,2026-05-07 19:23:32
171,cv_5,job-1__1_.csv,Word2Vec-GaleShapley-v1,Ecarté,16.46,27.06,0.0,0.0,37.57,,,Skills: 27.1% | Experience: 0.0% | Education: 0.0% | Location: 37.6%,2026-05-07 19:23:32
172,cv_1,job-1__1_.csv,Word2Vec-GaleShapley-v1,Ecarté,38.5,51.81,36.83,29.58,17.68,,,Skills: 51.8% | Experience: 36.8% | Education: 29.6% | Location: 17.7%,2026-05-07 19:23:32
172,cv_2,job-1__1_.csv,Word2Vec-GaleShapley-v1,A evaluer,40.22,73.59,0.0,37.65,21.66,,,Skills: 73.6% | Experience: 0.0% | Education: 37.6% | Location: 21.7%,2026-05-07 19:23:32
172,cv_3,job-1__1_.csv,Word2Vec-GaleShapley-v1,A evaluer,51.88,83.89,12.76,56.07,26.1,,,Skills: 83.9% | Experience: 12.8% | Education: 56.1% | Location: 26.1%,2026-05-07 19:23:32
172,cv_4,job-1__1_.csv,Word2Vec-GaleShapley-v1,A evaluer,49.2,73.53,19.61,49.53,33.17,,,Skills: 73.5% | Experience: 19.6% | Education: 49.5% | Location: 33.2%,2026-05-07 19:23:32
172,cv_5,job-1__1_.csv,Word2Vec-GaleShapley-v1,Ecarté,28.53,38.42,0.0,38.5,36.43,,,Skills: 38.4% | Experience: 0.0% | Education: 38.5% | Location: 36.4%,2026-05-07 19:23:33
173,cv_1,job-1__1_.csv,Word2Vec-GaleShapley-v1,A evaluer,52.89,95.11,0.0,50.1,32.17,,,Skills: 95.1% | Experience: 0.0% | Education: 50.1% | Location: 32.2%,2026-05-07 19:23:33
173,cv_2,job-1__1_.csv,Word2Vec-GaleShapley-v1,Ecarté,37.81,55.27,0.0,54.47,32.04,,,Skills: 55.3% | Experience: 0.0% | Education: 54.5% | Location: 32.0%,2026-05-07 19:23:33
173,cv_3,job-1__1_.csv,Word2Vec-GaleShapley-v1,Ecarté,39.77,57.71,14.43,45.44,26.63,,,Skills: 57.7% | Experience: 14.4% | Education: 45.4% | Location: 26.6%,2026-05-07 19:23:33
173,cv_4,job-1__1_.csv,Word2Vec-GaleShapley-v1,A evaluer,40.38,73.31,3.04,29.51,29.32,,,Skills: 73.3% | Experience: 3.0% | Education: 29.5% | Location: 29.3%,2026-05-07 19:23:33
173,cv_5,job-1__1_.csv,Word2Vec-GaleShapley-v1,Ecarté,19.48,36.22,0.0,0.0,33.26,,,Skills: 36.2% | Experience: 0.0% | Education: 0.0% | Location: 33.3%,2026-05-07 19:23:33
174,cv_1,job-1__1_.csv,Word2Vec-GaleShapley-v1,A evaluer,56.51,81.49,34.29,50.73,34.67,,,Skills: 81.5% | Experience: 34.3% | Education: 50.7% | Location: 34.7%,2026-05-07 19:23:33
174,cv_2,job-1__1_.csv,Word2Vec-GaleShapley-v1,A evaluer,48.67,91.64,18.22,17.13,26.9,,,Skills: 91.6% | Experience: 18.2% | Education: 17.1% | Location: 26.9%,2026-05-07 19:23:33
174,cv_3,job-1__1_.csv,Word2Vec-GaleShapley-v1,A evaluer,47.98,69.15,29.02,35.38,39.91,,,Skills: 69.2% | Experience: 29.0% | Education: 35.4% | Location: 39.9%,2026-05-07 19:23:33
174,cv_4,job-1__1_.csv,Word2Vec-GaleShapley-v1,Ecarté,39.91,72.54,0.0,19.67,46.39,,,Skills: 72.5% | Experience: 0.0% | Education: 19.7% | Location: 46.4%,2026-05-07 19:23:33
174,cv_5,job-1__1_.csv,Word2Vec-GaleShapley-v1,Ecarté,25.25,35.59,0.0,32.1,30.65,,,Skills: 35.6% | Experience: 0.0% | Education: 32.1% | Location: 30.6%,2026-05-07 19:23:33
175,cv_1,job-1__1_.csv,Word2Vec-GaleShapley-v1,Retenu,67.44,79.72,80.06,55.02,30.23,,,Skills: 79.7% | Experience: 80.1% | Education: 55.0% | Location: 30.2%,2026-05-07 19:23:33
175,cv_2,job-1__1_.csv,Word2Vec-GaleShapley-v1,Ecarté,35.52,66.27,0.0,23.66,28.5,,,Skills: 66.3% | Experience: 0.0% | Education: 23.7% | Location: 28.5%,2026-05-07 19:23:33
175,cv_3,job-1__1_.csv,Word2Vec-GaleShapley-v1,A evaluer,57.59,56.6,75.43,56.04,32.56,,,Skills: 56.6% | Experience: 75.4% | Education: 56.0% | Location: 32.6%,2026-05-07 19:23:33
175,cv_4,job-1__1_.csv,Word2Vec-GaleShapley-v1,Ecarté,37.9,61.77,0.0,45.25,27.61,,,Skills: 61.8% | Experience: 0.0% | Education: 45.2% | Location: 27.6%,2026-05-07 19:23:33
175,cv_5,job-1__1_.csv,Word2Vec-GaleShapley-v1,Ecarté,19.08,37.2,0.0,0.0,27.97,,,Skills: 37.2% | Experience: 0.0% | Education: 0.0% | Location: 28.0%,2026-05-07 19:23:33
176,cv_1,job-1__1_.csv,Word2Vec-GaleShapley-v1,Retenu,69.85,92.85,33.4,96.84,33.26,,,Skills: 92.8% | Experience: 33.4% | Education: 96.8% | Location: 33.3%,2026-05-07 19:23:33
176,cv_2,job-1__1_.csv,Word2Vec-GaleShapley-v1,A evaluer,45.79,58.2,0.0,90.95,28.8,,,Skills: 58.2% | Experience: 0.0% | Education: 91.0% | Location: 28.8%,2026-05-07 19:23:33
176,cv_3,job-1__1_.csv,Word2Vec-GaleShapley-v1,A evaluer,46.86,70.8,4.27,64.12,30.97,,,Skills: 70.8% | Experience: 4.3% | Education: 64.1% | Location: 31.0%,2026-05-07 19:23:33
176,cv_4,job-1__1_.csv,Word2Vec-GaleShapley-v1,A evaluer,51.0,50.3,28.89,95.16,30.82,,,Skills: 50.3% | Experience: 28.9% | Education: 95.2% | Location: 30.8%,2026-05-07 19:23:33
176,cv_5,job-1__1_.csv,Word2Vec-GaleShapley-v1,Ecarté,5.92,6.67,0.0,0.0,21.67,,,Skills: 6.7% | Experience: 0.0% | Education: 0.0% | Location: 21.7%,2026-05-07 19:23:33
177,cv_1,job-1__1_.csv,Word2Vec-GaleShapley-v1,A evaluer,54.51,62.67,23.11,92.78,34.06,,,Skills: 62.7% | Experience: 23.1% | Education: 92.8% | Location: 34.1%,2026-05-07 19:23:33
177,cv_2,job-1__1_.csv,Word2Vec-GaleShapley-v1,A evaluer,52.14,81.54,0.0,74.72,30.52,,,Skills: 81.5% | Experience: 0.0% | Education: 74.7% | Location: 30.5%,2026-05-07 19:23:33
177,cv_3,job-1__1_.csv,Word2Vec-GaleShapley-v1,A evaluer,44.12,81.84,0.0,32.02,33.23,,,Skills: 81.8% | Experience: 0.0% | Education: 32.0% | Location: 33.2%,2026-05-07 19:23:33
177,cv_4,job-1__1_.csv,Word2Vec-GaleShapley-v1,Ecarté,39.89,50.1,23.69,55.26,19.18,,,Skills: 50.1% | Experience: 23.7% | Education: 55.3% | Location: 19.2%,2026-05-07 19:23:33
177,cv_5,job-1__1_.csv,Word2Vec-GaleShapley-v1,Ecarté,23.31,48.84,0.0,0.0,25.14,,,Skills: 48.8% | Experience: 0.0% | Education: 0.0% | Location: 25.1%,2026-05-07 19:23:33
178,cv_1,job-1__1_.csv,Word2Vec-GaleShapley-v1,Ecarté,25.98,42.12,0.0,24.18,28.67,,,Skills: 42.1% | Experience: 0.0% | Education: 24.2% | Location: 28.7%,2026-05-07 19:23:33
178,cv_2,job-1__1_.csv,Word2Vec-GaleShapley-v1,A evaluer,54.44,73.5,29.49,53.77,46.12,,,Skills: 73.5% | Experience: 29.5% | Education: 53.8% | Location: 46.1%,2026-05-07 19:23:33
178,cv_3,job-1__1_.csv,Word2Vec-GaleShapley-v1,A evaluer,45.21,74.65,16.22,26.35,40.16,,,Skills: 74.7% | Experience: 16.2% | Education: 26.4% | Location: 40.2%,2026-05-07 19:23:33
178,cv_4,job-1__1_.csv,Word2Vec-GaleShapley-v1,Ecarté,34.09,48.95,22.36,22.11,29.99,,,Skills: 49.0% | Experience: 22.4% | Education: 22.1% | Location: 30.0%,2026-05-07 19:23:33
178,cv_5,job-1__1_.csv,Word2Vec-GaleShapley-v1,Ecarté,22.26,42.12,0.0,0.0,36.05,,,Skills: 42.1% | Experience: 0.0% | Education: 0.0% | Location: 36.0%,2026-05-07 19:23:33
179,cv_1,job-1__1_.csv,Word2Vec-GaleShapley-v1,A evaluer,55.15,79.81,18.65,82.37,13.94,,,Skills: 79.8% | Experience: 18.6% | Education: 82.4% | Location: 13.9%,2026-05-07 19:23:33
179,cv_2,job-1__1_.csv,Word2Vec-GaleShapley-v1,Ecarté,33.66,34.14,0.0,83.44,22.14,,,Skills: 34.1% | Experience: 0.0% | Education: 83.4% | Location: 22.1%,2026-05-07 19:23:33
179,cv_3,job-1__1_.csv,Word2Vec-GaleShapley-v1,A evaluer,48.65,73.22,0.0,74.2,30.17,,,Skills: 73.2% | Experience: 0.0% | Education: 74.2% | Location: 30.2%,2026-05-07 19:23:33
179,cv_4,job-1__1_.csv,Word2Vec-GaleShapley-v1,Ecarté,32.8,50.27,16.67,32.07,14.05,,,Skills: 50.3% | Experience: 16.7% | Education: 32.1% | Location: 14.1%,2026-05-07 19:23:33
179,cv_5,job-1__1_.csv,Word2Vec-GaleShapley-v1,Ecarté,24.87,53.78,0.0,0.0,22.38,,,Skills: 53.8% | Experience: 0.0% | Education: 0.0% | Location: 22.4%,2026-05-07 19:23:33
180,cv_1,job-1__1_.csv,Word2Vec-GaleShapley-v1,A evaluer,49.35,77.8,9.53,52.68,35.43,,,Skills: 77.8% | Experience: 9.5% | Education: 52.7% | Location: 35.4%,2026-05-07 19:23:33
180,cv_2,job-1__1_.csv,Word2Vec-GaleShapley-v1,A evaluer,47.86,81.63,0.0,52.59,31.27,,,Skills: 81.6% | Experience: 0.0% | Education: 52.6% | Location: 31.3%,2026-05-07 19:23:33
180,cv_3,job-1__1_.csv,Word2Vec-GaleShapley-v1,A evaluer,42.1,54.33,34.39,36.89,29.27,,,Skills: 54.3% | Experience: 34.4% | Education: 36.9% | Location: 29.3%,2026-05-07 19:23:33
180,cv_4,job-1__1_.csv,Word2Vec-GaleShapley-v1,A evaluer,50.11,84.85,21.38,29.51,32.84,,,Skills: 84.8% | Experience: 21.4% | Education: 29.5% | Location: 32.8%,2026-05-07 19:23:33
180,cv_5,job-1__1_.csv,Word2Vec-GaleShapley-v1,Ecarté,14.93,25.29,0.0,0.0,32.08,,,Skills: 25.3% | Experience: 0.0% | Education: 0.0% | Location: 32.1%,2026-05-07 19:23:33
181,cv_1,job-1__1_.csv,Word2Vec-GaleShapley-v1,Retenu,66.28,84.2,78.02,32.32,44.24,,,Skills: 84.2% | Experience: 78.0% | Education: 32.3% | Location: 44.2%,2026-05-07 19:23:33
181,cv_2,job-1__1_.csv,Word2Vec-GaleShapley-v1,Ecarté,39.39,85.52,0.0,4.12,29.05,,,Skills: 85.5% | Experience: 0.0% | Education: 4.1% | Location: 29.1%,2026-05-07 19:23:33
181,cv_3,job-1__1_.csv,Word2Vec-GaleShapley-v1,Ecarté,39.31,78.1,0.0,7.93,43.22,,,Skills: 78.1% | Experience: 0.0% | Education: 7.9% | Location: 43.2%,2026-05-07 19:23:33
181,cv_4,job-1__1_.csv,Word2Vec-GaleShapley-v1,Ecarté,28.22,56.48,0.0,8.24,26.53,,,Skills: 56.5% | Experience: 0.0% | Education: 8.2% | Location: 26.5%,2026-05-07 19:23:33
181,cv_5,job-1__1_.csv,Word2Vec-GaleShapley-v1,Ecarté,14.34,22.4,0.0,0.0,35.9,,,Skills: 22.4% | Experience: 0.0% | Education: 0.0% | Location: 35.9%,2026-05-07 19:23:33
182,cv_1,job-1__1_.csv,Word2Vec-GaleShapley-v1,A evaluer,57.91,89.78,42.67,30.58,34.75,,,Skills: 89.8% | Experience: 42.7% | Education: 30.6% | Location: 34.8%,2026-05-07 19:23:33
182,cv_2,job-1__1_.csv,Word2Vec-GaleShapley-v1,Ecarté,31.33,5.54,36.21,74.48,34.44,,,Skills: 5.5% | Experience: 36.2% | Education: 74.5% | Location: 34.4%,2026-05-07 19:23:33
182,cv_3,job-1__1_.csv,Word2Vec-GaleShapley-v1,Ecarté,17.48,27.17,0.0,19.7,17.83,,,Skills: 27.2% | Experience: 0.0% | Education: 19.7% | Location: 17.8%,2026-05-07 19:23:33
182,cv_4,job-1__1_.csv,Word2Vec-GaleShapley-v1,Ecarté,31.51,32.85,16.64,46.77,32.36,,,Skills: 32.9% | Experience: 16.6% | Education: 46.8% | Location: 32.4%,2026-05-07 19:23:33
182,cv_5,job-1__1_.csv,Word2Vec-GaleShapley-v1,A evaluer,44.0,100.0,0.0,0.0,26.68,,,Skills: 100.0% | Experience: 0.0% | Education: 0.0% | Location: 26.7%,2026-05-07 19:23:33
183,cv_1,job-1__1_.csv,Word2Vec-GaleShapley-v1,Retenu,60.31,86.03,42.14,52.68,32.19,,,Skills: 86.0% | Experience: 42.1% | Education: 52.7% | Location: 32.2%,2026-05-07 19:23:33
183,cv_2,job-1__1_.csv,Word2Vec-GaleShapley-v1,A evaluer,57.52,87.02,43.52,59.15,0.0,,,Skills: 87.0% | Experience: 43.5% | Education: 59.1% | Location: 0.0%,2026-05-07 19:23:33
183,cv_3,job-1__1_.csv,Word2Vec-GaleShapley-v1,A evaluer,57.43,81.04,47.08,50.72,20.66,,,Skills: 81.0% | Experience: 47.1% | Education: 50.7% | Location: 20.7%,2026-05-07 19:23:33
183,cv_4,job-1__1_.csv,Word2Vec-GaleShapley-v1,Ecarté,38.95,60.62,20.22,36.07,16.25,,,Skills: 60.6% | Experience: 20.2% | Education: 36.1% | Location: 16.2%,2026-05-07 19:23:33
183,cv_5,job-1__1_.csv,Word2Vec-GaleShapley-v1,Ecarté,13.28,23.73,0.0,0.0,25.27,,,Skills: 23.7% | Experience: 0.0% | Education: 0.0% | Location: 25.3%,2026-05-07 19:23:33
184,cv_1,job-1__1_.csv,Word2Vec-GaleShapley-v1,A evaluer,49.83,52.48,37.36,70.36,36.2,,,Skills: 52.5% | Experience: 37.4% | Education: 70.4% | Location: 36.2%,2026-05-07 19:23:33
184,cv_2,job-1__1_.csv,Word2Vec-GaleShapley-v1,Ecarté,25.78,3.45,0.0,97.95,32.05,,,Skills: 3.5% | Experience: 0.0% | Education: 98.0% | Location: 32.0%,2026-05-07 19:23:33
184,cv_3,job-1__1_.csv,Word2Vec-GaleShapley-v1,Ecarté,25.78,3.45,0.0,97.95,32.05,,,Skills: 3.5% | Experience: 0.0% | Education: 98.0% | Location: 32.0%,2026-05-07 19:23:33
184,cv_4,job-1__1_.csv,Word2Vec-GaleShapley-v1,Ecarté,22.18,28.0,0.0,36.22,24.88,,,Skills: 28.0% | Experience: 0.0% | Education: 36.2% | Location: 24.9%,2026-05-07 19:23:33
184,cv_5,job-1__1_.csv,Word2Vec-GaleShapley-v1,Ecarté,6.2,4.88,0.0,0.0,28.29,,,Skills: 4.9% | Experience: 0.0% | Education: 0.0% | Location: 28.3%,2026-05-07 19:23:33
185,cv_1,job-1__1_.csv,Word2Vec-GaleShapley-v1,Retenu,72.7,87.61,56.52,96.42,28.28,,,Skills: 87.6% | Experience: 56.5% | Education: 96.4% | Location: 28.3%,2026-05-07 19:23:33
185,cv_2,job-1__1_.csv,Word2Vec-GaleShapley-v1,A evaluer,54.49,84.49,4.55,74.28,31.36,,,Skills: 84.5% | Experience: 4.5% | Education: 74.3% | Location: 31.4%,2026-05-07 19:23:33
185,cv_3,job-1__1_.csv,Word2Vec-GaleShapley-v1,A evaluer,55.52,84.49,4.55,79.39,31.36,,,Skills: 84.5% | Experience: 4.5% | Education: 79.4% | Location: 31.4%,2026-05-07 19:23:33
185,cv_4,job-1__1_.csv,Word2Vec-GaleShapley-v1,Retenu,67.97,72.25,67.6,87.69,30.87,,,Skills: 72.2% | Experience: 67.6% | Education: 87.7% | Location: 30.9%,2026-05-07 19:23:33
185,cv_5,job-1__1_.csv,Word2Vec-GaleShapley-v1,Ecarté,14.83,17.92,0.0,6.96,41.79,,,Skills: 17.9% | Experience: 0.0% | Education: 7.0% | Location: 41.8%,2026-05-07 19:23:33
186,cv_1,job-1__1_.csv,Word2Vec-GaleShapley-v1,Retenu,71.69,90.11,45.64,90.03,41.56,,,Skills: 90.1% | Experience: 45.6% | Education: 90.0% | Location: 41.6%,2026-05-07 19:23:33
186,cv_2,job-1__1_.csv,Word2Vec-GaleShapley-v1,Ecarté,38.87,31.88,68.61,18.22,35.46,,,Skills: 31.9% | Experience: 68.6% | Education: 18.2% | Location: 35.5%,2026-05-07 19:23:33
186,cv_3,job-1__1_.csv,Word2Vec-GaleShapley-v1,A evaluer,46.31,69.16,0.0,74.28,25.29,,,Skills: 69.2% | Experience: 0.0% | Education: 74.3% | Location: 25.3%,2026-05-07 19:23:33
186,cv_4,job-1__1_.csv,Word2Vec-GaleShapley-v1,Ecarté,25.25,42.5,0.0,12.99,37.71,,,Skills: 42.5% | Experience: 0.0% | Education: 13.0% | Location: 37.7%,2026-05-07 19:23:33
186,cv_5,job-1__1_.csv,Word2Vec-GaleShapley-v1,Ecarté,19.11,38.39,0.0,0.0,25.0,,,Skills: 38.4% | Experience: 0.0% | Education: 0.0% | Location: 25.0%,2026-05-07 19:23:33
187,cv_1,job-1__1_.csv,Word2Vec-GaleShapley-v1,A evaluer,50.71,60.95,66.33,31.33,23.2,,,Skills: 61.0% | Experience: 66.3% | Education: 31.3% | Location: 23.2%,2026-05-07 19:23:33
187,cv_2,job-1__1_.csv,Word2Vec-GaleShapley-v1,Ecarté,32.84,60.48,5.63,30.74,7.3,,,Skills: 60.5% | Experience: 5.6% | Education: 30.7% | Location: 7.3%,2026-05-07 19:23:33
187,cv_3,job-1__1_.csv,Word2Vec-GaleShapley-v1,Ecarté,34.24,80.06,0.0,3.17,10.54,,,Skills: 80.1% | Experience: 0.0% | Education: 3.2% | Location: 10.5%,2026-05-07 19:23:33
187,cv_4,job-1__1_.csv,Word2Vec-GaleShapley-v1,Ecarté,34.09,66.3,3.21,4.73,38.8,,,Skills: 66.3% | Experience: 3.2% | Education: 4.7% | Location: 38.8%,2026-05-07 19:23:33
187,cv_5,job-1__1_.csv,Word2Vec-GaleShapley-v1,Ecarté,4.95,7.16,0.0,0.0,13.88,,,Skills: 7.2% | Experience: 0.0% | Education: 0.0% | Location: 13.9%,2026-05-07 19:23:33
188,cv_1,job-1__1_.csv,Word2Vec-GaleShapley-v1,A evaluer,47.92,94.47,0.0,30.23,27.25,,,Skills: 94.5% | Experience: 0.0% | Education: 30.2% | Location: 27.2%,2026-05-07 19:23:33
188,cv_2,job-1__1_.csv,Word2Vec-GaleShapley-v1,A evaluer,42.61,88.52,0.0,11.93,32.11,,,Skills: 88.5% | Experience: 0.0% | Education: 11.9% | Location: 32.1%,2026-05-07 19:23:33
188,cv_3,job-1__1_.csv,Word2Vec-GaleShapley-v1,A evaluer,48.83,88.43,0.0,43.76,31.39,,,Skills: 88.4% | Experience: 0.0% | Education: 43.8% | Location: 31.4%,2026-05-07 19:23:33
188,cv_4,job-1__1_.csv,Word2Vec-GaleShapley-v1,Ecarté,24.11,46.74,0.0,12.13,19.92,,,Skills: 46.7% | Experience: 0.0% | Education: 12.1% | Location: 19.9%,2026-05-07 19:23:33
188,cv_5,job-1__1_.csv,Word2Vec-GaleShapley-v1,Ecarté,19.82,39.64,0.0,0.0,26.4,,,Skills: 39.6% | Experience: 0.0% | Education: 0.0% | Location: 26.4%,2026-05-07 19:23:33
189,cv_1,job-1__1_.csv,Word2Vec-GaleShapley-v1,A evaluer,49.52,93.09,0.0,33.8,36.83,,,Skills: 93.1% | Experience: 0.0% | Education: 33.8% | Location: 36.8%,2026-05-07 19:23:33
189,cv_2,job-1__1_.csv,Word2Vec-GaleShapley-v1,A evaluer,53.31,93.53,20.39,24.34,39.52,,,Skills: 93.5% | Experience: 20.4% | Education: 24.3% | Location: 39.5%,2026-05-07 19:23:33
189,cv_3,job-1__1_.csv,Word2Vec-GaleShapley-v1,A evaluer,42.97,83.57,26.84,14.18,0.0,,,Skills: 83.6% | Experience: 26.8% | Education: 14.2% | Location: 0.0%,2026-05-07 19:23:33
189,cv_4,job-1__1_.csv,Word2Vec-GaleShapley-v1,Ecarté,26.69,47.06,2.77,14.65,28.31,,,Skills: 47.1% | Experience: 2.8% | Education: 14.7% | Location: 28.3%,2026-05-07 19:23:33
189,cv_5,job-1__1_.csv,Word2Vec-GaleShapley-v1,Ecarté,14.18,21.85,0.0,0.0,36.29,,,Skills: 21.9% | Experience: 0.0% | Education: 0.0% | Location: 36.3%,2026-05-07 19:23:33
190,cv_1,job-1__1_.csv,Word2Vec-GaleShapley-v1,A evaluer,40.23,67.35,0.0,44.78,28.9,,,Skills: 67.3% | Experience: 0.0% | Education: 44.8% | Location: 28.9%,2026-05-07 19:23:33
190,cv_2,job-1__1_.csv,Word2Vec-GaleShapley-v1,A evaluer,52.96,55.82,37.35,87.55,25.22,,,Skills: 55.8% | Experience: 37.4% | Education: 87.5% | Location: 25.2%,2026-05-07 19:23:33
190,cv_3,job-1__1_.csv,Word2Vec-GaleShapley-v1,A evaluer,41.96,78.97,0.0,51.88,0.0,,,Skills: 79.0% | Experience: 0.0% | Education: 51.9% | Location: 0.0%,2026-05-07 19:23:33
190,cv_4,job-1__1_.csv,Word2Vec-GaleShapley-v1,A evaluer,51.11,81.64,0.0,71.44,27.74,,,Skills: 81.6% | Experience: 0.0% | Education: 71.4% | Location: 27.7%,2026-05-07 19:23:33
190,cv_5,job-1__1_.csv,Word2Vec-GaleShapley-v1,Ecarté,33.94,47.49,0.0,53.04,28.88,,,Skills: 47.5% | Experience: 0.0% | Education: 53.0% | Location: 28.9%,2026-05-07 19:23:33
191,cv_1,job-1__1_.csv,Word2Vec-GaleShapley-v1,Retenu,62.87,74.04,78.6,38.08,39.92,,,Skills: 74.0% | Experience: 78.6% | Education: 38.1% | Location: 39.9%,2026-05-07 19:23:33
191,cv_2,job-1__1_.csv,Word2Vec-GaleShapley-v1,Ecarté,36.23,67.04,0.0,17.53,39.42,,,Skills: 67.0% | Experience: 0.0% | Education: 17.5% | Location: 39.4%,2026-05-07 19:23:33
191,cv_3,job-1__1_.csv,Word2Vec-GaleShapley-v1,Ecarté,37.77,70.72,0.0,23.29,32.13,,,Skills: 70.7% | Experience: 0.0% | Education: 23.3% | Location: 32.1%,2026-05-07 19:23:33
191,cv_4,job-1__1_.csv,Word2Vec-GaleShapley-v1,Ecarté,28.51,56.92,3.09,10.43,19.24,,,Skills: 56.9% | Experience: 3.1% | Education: 10.4% | Location: 19.2%,2026-05-07 19:23:34
191,cv_5,job-1__1_.csv,Word2Vec-GaleShapley-v1,Ecarté,12.43,19.11,0.0,0.0,31.92,,,Skills: 19.1% | Experience: 0.0% | Education: 0.0% | Location: 31.9%,2026-05-07 19:23:34
192,cv_1,job-1__1_.csv,Word2Vec-GaleShapley-v1,Retenu,61.0,77.18,69.13,38.44,34.39,,,Skills: 77.2% | Experience: 69.1% | Education: 38.4% | Location: 34.4%,2026-05-07 19:23:34
192,cv_2,job-1__1_.csv,Word2Vec-GaleShapley-v1,A evaluer,49.44,82.74,18.98,30.39,36.82,,,Skills: 82.7% | Experience: 19.0% | Education: 30.4% | Location: 36.8%,2026-05-07 19:23:34
192,cv_3,job-1__1_.csv,Word2Vec-GaleShapley-v1,A evaluer,51.73,82.82,53.57,11.12,19.93,,,Skills: 82.8% | Experience: 53.6% | Education: 11.1% | Location: 19.9%,2026-05-07 19:23:34
192,cv_4,job-1__1_.csv,Word2Vec-GaleShapley-v1,Ecarté,34.64,73.66,0.0,10.92,19.93,,,Skills: 73.7% | Experience: 0.0% | Education: 10.9% | Location: 19.9%,2026-05-07 19:23:34
192,cv_5,job-1__1_.csv,Word2Vec-GaleShapley-v1,Ecarté,20.85,41.45,0.0,0.0,28.47,,,Skills: 41.5% | Experience: 0.0% | Education: 0.0% | Location: 28.5%,2026-05-07 19:23:34
193,cv_1,job-1__1_.csv,Word2Vec-GaleShapley-v1,Retenu,63.85,78.75,57.13,56.04,45.71,,,Skills: 78.8% | Experience: 57.1% | Education: 56.0% | Location: 45.7%,2026-05-07 19:23:34
193,cv_2,job-1__1_.csv,Word2Vec-GaleShapley-v1,A evaluer,47.47,80.91,0.0,50.72,33.06,,,Skills: 80.9% | Experience: 0.0% | Education: 50.7% | Location: 33.1%,2026-05-07 19:23:34
193,cv_3,job-1__1_.csv,Word2Vec-GaleShapley-v1,A evaluer,51.4,87.38,0.0,52.59,39.53,,,Skills: 87.4% | Experience: 0.0% | Education: 52.6% | Location: 39.5%,2026-05-07 19:23:34
193,cv_4,job-1__1_.csv,Word2Vec-GaleShapley-v1,A evaluer,41.42,72.25,0.0,43.47,25.51,,,Skills: 72.2% | Experience: 0.0% | Education: 43.5% | Location: 25.5%,2026-05-07 19:23:34
193,cv_5,job-1__1_.csv,Word2Vec-GaleShapley-v1,Ecarté,14.73,20.47,0.0,0.0,43.58,,,Skills: 20.5% | Experience: 0.0% | Education: 0.0% | Location: 43.6%,2026-05-07 19:23:34
194,cv_1,job-1__1_.csv,Word2Vec-GaleShapley-v1,A evaluer,51.93,51.4,35.16,92.79,26.81,,,Skills: 51.4% | Experience: 35.2% | Education: 92.8% | Location: 26.8%,2026-05-07 19:23:34
194,cv_2,job-1__1_.csv,Word2Vec-GaleShapley-v1,A evaluer,49.48,92.74,0.0,50.2,15.66,,,Skills: 92.7% | Experience: 0.0% | Education: 50.2% | Location: 15.7%,2026-05-07 19:23:34
194,cv_3,job-1__1_.csv,Word2Vec-GaleShapley-v1,A evaluer,48.36,88.49,0.0,44.09,27.62,,,Skills: 88.5% | Experience: 0.0% | Education: 44.1% | Location: 27.6%,2026-05-07 19:23:34
194,cv_4,job-1__1_.csv,Word2Vec-GaleShapley-v1,Ecarté,30.13,34.09,0.0,75.14,9.78,,,Skills: 34.1% | Experience: 0.0% | Education: 75.1% | Location: 9.8%,2026-05-07 19:23:34
194,cv_5,job-1__1_.csv,Word2Vec-GaleShapley-v1,Ecarté,23.33,21.54,0.0,53.04,27.36,,,Skills: 21.5% | Experience: 0.0% | Education: 53.0% | Location: 27.4%,2026-05-07 19:23:34
195,cv_1,job-1__1_.csv,Word2Vec-GaleShapley-v1,Ecarté,36.41,63.41,0.0,29.82,33.86,,,Skills: 63.4% | Experience: 0.0% | Education: 29.8% | Location: 33.9%,2026-05-07 19:23:34
195,cv_2,job-1__1_.csv,Word2Vec-GaleShapley-v1,A evaluer,41.88,75.16,28.77,12.34,14.35,,,Skills: 75.2% | Experience: 28.8% | Education: 12.3% | Location: 14.3%,2026-05-07 19:23:34
195,cv_3,job-1__1_.csv,Word2Vec-GaleShapley-v1,A evaluer,48.41,91.78,28.46,4.59,24.46,,,Skills: 91.8% | Experience: 28.5% | Education: 4.6% | Location: 24.5%,2026-05-07 19:23:34
195,cv_4,job-1__1_.csv,Word2Vec-GaleShapley-v1,Ecarté,28.95,70.83,0.0,3.07,0.0,,,Skills: 70.8% | Experience: 0.0% | Education: 3.1% | Location: 0.0%,2026-05-07 19:23:34
195,cv_5,job-1__1_.csv,Word2Vec-GaleShapley-v1,Ecarté,9.46,16.6,0.0,0.0,18.82,,,Skills: 16.6% | Experience: 0.0% | Education: 0.0% | Location: 18.8%,2026-05-07 19:23:34
196,cv_1,job-1__1_.csv,Word2Vec-GaleShapley-v1,Retenu,70.81,93.79,36.79,90.03,40.61,,,Skills: 93.8% | Experience: 36.8% | Education: 90.0% | Location: 40.6%,2026-05-07 19:23:34
196,cv_2,job-1__1_.csv,Word2Vec-GaleShapley-v1,A evaluer,59.03,85.62,0.0,96.48,36.58,,,Skills: 85.6% | Experience: 0.0% | Education: 96.5% | Location: 36.6%,2026-05-07 19:23:34
196,cv_3,job-1__1_.csv,Word2Vec-GaleShapley-v1,Ecarté,34.34,73.02,0.0,12.57,17.47,,,Skills: 73.0% | Experience: 0.0% | Education: 12.6% | Location: 17.5%,2026-05-07 19:23:34
196,cv_4,job-1__1_.csv,Word2Vec-GaleShapley-v1,A evaluer,41.86,61.64,0.0,64.44,28.76,,,Skills: 61.6% | Experience: 0.0% | Education: 64.4% | Location: 28.8%,2026-05-07 19:23:34
196,cv_5,job-1__1_.csv,Word2Vec-GaleShapley-v1,Ecarté,17.35,33.12,0.0,0.0,27.34,,,Skills: 33.1% | Experience: 0.0% | Education: 0.0% | Location: 27.3%,2026-05-07 19:23:34
